date,cases_new,cases_import,cases_recovered,cases_active,cases_cluster,cases_unvax,cases_pvax,cases_fvax,cases_boost,cases_child,cases_adolescent,cases_adult,cases_elderly,cases_0_4,cases_5_11,cases_12_17,cases_18_29,cases_30_39,cases_40_49,cases_50_59,cases_60_69,cases_70_79,cases_80,cluster_import,cluster_religious,cluster_community,cluster_highRisk,cluster_education,cluster_detentionCentre,cluster_workplace
2020-01-25,4,4,0,4,0,4,0,0,0,0,0,1,0,0,0,0,0,0,1,0,0,0,0,,,,,,,
2020-01-26,0,0,0,4,0,0,0,0,0,0,0,0,0,0,0,0,0,0,0,0,0,0,0,,,,,,,
2020-01-27,0,0,0,4,0,0,0,0,0,0,0,0,0,0,0,0,0,0,0,0,0,0,0,,,,,,,
2020-01-28,0,0,0,4,0,0,0,0,0,0,0,0,0,0,0,0,0,0,0,0,0,0,0,,,,,,,
2020-01-29,3,3,0,7,0,3,0,0,0,1,0,2,0,1,0,0,0,1,0,1,0,0,0,,,,,,,
2020-01-30,1,1,0,8,0,1,0,0,0,0,0,1,0,0,0,0,0,0,1,0,0,0,0,,,,,,,
2020-01-31,0,0,0,8,0,0,0,0,0,0,0,0,0,0,0,0,0,0,0,0,0,0,0,,,,,,,
2020-02-01,0,0,0,8,0,0,0,0,0,0,0,0,0,0,0,0,0,0,0,0,0,0,0,,,,,,,
2020-02-02,0,0,0,8,0,0,0,0,0,0,0,0,0,0,0,0,0,0,0,0,0,0,0,,,,,,,
2020-02-03,0,0,0,8,0,0,0,0,0,0,0,0,0,0,0,0,0,0,0,0,0,0,0,,,,,,,
2020-02-04,2,2,0,10,0,2,0,0,0,0,0,1,1,0,0,0,0,0,1,0,1,0,0,,,,,,,
2020-02-05,2,2,1,11,0,2,0,0,0,1,0,1,0,0,1,0,0,0,1,0,0,0,0,,,,,,,
2020-02-06,2,1,0,13,0,2,0,0,0,0,0,2,0,0,0,0,0,1,1,0,0,0,0,,,,,,,
2020-02-07,1,1,0,14,0,1,0,0,0,0,0,1,0,0,0,0,0,0,0,1,0,0,0,,,,,,,
2020-02-08,1,1,1,14,0,1,0,0,0,0,0,0,1,0,0,0,0,0,0,0,1,0,0,,,,,,,
2020-02-09,1,0,1,14,0,1,0,0,0,0,0,0,1,0,0,0,0,0,0,0,1,0,0,,,,,,,
2020-02-10,1,1,0,15,0,1,0,0,0,0,0,1,0,0,0,0,0,1,0,0,0,0,0,,,,,,,
2020-02-11,0,0,0,15,0,0,0,0,0,0,0,0,0,0,0,0,0,0,0,0,0,0,0,,,,,,,
2020-02-12,0,0,0,15,0,0,0,0,0,0,0,0,0,0,0,0,0,0,0,0,0,0,0,,,,,,,
2020-02-13,0,0,0,15,0,0,0,0,0,0,0,0,0,0,0,0,0,0,0,0,0,0,0,,,,,,,
2020-02-14,1,1,4,12,0,1,0,0,0,0,0,1,0,0,0,0,0,1,0,0,0,0,0,,,,,,,
2020-02-15,3,3,1,14,0,3,0,0,0,0,0,2,1,0,0,0,1,1,0,0,0,0,1,,,,,,,
2020-02-16,0,0,0,14,0,0,0,0,0,0,0,0,0,0,0,0,0,0,0,0,0,0,0,,,,,,,
2020-02-17,0,0,3,11,0,0,0,0,0,0,0,0,0,0,0,0,0,0,0,0,0,0,0,,,,,,,
2020-02-18,0,0,2,9,0,0,0,0,0,0,0,0,0,0,0,0,0,0,0,0,0,0,0,,,,,,,
2020-02-19,0,0,4,5,0,0,0,0,0,0,0,0,0,0,0,0,0,0,0,0,0,0,0,,,,,,,
2020-02-20,0,0,0,5,0,0,0,0,0,0,0,0,0,0,0,0,0,0,0,0,0,0,0,,,,,,,
2020-02-21,0,0,0,5,0,0,0,0,0,0,0,0,0,0,0,0,0,0,0,0,0,0,0,,,,,,,
2020-02-22,0,0,1,4,0,0,0,0,0,0,0,0,0,0,0,0,0,0,0,0,0,0,0,,,,,,,
2020-02-23,0,0,0,4,0,0,0,0,0,0,0,0,0,0,0,0,0,0,0,0,0,0,0,,,,,,,
2020-02-24,0,0,2,2,0,0,0,0,0,0,0,0,0,0,0,0,0,0,0,0,0,0,0,,,,,,,
2020-02-25,0,0,0,2,0,0,0,0,0,0,0,0,0,0,0,0,0,0,0,0,0,0,0,,,,,,,
2020-02-26,0,0,0,2,0,0,0,0,0,0,0,0,0,0,0,0,0,0,0,0,0,0,0,,,,,,,
2020-02-27,1,1,2,1,0,1,0,0,0,0,0,1,0,0,0,0,0,0,0,1,0,0,0,,,,,,,
2020-02-28,2,2,0,3,0,2,0,0,0,0,0,2,0,0,0,0,0,0,2,0,0,0,0,,,,,,,
2020-02-29,0,0,0,3,0,0,0,0,0,0,0,0,0,0,0,0,0,0,0,0,0,0,0,,,,,,,
2020-03-01,4,1,0,7,0,4,0,0,0,0,0,4,0,0,0,0,1,1,1,1,0,0,0,,,,,,,
2020-03-02,0,0,0,7,0,0,0,0,0,0,0,0,0,0,0,0,0,0,0,0,0,0,0,,,,,,,
2020-03-03,7,1,0,14,0,7,0,0,0,0,0,7,0,0,0,0,0,1,4,2,0,0,0,,,,,,,
2020-03-04,14,0,1,27,0,14,0,0,0,0,0,10,4,0,0,0,1,2,3,4,4,0,0,,,,,,,
2020-03-05,5,0,0,32,0,5,0,0,0,1,0,3,1,0,1,0,0,1,2,0,1,0,0,,,,,,,
2020-03-06,28,1,0,60,0,28,0,0,0,1,1,23,3,0,1,1,3,7,2,11,3,0,0,,,,,,,
2020-03-07,10,2,1,69,0,10,0,0,0,1,0,7,2,0,1,0,1,0,2,4,2,0,0,,,,,,,
2020-03-08,6,0,1,74,0,6,0,0,0,1,0,5,0,0,1,0,2,2,0,1,0,0,0,,,,,,,
2020-03-09,18,2,1,91,0,18,0,0,0,1,0,12,5,0,1,0,1,1,4,6,5,0,0,,,,,,,
2020-03-10,12,0,0,103,0,12,0,0,0,0,0,11,1,0,0,0,6,3,0,2,0,1,0,,,,,,,
2020-03-11,20,3,1,122,2,20,0,0,0,1,1,10,8,0,1,1,4,2,1,3,7,1,0,,,,,,,
2020-03-12,9,1,6,125,4,9,0,0,0,0,0,6,3,0,0,0,0,2,1,3,2,1,0,,,,,,,
2020-03-13,39,1,0,164,34,39,0,0,0,0,0,31,8,0,0,0,8,10,3,10,4,4,0,,,,,,,
2020-03-14,41,1,4,201,35,41,0,0,0,0,0,34,7,0,0,0,7,8,10,9,5,2,0,,,,,,,
2020-03-15,190,2,5,386,175,190,0,0,0,2,3,128,48,1,1,3,35,30,28,35,38,9,1,,,,,,,
2020-03-16,125,6,0,511,108,125,0,0,0,3,3,85,31,1,2,3,24,20,21,20,22,9,0,,,,,,,
2020-03-17,120,3,7,622,109,120,0,0,0,5,3,91,21,4,1,3,32,17,26,16,18,2,1,,,,,,,
2020-03-18,117,8,11,728,96,117,0,0,0,4,8,78,26,0,4,8,14,20,15,29,19,7,0,,,,,,,
2020-03-19,110,5,15,823,85,110,0,0,0,6,7,77,20,6,0,7,15,19,24,19,16,3,1,,,,,,,
2020-03-20,130,6,12,940,111,130,0,0,0,2,7,96,22,1,1,7,35,21,21,19,18,4,0,,,,,,,
2020-03-21,153,11,27,1062,109,153,0,0,0,7,4,106,33,6,1,4,29,37,18,22,26,4,3,,,,,,,
2020-03-22,123,21,25,1156,86,123,0,0,0,2,6,95,20,0,2,6,23,31,17,24,17,3,0,,,,,,,
2020-03-23,212,29,20,1343,159,212,0,0,0,2,4,155,35,1,1,4,47,44,26,38,26,8,1,,,,,,,
2020-03-24,106,19,24,1423,69,106,0,0,0,4,8,71,18,1,3,8,22,11,16,22,13,4,1,,,,,,,
2020-03-25,172,35,16,1576,114,172,0,0,0,4,6,114,43,3,1,6,39,18,20,37,31,9,3,,,,,,,
2020-03-26,235,27,16,1790,154,235,0,0,0,12,18,168,32,6,6,18,83,32,20,33,22,3,7,,,,,,,
2020-03-27,130,19,44,1874,68,130,0,0,0,7,3,95,23,2,5,3,28,22,17,28,13,7,3,,,,,,,
2020-03-28,159,22,61,1966,102,159,0,0,0,5,8,113,32,4,1,8,46,23,16,28,19,10,3,,,,,,,
2020-03-29,150,17,68,2043,93,150,0,0,0,5,6,109,27,3,2,6,45,19,17,28,18,7,2,,,,,,,
2020-03-30,156,16,90,2105,105,156,0,0,0,10,7,117,20,4,6,7,47,19,22,29,12,7,1,,,,,,,
2020-03-31,140,17,58,2182,80,140,0,0,0,4,7,100,28,2,2,7,40,27,11,22,19,7,2,,,,,,,
2020-04-01,142,15,108,2214,70,142,0,0,0,7,9,103,22,1,6,9,31,27,12,33,16,3,3,,,,,,,
2020-04-02,208,36,122,2298,99,208,0,0,0,8,13,142,37,2,6,13,54,30,19,39,29,7,1,,,,,,,
2020-04-03,217,21,60,2450,129,217,0,0,0,6,19,164,25,2,4,19,79,38,23,24,13,6,6,,,,,,,
2020-04-04,150,17,88,2509,109,150,0,0,0,2,8,111,15,1,1,8,35,22,24,30,13,1,1,,,,,,,
2020-04-05,179,21,90,2596,95,179,0,0,0,17,19,114,23,6,11,19,45,23,22,24,14,3,6,,,,,,,
2020-04-06,131,19,236,2489,80,131,0,0,0,13,6,77,30,4,9,6,31,13,20,13,23,6,1,,,,,,,
2020-04-07,170,19,80,2578,77,170,0,0,0,13,14,112,23,4,9,14,44,36,13,19,14,6,3,,,,,,,
2020-04-08,156,20,166,2567,61,156,0,0,0,8,20,101,26,3,5,20,38,26,15,22,19,7,0,,,,,,,
2020-04-09,109,20,121,2553,53,109,0,0,0,5,5,84,14,3,2,5,29,27,15,13,13,0,1,,,,,,,
2020-04-10,118,20,222,2446,56,118,0,0,0,2,11,84,20,0,2,11,35,20,9,20,13,3,4,,,,,,,
2020-04-11,184,10,165,2462,114,184,0,0,0,14,9,116,18,4,10,9,43,36,18,19,12,5,1,,,,,,,
2020-04-12,153,14,113,2497,86,153,0,0,0,12,9,84,17,4,8,9,34,26,12,12,13,3,1,,,,,,,
2020-04-13,134,8,168,2462,69,134,0,0,0,3,11,99,10,0,3,11,46,13,15,25,9,1,0,,,,,,,
2020-04-14,170,12,202,2427,115,170,0,0,0,6,10,124,25,1,5,10,61,36,12,15,17,8,0,,,,,,,
2020-04-15,85,4,169,2341,51,85,0,0,0,3,3,55,24,0,3,3,17,16,9,13,18,5,1,,,,,,,
2020-04-16,110,3,119,2330,49,110,0,0,0,15,15,62,16,4,11,15,25,16,15,6,14,1,1,,,,,,,
2020-04-17,69,6,201,2197,37,69,0,0,0,7,7,44,8,1,6,7,19,11,8,6,5,1,2,,,,,,,
2020-04-18,54,6,135,2116,36,54,0,0,0,4,5,37,8,4,0,5,9,14,8,6,4,4,0,,,,,,,
2020-04-19,84,48,95,2104,17,84,0,0,0,4,7,66,3,1,3,7,52,6,6,2,1,1,1,,,,,,,
2020-04-20,36,13,98,2041,5,36,0,0,0,2,3,26,5,0,2,3,16,4,4,2,2,0,3,,,,,,,
2020-04-21,57,18,54,2042,15,57,0,0,0,1,9,43,4,1,0,9,25,9,5,4,4,0,0,,,,,,,
2020-04-22,50,5,103,1987,24,50,0,0,0,0,4,33,5,0,0,4,12,13,5,3,2,2,1,,,,,,,
2020-04-23,71,20,90,1967,42,71,0,0,0,2,4,39,4,2,0,4,30,4,3,2,2,1,1,,,,,,,
2020-04-24,88,15,121,1933,67,88,0,0,0,3,6,38,2,3,0,6,25,5,5,3,1,1,0,,,,,,,
2020-04-25,51,4,99,1883,40,51,0,0,0,2,3,19,6,0,2,3,8,6,4,1,5,1,0,,,,,,,
2020-04-26,38,5,100,1821,25,38,0,0,0,1,2,22,8,0,1,2,4,5,9,4,7,1,0,,,,,,,
2020-04-27,40,5,95,1765,17,40,0,0,0,4,0,18,2,2,2,0,5,6,5,2,2,0,0,,,,,,,
2020-04-28,31,10,75,1720,7,31,0,0,0,1,1,17,4,1,0,1,9,2,2,4,3,0,1,,,,,,,
2020-04-29,94,72,55,1758,13,94,0,0,0,0,6,84,1,0,0,6,66,10,6,2,1,0,0,,,,,,,
2020-04-30,57,26,84,1729,8,57,0,0,0,3,4,44,5,1,2,4,17,16,6,5,2,2,1,,,,,,,
2020-05-01,69,12,39,1759,5,69,0,0,0,1,3,35,1,1,0,3,20,8,2,5,1,0,0,,,,,,,
2020-05-02,105,11,116,1747,53,105,0,0,0,6,4,87,4,3,3,4,34,28,14,11,2,2,0,,,,,,,
2020-05-03,122,52,87,1781,21,122,0,0,0,2,18,89,3,0,2,18,62,13,8,6,1,2,0,,,,,,,
2020-05-04,55,7,71,1765,27,55,0,0,0,2,4,42,0,0,2,4,12,18,8,4,0,0,0,,,,,,,
2020-05-05,30,1,83,1710,22,30,0,0,0,0,0,23,2,0,0,0,11,8,2,2,1,0,1,,,,,,,
2020-05-06,45,1,135,1620,28,45,0,0,0,0,4,33,5,0,0,4,17,10,3,3,4,1,0,,,,,,,
2020-05-07,39,1,74,1584,27,39,0,0,0,0,2,25,4,0,0,2,17,4,3,1,3,1,0,,,,,,,
2020-05-08,68,4,88,1564,57,68,0,0,0,0,1,65,1,0,0,1,33,24,7,1,0,1,0,,,,,,,
2020-05-09,54,1,65,1552,31,54,0,0,0,0,0,47,1,0,0,0,14,28,2,3,0,1,0,,,,,,,
2020-05-10,67,0,96,1522,47,67,0,0,0,0,5,58,1,0,0,5,29,24,4,1,0,1,0,,,,,,,
2020-05-11,70,13,88,1504,3,70,0,0,0,4,4,56,4,4,0,4,20,12,16,8,3,1,0,,,,,,,
2020-05-12,16,3,110,1409,2,16,0,0,0,0,0,8,1,0,0,0,1,3,0,4,1,0,0,,,,,,,
2020-05-13,37,4,58,1386,25,37,0,0,0,2,0,32,2,0,2,0,15,15,1,1,1,1,0,,,,,,,
2020-05-14,40,0,70,1356,5,40,0,0,0,0,2,23,0,0,0,2,11,9,3,0,0,0,0,,,,,,,
2020-05-15,36,1,88,1304,14,36,0,0,0,0,1,20,5,0,0,1,16,2,1,1,2,0,3,,,,,,,
2020-05-16,17,6,73,1248,0,17,0,0,0,1,1,14,1,1,0,1,5,5,2,2,0,0,1,,,,,,,
2020-05-17,22,5,59,1211,12,22,0,0,0,0,1,17,1,0,0,1,11,2,2,2,1,0,0,,,,,,,
2020-05-18,47,21,44,1213,2,47,0,0,0,0,0,36,3,0,0,0,22,8,3,3,1,2,0,,,,,,,
2020-05-19,37,2,31,1219,1,37,0,0,0,1,1,22,5,1,0,1,8,7,7,0,2,1,2,,,,,,,
2020-05-20,31,10,60,1190,0,31,0,0,0,1,1,24,1,1,0,1,8,8,4,4,1,0,0,,,,,,,
2020-05-21,50,3,90,1149,0,50,0,0,0,0,2,12,1,0,0,2,6,2,3,1,1,0,0,,,,,,,
2020-05-22,78,26,63,1164,13,78,0,0,0,0,8,39,2,0,0,8,28,5,6,0,2,0,0,,,,,,,
2020-05-23,48,4,53,1159,2,48,0,0,0,2,0,41,4,1,1,0,22,12,3,4,1,2,1,,,,,,,
2020-05-24,60,7,33,1186,8,60,0,0,0,1,3,51,2,0,1,3,29,14,5,3,2,0,0,,,,,,,
2020-05-25,172,5,34,1324,0,172,0,0,0,0,2,89,2,0,0,2,34,41,10,4,1,0,1,,,,,,,
2020-05-26,187,10,62,1449,0,187,0,0,0,1,1,107,2,1,0,1,26,45,27,9,2,0,0,,,,,,,
2020-05-27,15,6,42,1422,0,15,0,0,0,1,0,12,0,1,0,0,7,1,4,0,0,0,0,,,,,,,
2020-05-28,10,0,86,1346,0,10,0,0,0,0,1,5,0,0,0,1,3,0,2,0,0,0,0,,,,,,,
2020-05-29,103,7,66,1383,1,103,0,0,0,1,3,71,1,0,1,3,27,38,4,2,1,0,0,,,,,,,
2020-05-30,30,3,95,1318,4,30,0,0,0,0,2,11,4,0,0,2,9,1,1,0,3,1,0,,,,,,,
2020-05-31,57,10,23,1352,17,57,0,0,0,1,2,48,1,1,0,2,26,10,9,3,1,0,0,,,,,,,
2020-06-01,38,26,51,1339,1,38,0,0,0,3,1,31,0,1,2,1,23,4,3,1,0,0,0,,,,,,,
2020-06-02,20,15,66,1293,0,20,0,0,0,1,0,19,0,0,1,0,14,3,2,0,0,0,0,,,,,,,
2020-06-03,93,0,61,1325,0,93,0,0,0,1,29,57,0,0,1,29,23,33,1,0,0,0,0,,,,,,,
2020-06-04,277,2,28,1573,1,277,0,0,0,1,3,255,2,1,0,3,109,72,50,24,1,1,0,,,,,,,
2020-06-05,19,7,51,1540,1,19,0,0,0,3,2,11,1,3,0,2,6,3,1,1,0,0,1,,,,,,,
2020-06-06,37,8,25,1552,2,37,0,0,0,3,3,23,1,1,2,3,10,6,5,2,0,0,1,,,,,,,
2020-06-07,19,6,39,1532,0,19,0,0,0,1,2,13,2,0,1,2,7,2,1,3,1,1,0,,,,,,,
2020-06-08,7,2,20,1519,2,7,0,0,0,1,0,6,0,1,0,0,3,3,0,0,0,0,0,,,,,,,
2020-06-09,7,6,281,1245,0,7,0,0,0,0,0,6,0,0,0,0,5,1,0,0,0,0,0,,,,,,,
2020-06-10,2,1,39,1207,0,2,0,0,0,0,0,2,0,0,0,0,1,0,1,0,0,0,0,,,,,,,
2020-06-11,31,11,51,1186,1,31,0,0,0,0,1,28,0,0,0,1,23,4,1,0,0,0,0,,,,,,,
2020-06-12,33,16,103,1114,0,33,0,0,0,2,1,23,1,1,1,1,15,5,2,1,0,0,1,,,,,,,
2020-06-13,43,5,143,1014,1,43,0,0,0,12,8,21,2,6,6,8,8,8,3,2,0,0,2,,,,,,,
2020-06-14,8,2,35,987,1,8,0,0,0,0,0,3,1,0,0,0,1,0,2,0,0,0,1,,,,,,,
2020-06-15,41,3,54,974,5,41,0,0,0,7,3,27,2,3,4,3,16,6,4,1,1,1,0,,,,,,,
2020-06-16,11,1,333,652,4,11,0,0,0,0,1,9,0,0,0,1,5,1,1,2,0,0,0,,,,,,,
2020-06-17,10,0,140,522,6,10,0,0,0,2,1,4,3,2,0,1,2,1,1,0,3,0,0,,,,,,,
2020-06-18,14,3,127,409,2,14,0,0,0,0,0,13,1,0,0,0,4,5,3,1,0,1,0,,,,,,,
2020-06-19,6,2,70,345,1,6,0,0,0,0,1,4,1,0,0,1,1,1,2,0,1,0,0,,,,,,,
2020-06-20,21,2,76,290,9,21,0,0,0,0,6,4,4,0,0,6,1,1,2,0,4,0,0,,,,,,,
2020-06-21,16,3,10,296,2,16,0,0,0,0,0,14,2,0,0,0,4,7,1,2,2,0,0,,,,,,,
2020-06-22,15,2,21,290,0,15,0,0,0,0,0,15,0,0,0,0,6,5,3,1,0,0,0,,,,,,,
2020-06-23,3,0,9,284,2,3,0,0,0,0,0,2,1,0,0,0,2,0,0,0,0,0,1,,,,,,,
2020-06-24,6,2,45,245,2,6,0,0,0,0,1,5,0,0,0,1,0,2,3,0,0,0,0,,,,,,,
2020-06-25,4,3,40,209,0,4,0,0,0,0,0,3,1,0,0,0,1,1,1,0,1,0,0,,,,,,,
2020-06-26,6,5,23,192,0,6,0,0,0,0,1,4,1,0,0,1,2,1,1,0,1,0,0,,,,,,,
2020-06-27,10,4,14,188,0,10,0,0,0,1,2,7,0,0,1,2,1,3,1,2,0,0,0,,,,,,,
2020-06-28,18,4,10,196,0,18,0,0,0,1,0,17,0,1,0,0,10,5,2,0,0,0,0,,,,,,,
2020-06-29,3,1,16,183,0,3,0,0,0,1,0,2,0,0,1,0,1,1,0,0,0,0,0,,,,,,,
2020-06-30,2,1,20,165,0,2,0,0,0,0,0,2,0,0,0,0,1,1,0,0,0,0,0,,,,,,,
2020-07-01,1,1,21,145,0,1,0,0,0,0,0,1,0,0,0,0,1,0,0,0,0,0,0,,,,,,,
2020-07-02,3,1,62,86,1,3,0,0,0,0,0,3,0,0,0,0,1,0,2,0,0,0,0,,,,,,,
2020-07-03,5,3,9,82,0,5,0,0,0,0,0,4,1,0,0,0,2,0,1,1,1,0,0,,,,,,,
2020-07-04,10,7,15,77,0,10,0,0,0,4,0,6,0,1,3,0,0,4,2,0,0,0,0,,,,,,,
2020-07-05,5,3,4,78,0,5,0,0,0,1,0,3,1,1,0,0,0,1,1,1,1,0,0,,,,,,,
2020-07-06,5,3,11,72,1,5,0,0,0,0,0,5,0,0,0,0,2,1,2,0,0,0,0,,,,,,,
2020-07-07,6,4,5,73,0,6,0,0,0,0,0,6,0,0,0,0,3,2,0,1,0,0,0,,,,,,,
2020-07-08,3,3,5,71,0,3,0,0,0,0,0,3,0,0,0,0,0,2,1,0,0,0,0,,,,,,,
2020-07-09,6,6,13,64,0,6,0,0,0,1,1,4,0,0,1,1,2,1,0,1,0,0,0,,,,,,,
2020-07-10,13,8,12,64,0,13,0,0,0,0,3,9,1,0,0,3,2,3,4,0,1,0,0,,,,,,,
2020-07-11,8,4,4,68,0,8,0,0,0,0,0,6,2,0,0,0,5,1,0,0,0,1,1,,,,,,,
2020-07-12,14,3,4,78,0,14,0,0,0,0,0,12,0,0,0,0,6,5,1,0,0,0,0,,,,,,,
2020-07-13,7,6,1,84,1,7,0,0,0,0,0,6,1,0,0,0,2,0,1,3,0,1,0,,,,,,,
2020-07-14,4,4,4,84,0,4,0,0,0,0,0,4,0,0,0,0,1,1,1,1,0,0,0,,,,,,,
2020-07-15,5,1,2,87,2,5,0,0,0,0,0,5,0,0,0,0,1,0,3,1,0,0,0,,,,,,,
2020-07-16,3,1,12,78,2,3,0,0,0,0,0,3,0,0,0,0,1,1,1,0,0,0,0,,,,,,,
2020-07-17,18,10,3,92,8,18,0,0,0,3,0,12,3,1,2,0,4,6,1,1,3,0,0,,,,,,,
2020-07-18,9,4,5,96,0,9,0,0,0,0,0,6,3,0,0,0,1,2,1,2,2,1,0,,,,,,,
2020-07-19,15,4,7,104,5,15,0,0,0,0,0,12,2,0,0,0,3,4,3,2,0,2,0,,,,,,,
2020-07-20,21,6,2,123,13,21,0,0,0,1,0,9,10,1,0,0,4,3,0,2,1,3,6,,,,,,,
2020-07-21,15,4,7,131,0,15,0,0,0,0,1,13,1,0,0,1,3,4,5,1,0,1,0,,,,,,,
2020-07-22,16,8,4,143,0,16,0,0,0,0,0,12,4,0,0,0,4,4,0,4,2,2,0,,,,,,,
2020-07-23,9,3,8,144,0,9,0,0,0,0,0,8,1,0,0,0,3,4,1,0,1,0,0,,,,,,,
2020-07-24,21,5,3,162,2,21,0,0,0,0,0,18,3,0,0,0,3,4,10,1,2,0,1,,,,,,,
2020-07-25,23,6,17,168,2,23,0,0,0,0,0,20,3,0,0,0,5,7,4,4,2,1,0,,,,,,,
2020-07-26,13,3,6,174,0,13,0,0,0,1,0,12,0,0,1,0,7,2,3,0,0,0,0,,,,,,,
2020-07-27,7,4,1,180,0,7,0,0,0,1,0,5,1,0,1,0,3,2,0,0,1,0,0,,,,,,,
2020-07-28,39,11,6,213,1,39,0,0,0,4,1,29,4,1,3,1,8,6,6,9,2,2,0,,,,,,,
2020-07-29,13,8,5,220,0,13,0,0,0,0,1,11,1,0,0,1,2,5,1,3,1,0,0,,,,,,,
2020-07-30,8,3,5,223,0,8,0,0,0,0,0,5,3,0,0,0,0,2,1,2,1,2,0,,,,,,,
2020-07-31,12,5,27,208,0,12,0,0,0,0,0,11,1,0,0,0,2,5,1,3,1,0,0,,,,,,,
2020-08-01,9,7,3,214,0,9,0,0,0,0,0,6,3,0,0,0,2,1,1,2,2,0,1,,,,,,,
2020-08-02,14,1,17,211,0,14,0,0,0,4,1,9,0,2,2,1,2,3,1,3,0,0,0,,,,,,,
2020-08-03,2,0,4,209,0,2,0,0,0,0,0,1,1,0,0,0,1,0,0,0,1,0,0,,,,,,,
2020-08-04,1,0,16,194,0,1,0,0,0,0,0,1,0,0,0,0,0,1,0,0,0,0,0,,,,,,,
2020-08-05,21,15,18,197,0,21,0,0,0,2,1,16,2,0,2,1,10,4,1,1,1,1,0,,,,,,,
2020-08-06,15,5,11,201,0,15,0,0,0,2,0,12,1,1,1,0,4,4,1,3,1,0,0,,,,,,,
2020-08-07,25,9,15,211,1,25,0,0,0,3,2,18,2,2,1,2,8,4,4,2,2,0,0,,,,,,,
2020-08-08,7,6,47,171,0,7,0,0,0,0,0,7,0,0,0,0,2,1,3,1,0,0,0,,,,,,,
2020-08-09,13,9,9,175,1,13,0,0,0,0,0,12,1,0,0,0,3,3,6,0,0,1,0,,,,,,,
2020-08-10,11,5,19,166,0,11,0,0,0,1,0,10,0,1,0,0,7,1,1,1,0,0,0,,,,,,,
2020-08-11,9,5,6,169,0,9,0,0,0,0,0,8,1,0,0,0,4,2,2,0,0,1,0,,,,,,,
2020-08-12,11,8,8,172,2,11,0,0,0,0,0,9,2,0,0,0,3,3,0,3,2,0,0,,,,,,,
2020-08-13,15,4,4,183,9,15,0,0,0,0,2,12,1,0,0,2,5,2,2,3,1,0,0,,,,,,,
2020-08-14,20,7,7,196,13,20,0,0,0,1,0,18,1,1,0,0,2,11,1,4,1,0,0,,,,,,,
2020-08-15,26,3,3,219,16,26,0,0,0,4,1,18,3,2,2,1,3,5,6,4,1,1,1,,,,,,,
2020-08-16,25,16,28,216,6,25,0,0,0,3,1,20,0,2,1,1,7,7,4,2,0,0,0,,,,,,,
2020-08-17,12,2,17,211,9,12,0,0,0,1,2,7,2,0,1,2,2,3,0,2,2,0,0,,,,,,,
2020-08-18,7,4,26,192,3,7,0,0,0,3,1,2,1,2,1,1,1,1,0,0,0,1,0,,,,,,,
2020-08-19,16,4,23,185,11,16,0,0,0,2,1,10,3,0,2,1,0,3,7,0,2,1,0,,,,,,,
2020-08-20,5,5,7,183,0,5,0,0,0,0,0,5,0,0,0,0,1,2,0,2,0,0,0,,,,,,,
2020-08-21,9,4,13,179,3,9,0,0,0,1,0,8,0,0,1,0,4,2,2,0,0,0,0,,,,,,,
2020-08-22,8,3,4,183,5,8,0,0,0,0,1,7,0,0,0,1,3,1,0,3,0,0,0,,,,,,,
2020-08-23,10,8,10,183,2,10,0,0,0,0,0,9,1,0,0,0,6,2,1,0,1,0,0,,,,,,,
2020-08-24,7,2,6,184,0,7,0,0,0,0,0,7,0,0,0,0,2,3,1,1,0,0,0,,,,,,,
2020-08-25,11,2,6,189,6,11,0,0,0,2,4,3,2,0,2,4,1,1,1,0,1,1,0,,,,,,,
2020-08-26,6,1,7,188,5,6,0,0,0,3,0,2,1,0,3,0,0,0,1,1,0,1,0,,,,,,,
2020-08-27,5,2,16,177,0,5,0,0,0,0,0,4,1,0,0,0,1,1,2,0,0,1,0,,,,,,,
2020-08-28,10,8,36,151,2,10,0,0,0,1,0,8,1,1,0,0,2,4,1,1,0,0,1,,,,,,,
2020-08-29,11,10,8,153,0,11,0,0,0,0,0,7,4,0,0,0,2,3,1,1,1,3,0,,,,,,,
2020-08-30,17,15,10,159,1,17,0,0,0,4,0,13,0,3,1,0,5,5,2,1,0,0,0,,,,,,,
2020-08-31,6,4,6,159,2,6,0,0,0,1,0,4,1,0,1,0,0,3,1,0,1,0,0,,,,,,,
2020-09-01,14,5,21,151,9,14,0,0,0,1,1,11,1,0,1,1,4,4,3,0,1,0,0,,,,,,,
2020-09-02,6,4,4,153,1,6,0,0,0,0,0,6,0,0,0,0,0,3,2,1,0,0,0,,,,,,,
2020-09-03,14,4,4,163,8,14,0,0,0,2,2,8,2,2,0,2,1,5,2,0,2,0,0,,,,,,,
2020-09-04,11,7,9,165,3,11,0,0,0,1,0,9,1,1,0,0,1,6,2,0,1,0,0,,,,,,,
2020-09-05,6,4,21,150,1,6,0,0,0,0,0,5,1,0,0,0,1,1,3,0,0,0,1,,,,,,,
2020-09-06,6,3,2,154,2,6,0,0,0,1,0,4,1,1,0,0,0,1,2,1,0,0,1,,,,,,,
2020-09-07,62,6,9,207,54,62,0,0,0,1,3,56,2,1,0,3,21,18,12,5,2,0,0,,,,,,,
2020-09-08,100,15,12,295,85,100,0,0,0,6,3,90,1,4,2,3,40,25,15,10,1,0,0,,,,,,,
2020-09-09,24,6,7,312,17,24,0,0,0,4,3,13,4,3,1,3,4,5,3,1,2,1,1,,,,,,,
2020-09-10,45,1,24,333,43,45,0,0,0,2,1,41,1,1,1,1,13,10,11,7,1,0,0,,,,,,,
2020-09-11,182,1,14,501,181,182,0,0,0,3,0,176,3,1,2,0,54,69,36,17,3,0,0,,,,,,,
2020-09-12,58,5,8,551,53,58,0,0,0,5,1,47,5,2,3,1,17,18,9,3,5,0,0,,,,,,,
2020-09-13,47,2,7,591,24,47,0,0,0,0,0,42,5,0,0,0,16,14,9,3,1,4,0,,,,,,,
2020-09-14,31,3,7,614,19,31,0,0,0,1,2,23,5,0,1,2,7,6,7,3,2,3,0,,,,,,,
2020-09-15,23,10,6,631,13,23,0,0,0,3,3,17,0,2,1,3,7,5,4,1,0,0,0,,,,,,,
2020-09-16,62,1,26,667,51,62,0,0,0,4,4,53,1,0,4,4,14,23,11,5,1,0,0,,,,,,,
2020-09-17,21,5,15,673,9,21,0,0,0,1,0,15,5,1,0,0,7,4,1,3,2,2,1,,,,,,,
2020-09-18,95,4,14,753,87,95,0,0,0,13,3,71,7,4,9,3,20,25,17,9,7,0,0,,,,,,,
2020-09-19,20,3,51,721,10,20,0,0,0,7,1,10,2,1,6,1,4,1,3,2,0,2,0,,,,,,,
2020-09-20,52,12,40,733,33,52,0,0,0,4,2,43,3,0,4,2,12,16,11,4,3,0,0,,,,,,,
2020-09-21,57,6,40,750,39,57,0,0,0,11,7,35,3,4,7,7,15,9,8,3,1,2,0,,,,,,,
2020-09-22,82,10,168,663,67,82,0,0,0,7,5,69,1,1,6,5,27,23,13,6,1,0,0,,,,,,,
2020-09-23,147,4,39,769,130,147,0,0,0,7,3,131,6,2,5,3,48,39,32,12,4,1,1,,,,,,,
2020-09-24,72,2,64,777,63,72,0,0,0,3,7,40,8,0,3,7,13,11,11,5,7,1,0,,,,,,,
2020-09-25,110,4,30,857,95,110,0,0,0,6,18,75,11,0,6,18,18,16,20,21,8,3,0,,,,,,,
2020-09-26,82,3,89,849,64,82,0,0,0,3,1,75,3,2,1,1,20,31,16,8,1,2,0,,,,,,,
2020-09-27,150,4,50,948,124,150,0,0,0,19,28,80,6,5,14,28,28,24,15,13,3,1,2,,,,,,,
2020-09-28,115,3,54,1008,96,115,0,0,0,10,9,84,12,3,7,9,27,27,19,11,7,5,0,,,,,,,
2020-09-29,101,4,50,1059,66,101,0,0,0,6,5,75,7,3,3,5,25,30,13,7,7,0,0,,,,,,,
2020-09-30,89,3,28,1120,41,89,0,0,0,6,0,71,12,5,1,0,19,24,17,11,7,4,1,,,,,,,
2020-10-01,260,1,47,1333,212,260,0,0,0,44,16,136,16,23,21,16,38,49,24,25,14,1,1,,,,,,,
2020-10-02,287,0,81,1536,205,287,0,0,0,5,0,253,16,3,2,0,65,84,59,45,16,0,0,,,,,,,
2020-10-03,317,0,121,1731,185,317,0,0,0,28,2,258,15,6,22,2,86,86,49,37,6,8,1,,,,,,,
2020-10-04,293,1,67,1955,179,293,0,0,0,7,3,258,12,3,4,3,93,78,55,32,10,2,0,,,,,,,
2020-10-05,432,3,57,2327,325,432,0,0,0,16,11,366,18,4,12,11,121,114,84,47,15,2,1,,,,,,,
2020-10-06,691,3,87,2930,487,691,0,0,0,27,8,616,33,14,13,8,180,224,137,75,25,6,2,,,,,,,
2020-10-07,489,2,74,3342,230,489,0,0,0,28,7,400,49,7,21,7,128,127,86,59,34,11,4,,,,,,,
2020-10-08,375,4,18,3694,128,375,0,0,0,30,16,264,52,11,19,16,87,75,49,53,41,9,2,,,,,,,
2020-10-09,354,2,188,3856,167,354,0,0,0,28,10,277,38,15,13,10,83,81,55,58,31,6,1,,,,,,,
2020-10-10,374,2,73,4154,157,374,0,0,0,27,12,298,34,11,16,12,82,82,75,59,26,7,1,,,,,,,
2020-10-11,561,8,133,4579,152,561,0,0,0,48,36,402,63,20,28,36,123,126,88,65,47,7,9,,,,,,,
2020-10-12,563,1,109,5030,293,563,0,0,0,39,20,302,38,13,26,20,90,93,66,53,28,7,3,,,,,,,
2020-10-13,660,2,350,5336,284,660,0,0,0,44,32,490,90,10,34,32,158,147,109,76,65,12,13,,,,,,,
2020-10-14,660,6,233,5759,297,660,0,0,0,73,31,496,58,27,46,31,151,175,103,67,48,9,1,,,,,,,
2020-10-15,589,3,409,5936,297,589,0,0,0,53,31,358,84,15,38,31,122,118,66,52,66,14,4,,,,,,,
2020-10-16,629,2,245,6314,196,629,0,0,0,83,54,443,45,31,52,54,137,137,103,66,31,14,0,,,,,,,
2020-10-17,869,0,302,6875,449,869,0,0,0,109,39,659,52,73,36,39,219,196,142,102,42,7,3,,,,,,,
2020-10-18,871,5,701,7043,298,871,0,0,0,83,67,578,85,30,53,67,191,160,124,103,68,13,4,,,,,,,
2020-10-19,865,7,455,7446,378,865,0,0,0,98,50,617,57,37,61,50,224,172,129,92,38,12,7,,,,,,,
2020-10-20,862,2,634,7670,419,862,0,0,0,68,49,647,52,28,40,49,235,204,121,87,42,3,7,,,,,,,
2020-10-21,732,8,580,7815,219,732,0,0,0,109,54,514,52,46,63,54,197,142,92,83,34,13,5,,,,,,,
2020-10-22,847,5,486,8165,408,847,0,0,0,104,87,607,45,39,65,87,210,172,124,101,32,9,4,,,,,,,
2020-10-23,710,1,467,8399,356,710,0,0,0,53,49,563,42,23,30,49,206,181,102,74,36,4,2,,,,,,,
2020-10-24,1228,11,671,8953,789,1228,0,0,0,94,92,925,64,37,57,92,273,330,193,129,48,13,3,,,,,,,
2020-10-25,823,0,579,9191,404,823,0,0,0,74,49,611,53,23,51,49,211,194,123,83,40,10,3,,,,,,,
2020-10-26,1240,2,691,9738,752,1240,0,0,0,93,47,1027,67,39,54,47,303,392,223,109,51,12,4,,,,,,,
2020-10-27,835,5,674,9897,404,835,0,0,0,68,54,481,50,22,46,54,185,142,85,69,35,12,3,,,,,,,
2020-10-28,801,2,573,10115,284,801,0,0,0,90,65,581,57,25,65,65,194,173,136,78,35,15,7,,,,,,,
2020-10-29,649,7,685,10075,275,649,0,0,0,65,40,500,31,24,41,40,211,133,95,61,25,6,0,,,,,,,
2020-10-30,799,0,491,10380,392,799,0,0,0,67,52,629,49,17,50,52,238,207,119,65,35,12,2,,,,,,,
2020-10-31,659,1,1000,10034,281,659,0,0,0,71,65,473,44,19,52,65,181,161,84,47,28,13,3,,,,,,,
2020-11-01,957,0,972,10015,396,957,0,0,0,103,76,684,51,42,61,76,267,200,119,98,36,12,3,,,,,,,
2020-11-02,834,3,900,9944,299,834,0,0,0,86,73,613,50,35,51,73,229,181,119,84,38,10,2,,,,,,,
2020-11-03,1054,14,875,10115,589,1054,0,0,0,103,68,812,58,45,58,68,309,265,144,94,45,7,6,,,,,,,
2020-11-04,1032,3,820,10320,414,1032,0,0,0,104,62,767,83,53,51,62,333,227,115,92,60,18,4,,,,,,,
2020-11-05,1009,9,839,10484,424,1009,0,0,0,69,60,782,65,24,45,60,303,211,148,120,50,14,1,,,,,,,
2020-11-06,1755,3,726,11509,1148,1755,0,0,0,149,112,1371,76,62,87,112,519,440,250,162,59,12,5,,,,,,,
2020-11-07,1168,0,1029,11646,679,1168,0,0,0,98,106,882,57,38,60,106,401,253,145,83,47,7,3,,,,,,,
2020-11-08,852,13,825,11669,345,852,0,0,0,105,54,641,42,40,65,54,254,217,96,74,30,11,1,,,,,,,
2020-11-09,972,5,1345,11295,573,972,0,0,0,103,99,648,62,44,59,99,284,191,97,76,44,13,5,,,,,,,
2020-11-10,869,1,725,11437,471,869,0,0,0,87,41,666,41,38,49,41,298,196,125,47,26,13,2,,,,,,,
2020-11-11,822,7,769,11488,503,822,0,0,0,51,27,684,46,20,31,27,342,206,79,57,33,8,5,,,,,,,
2020-11-12,919,3,996,11411,582,919,0,0,0,83,54,697,37,34,49,54,321,221,96,59,27,9,1,,,,,,,
2020-11-13,1304,4,900,11812,838,1304,0,0,0,103,86,1029,60,24,79,86,449,333,158,89,41,10,9,,,,,,,
2020-11-14,1114,2,803,12114,754,1114,0,0,0,85,48,917,32,22,63,48,478,284,92,63,23,9,0,,,,,,,
2020-11-15,1208,6,1013,12306,835,1208,0,0,0,77,60,1018,43,33,44,60,387,407,171,53,35,7,1,,,,,,,
2020-11-16,1103,1,821,12585,795,1103,0,0,0,67,31,928,33,26,41,31,367,341,169,51,20,7,6,,,,,,,
2020-11-17,1210,19,1018,12774,926,1210,0,0,0,75,34,1003,53,26,49,34,388,305,234,76,39,11,3,,,,,,,
2020-11-18,660,4,630,12799,456,660,0,0,0,52,36,532,29,16,36,36,203,170,94,65,20,8,1,,,,,,,
2020-11-19,1290,5,878,13207,977,1290,0,0,0,83,59,1071,54,28,55,59,463,367,157,84,41,9,4,,,,,,,
2020-11-20,958,5,956,13206,573,958,0,0,0,90,51,645,55,29,61,51,301,174,99,71,41,10,4,,,,,,,
2020-11-21,1041,2,1405,12838,671,1041,0,0,0,52,35,887,52,28,24,35,440,281,96,70,37,8,7,,,,,,,
2020-11-22,1096,6,1104,12826,767,1096,0,0,0,44,26,925,38,18,26,26,470,306,104,45,25,9,4,,,,,,,
2020-11-23,1884,2,883,13823,1572,1884,0,0,0,64,35,1164,45,21,43,35,585,391,139,49,26,15,4,,,,,,,
2020-11-24,2188,0,1673,14338,1896,2188,0,0,0,50,25,870,44,18,32,25,401,306,114,49,29,10,5,,,,,,,
2020-11-25,970,5,2348,12956,685,970,0,0,0,64,41,772,59,23,41,41,288,267,146,71,43,8,8,,,,,,,
2020-11-26,935,4,2555,11333,536,935,0,0,0,62,36,704,55,23,39,36,293,223,123,65,42,10,3,,,,,,,
2020-11-27,1109,10,1148,11292,662,1109,0,0,0,76,51,911,59,30,46,51,384,301,145,81,40,15,4,,,,,,,
2020-11-28,1315,5,1110,11492,974,1315,0,0,0,87,59,1122,45,34,53,59,495,397,168,62,32,11,2,,,,,,,
2020-11-29,1309,1,1333,11462,953,1309,0,0,0,59,33,1131,55,22,37,33,396,447,193,95,33,16,6,,,,,,,
2020-11-30,1212,9,2112,10556,749,1212,0,0,0,61,40,1050,60,27,34,40,422,380,164,84,40,13,7,,,,,,,
2020-12-01,1472,5,1552,10476,1153,1472,0,0,0,51,31,1099,39,17,34,31,630,335,83,51,26,9,4,,,,,,,
2020-12-02,851,4,658,10663,444,851,0,0,0,80,42,663,59,26,54,42,286,187,127,63,45,12,2,,,,,,,
2020-12-03,1075,3,948,10789,648,1075,0,0,0,83,43,826,52,30,53,43,387,252,115,72,38,12,2,,,,,,,
2020-12-04,1141,3,1144,10785,666,1141,0,0,0,91,56,744,71,35,56,56,348,213,119,64,50,15,6,,,,,,,
2020-12-05,1123,5,1143,10761,638,1123,0,0,0,74,73,901,71,29,45,73,362,321,122,96,54,13,4,,,,,,,
2020-12-06,1335,3,1069,11025,870,1335,0,0,0,71,39,1088,64,24,47,39,498,366,144,80,47,16,1,,,,,,,
2020-12-07,1600,3,1033,11588,1038,1600,0,0,0,74,50,1306,88,32,42,50,425,491,272,118,62,20,6,,,,,,,
2020-12-08,1012,7,1750,10844,444,1012,0,0,0,75,35,839,55,33,42,35,367,276,136,60,38,14,3,,,,,,,
2020-12-09,959,6,1068,10732,535,959,0,0,0,64,35,674,61,28,36,35,269,237,104,64,40,19,2,,,,,,,
2020-12-10,2234,5,1112,11846,1790,2234,0,0,0,79,45,2011,62,37,42,45,1001,724,190,96,43,14,5,,,,,,,
2020-12-11,1810,11,937,12713,1361,1810,0,0,0,91,68,1458,70,25,66,68,688,469,211,90,56,10,4,,,,,,,
2020-12-12,1937,2,911,13733,1461,1937,0,0,0,65,72,1671,66,19,46,72,798,607,175,91,49,11,6,,,,,,,
2020-12-13,1229,2,1309,13651,746,1229,0,0,0,85,53,1003,58,29,56,53,401,374,148,80,37,15,6,,,,,,,
2020-12-14,1371,1,1204,13817,870,1371,0,0,0,75,46,1175,55,30,45,46,483,455,174,63,43,11,1,,,,,,,
2020-12-15,1772,12,1084,14500,1039,1772,0,0,0,114,36,1480,74,50,64,36,522,627,246,85,59,15,0,,,,,,,
2020-12-16,1295,10,1052,14740,776,1295,0,0,0,64,38,1115,53,27,37,38,456,413,168,78,36,10,7,,,,,,,
2020-12-17,1220,6,1297,14659,628,1220,0,0,0,72,46,957,66,32,40,46,413,295,157,92,49,13,4,,,,,,,
2020-12-18,1683,8,1214,15126,893,1683,0,0,0,73,39,1377,62,29,44,39,614,464,205,94,40,16,6,,,,,,,
2020-12-19,1153,2,998,15277,651,1153,0,0,0,80,29,974,61,32,48,29,334,384,155,101,47,10,4,,,,,,,
2020-12-20,1340,3,1067,15546,791,1340,0,0,0,80,53,1119,63,28,52,53,435,389,186,109,48,13,2,,,,,,,
2020-12-21,2018,7,1084,16478,1436,2018,0,0,0,68,34,1848,59,27,41,34,834,658,253,103,47,11,1,,,,,,,
2020-12-22,2062,4,911,17624,1444,2062,0,0,0,138,70,1776,58,65,73,70,742,690,252,92,43,9,6,,,,,,,
2020-12-23,1348,16,710,18259,764,1348,0,0,0,58,41,1081,56,19,39,41,399,394,205,83,43,11,2,,,,,,,
2020-12-24,1581,2,1085,18745,847,1581,0,0,0,86,39,1286,90,36,50,39,484,456,230,116,64,23,3,,,,,,,
2020-12-25,1247,2,1441,18547,547,1247,0,0,0,101,45,961,67,38,63,45,364,335,169,93,53,11,3,,,,,,,
2020-12-26,2335,11,874,20000,1567,2335,0,0,0,94,65,1793,97,40,54,65,684,686,313,110,72,23,2,,,,,,,
2020-12-27,1196,5,997,20198,508,1196,0,0,0,108,46,875,95,46,62,46,319,305,159,92,64,25,6,,,,,,,
2020-12-28,1594,3,1181,20602,743,1594,0,0,0,118,58,1299,93,41,77,58,452,469,252,126,66,23,4,,,,,,,
2020-12-29,1925,10,1123,21401,1098,1925,0,0,0,125,37,1547,83,51,74,37,509,606,300,132,53,26,4,,,,,,,
2020-12-30,1870,2,745,22517,920,1870,0,0,0,135,60,1306,121,48,87,60,484,434,232,156,79,33,9,,,,,,,
2020-12-31,2525,13,1481,23554,1505,2525,0,0,0,132,63,2156,94,56,76,63,1036,709,290,121,71,18,5,,,,,,,
2021-01-01,2068,2,2230,23380,944,2068,0,0,0,129,78,1715,115,59,70,78,640,710,238,127,72,36,7,0,0,35,17,0,18,671
2021-01-02,2295,9,3321,22345,1091,2295,0,0,0,122,60,1895,113,40,82,60,717,722,316,140,89,19,5,0,2,30,33,0,135,882
2021-01-03,1704,5,2726,21315,588,1704,0,0,0,170,71,1307,114,63,107,71,522,443,202,140,79,26,9,0,0,41,25,0,83,432
2021-01-04,1741,8,1010,22036,618,1741,0,0,0,178,72,1346,103,71,107,72,580,406,229,131,71,23,9,0,0,47,7,0,37,518
2021-01-05,2027,16,1221,22832,776,2027,0,0,0,176,87,1610,125,76,100,87,627,537,256,190,80,36,9,0,0,30,14,0,111,590
2021-01-06,2593,4,1129,24279,1603,2593,0,0,0,137,68,1968,122,60,77,68,786,730,311,141,78,32,12,0,2,21,12,0,81,1463
2021-01-07,3027,6,2145,25155,1532,3027,0,0,0,207,99,1594,189,94,113,99,719,477,218,180,132,42,15,0,2,38,8,0,63,1403
2021-01-08,2643,2,2708,25078,1162,2643,0,0,0,168,91,2200,147,69,99,91,881,750,394,175,100,36,11,0,0,75,10,0,131,935
2021-01-09,2451,5,1401,26120,977,2451,0,0,0,183,104,2002,153,78,105,104,851,615,327,209,104,37,12,0,1,91,7,0,327,472
2021-01-10,2433,7,1277,27264,751,2433,0,0,0,213,95,1900,204,69,144,95,754,659,320,167,149,40,15,0,7,83,13,0,86,492
2021-01-11,2232,5,1006,28487,788,2232,0,0,0,223,128,1657,180,89,134,128,650,517,293,197,132,35,13,0,5,127,12,0,197,348
2021-01-12,3309,6,1469,30317,1460,3309,0,0,0,239,121,2681,183,97,142,121,1066,886,457,272,139,32,12,0,4,208,16,0,439,769
2021-01-13,2985,2,994,32299,1076,2985,0,0,0,232,130,2354,214,90,142,130,865,852,413,224,136,61,17,0,10,151,6,0,296,589
2021-01-14,3337,7,1710,33913,1365,3337,0,0,0,260,128,2620,209,109,151,128,1084,865,411,260,145,50,14,0,1,260,12,0,153,921
2021-01-15,3211,5,1939,35171,1300,3211,0,0,0,243,145,2471,196,97,146,145,983,832,412,244,130,52,14,0,15,92,20,0,12,1068
2021-01-16,4029,8,2148,37037,1425,4029,0,0,0,334,177,3209,256,141,193,177,1292,1122,442,353,169,72,15,0,4,114,6,0,110,1168
2021-01-17,3339,15,2676,37689,1326,3339,0,0,0,292,163,2399,213,113,179,163,871,872,420,236,145,52,16,0,4,140,13,0,162,937
2021-01-18,3306,7,2293,38686,1195,3306,0,0,0,239,161,2552,231,98,141,161,996,857,443,256,144,64,23,0,4,135,40,0,107,854
2021-01-19,3631,7,2944,39363,1088,3631,0,0,0,286,176,2840,271,109,177,176,950,1069,483,338,182,63,26,0,19,170,12,0,310,513
2021-01-20,4008,5,2374,40977,1432,4008,0,0,0,292,178,3210,309,120,172,178,1085,1219,550,356,216,72,21,0,9,225,48,0,113,966
2021-01-21,3170,8,2490,41642,720,3170,0,0,0,270,170,2365,312,101,169,170,924,771,371,299,192,82,38,0,0,157,48,0,26,346
2021-01-22,3631,6,2554,42703,933,3631,0,0,0,364,177,2709,314,157,207,177,1016,847,470,376,205,87,22,0,15,177,54,0,89,538
2021-01-23,4275,11,4313,42650,1015,4275,0,0,0,342,174,3337,313,142,200,174,1155,1193,602,387,205,81,27,0,7,211,22,0,68,595
2021-01-24,3346,7,4427,41558,1086,3346,0,0,0,286,176,2445,275,108,178,176,905,747,451,342,190,68,17,0,24,211,8,0,242,537
2021-01-25,3048,8,3638,40952,757,3047,1,0,0,253,128,2309,292,114,139,128,874,715,421,299,188,82,22,0,13,102,29,0,62,505
2021-01-26,3585,2,4076,40441,742,3585,0,0,0,289,160,2797,283,119,170,160,1053,875,492,377,207,54,22,0,11,209,21,0,59,414
2021-01-27,3680,6,1858,42247,1425,3680,0,0,0,257,141,2847,259,114,143,141,1078,971,521,277,178,64,17,0,28,124,25,0,64,1170
2021-01-28,4094,8,3281,43047,823,4094,0,0,0,360,169,3217,297,168,192,169,1172,1080,551,414,203,67,27,0,19,129,27,0,27,564
2021-01-29,5725,7,3423,45330,1790,5725,0,0,0,312,196,4215,403,119,193,196,1681,1320,703,511,284,87,32,0,21,150,10,0,419,1116
2021-01-30,5728,5,3805,47240,1741,5728,0,0,0,336,194,4459,361,145,191,194,1915,1380,713,451,247,88,26,0,11,154,9,0,132,1337
2021-01-31,5298,3,4522,47998,1678,5298,0,0,0,399,190,4171,338,170,229,190,1792,1354,670,355,221,87,30,0,8,97,82,0,97,1349
2021-02-01,4214,9,4280,47917,1267,4214,0,0,0,245,127,3190,272,110,135,127,1369,997,515,309,187,55,30,0,12,89,55,0,116,917
2021-02-02,3455,5,3661,47697,1345,3455,0,0,0,210,119,2370,201,109,101,119,1022,715,368,265,139,47,15,0,16,62,9,0,77,1089
2021-02-03,4284,6,3804,48157,1792,4284,0,0,0,220,135,3614,189,106,114,135,1498,1238,594,284,122,45,22,0,5,127,14,0,122,1465
2021-02-04,4571,3,4092,48614,1793,4570,1,0,0,282,154,3502,279,109,173,154,1461,1085,614,342,172,81,26,0,11,149,14,0,237,1268
2021-02-05,3391,4,3392,48605,1108,3391,0,0,0,252,108,2579,236,108,144,108,1012,800,468,299,141,61,34,0,6,88,39,0,145,762
2021-02-06,3847,4,1692,50744,1486,3847,0,0,0,247,121,2855,258,104,143,121,1112,931,526,286,176,64,18,0,6,120,15,0,133,1020
2021-02-07,3731,8,3369,51094,1604,3731,0,0,0,192,107,2816,196,76,116,107,1119,975,470,252,118,54,24,0,2,138,11,0,43,1164
2021-02-08,3100,1,2340,51831,1547,3100,0,0,0,164,90,2624,171,80,84,90,1174,887,359,204,117,41,13,0,1,26,14,0,29,1426
2021-02-09,2764,6,3887,50695,935,2764,0,0,0,207,103,2169,168,86,121,103,830,752,353,234,101,52,15,0,1,22,10,0,51,789
2021-02-10,3288,5,1929,52043,1500,3288,0,0,0,189,118,2283,175,84,105,118,958,737,348,240,105,43,27,0,0,43,23,0,63,1309
2021-02-11,3384,15,3774,51640,1631,3384,0,0,0,200,120,2668,187,81,119,120,1039,907,460,262,126,42,19,0,0,94,28,0,93,1388
2021-02-12,3318,7,3505,51447,1716,3318,0,0,0,156,73,2789,158,63,93,73,1141,961,473,214,101,45,12,0,0,36,11,0,37,1459
2021-02-13,3499,1,3515,51416,1611,3499,0,0,0,176,106,2631,127,75,101,106,1193,844,370,224,87,26,14,0,0,91,16,0,70,1365
2021-02-14,2464,3,4525,49346,857,2464,0,0,0,159,104,1920,183,73,86,104,724,634,365,197,103,61,19,0,11,79,3,0,54,627
2021-02-15,2176,1,4521,46987,689,2176,0,0,0,178,95,1683,169,75,103,95,631,515,315,222,97,50,22,0,0,45,9,0,64,497
2021-02-16,2720,0,5718,43976,1581,2720,0,0,0,177,83,2012,157,80,97,83,709,798,351,154,91,46,20,0,0,85,11,0,57,1372
2021-02-17,2998,7,5709,41258,1589,2998,0,0,0,139,87,2375,158,63,76,87,1085,746,374,170,92,41,25,0,0,83,63,0,103,1302
2021-02-18,2712,4,5320,38643,1303,2712,0,0,0,137,73,2122,189,57,80,73,830,756,346,190,97,61,31,0,40,35,39,0,43,1118
2021-02-19,2936,9,4889,36681,1435,2936,0,0,0,173,110,2415,130,70,103,110,1127,759,366,163,84,34,12,0,5,37,11,0,112,1230
2021-02-20,2461,0,4782,34352,1173,2461,0,0,0,179,83,1857,113,74,105,83,732,622,329,174,72,33,8,0,20,61,3,0,298,743
2021-02-21,3297,6,4456,33188,2082,3296,1,0,0,150,89,2865,127,65,85,89,1470,930,310,155,84,29,14,0,7,38,8,0,124,1870
2021-02-22,2192,3,3414,31956,1084,2192,0,0,0,160,81,1801,102,80,80,81,710,625,289,177,60,32,10,0,1,88,7,0,110,824
2021-02-23,2468,4,4055,30359,1113,2468,0,0,0,141,78,1932,123,60,81,78,833,623,282,194,78,37,8,0,0,74,3,0,175,805
2021-02-24,3545,1,3331,30568,2483,3545,0,0,0,140,81,2932,168,56,84,81,1345,1042,398,147,92,46,30,0,0,70,19,0,29,2338
2021-02-25,1924,6,3752,28734,705,1924,0,0,0,155,74,1469,160,64,91,74,609,420,246,194,102,31,27,0,1,76,26,0,105,442
2021-02-26,2253,7,3085,27899,1136,2253,0,0,0,121,77,1812,184,55,66,77,842,546,268,156,104,51,29,0,11,140,27,0,95,863
2021-02-27,2364,1,3320,26933,1100,2364,0,0,0,141,101,1862,163,50,91,101,776,588,291,207,111,36,16,0,4,157,6,0,52,801
2021-02-28,2437,1,3251,26114,1404,2437,0,0,0,134,80,2039,119,61,73,80,721,879,302,137,82,29,8,0,0,114,9,0,85,1131
2021-03-01,1828,7,2486,25452,962,1828,0,0,0,129,58,1443,99,49,80,58,586,486,244,127,63,26,10,0,0,56,4,0,113,737
2021-03-02,1555,3,2528,24470,604,1555,0,0,0,114,57,1202,129,49,65,57,475,376,212,139,80,36,13,0,1,56,4,0,113,737
2021-03-03,1745,2,2276,23935,867,1744,1,0,0,111,60,1443,72,45,66,60,663,452,190,138,49,18,5,0,0,42,3,0,47,665
2021-03-04,2063,9,2922,23073,897,2062,1,0,0,159,88,1570,130,63,96,88,619,504,292,155,75,44,11,0,0,105,15,0,99,645
2021-03-05,2154,5,3275,21944,1021,2151,3,0,0,193,174,1214,117,69,124,174,518,331,238,127,82,28,7,0,6,65,1,0,81,813
2021-03-06,1680,3,2548,21072,650,1678,2,0,0,181,87,1143,129,63,118,87,448,348,202,145,78,36,15,0,0,64,15,0,54,428
2021-03-07,1683,10,2506,20244,649,1681,2,0,0,121,97,1235,110,50,71,97,506,380,220,129,69,31,10,0,1,60,1,0,61,454
2021-03-08,1529,9,2076,19691,361,1522,7,0,0,147,88,1152,110,55,92,88,446,352,224,130,72,25,13,0,6,34,1,0,34,232
2021-03-09,1280,2,2345,18618,530,1277,3,0,0,113,46,1028,77,40,73,46,372,321,214,121,45,23,9,0,0,97,13,0,5,357
2021-03-10,1448,10,2137,17922,765,1446,2,0,0,127,60,1161,85,41,86,60,417,415,213,116,58,22,5,8,0,87,2,0,15,587
2021-03-11,1647,5,2104,17461,664,1628,19,0,0,103,59,1291,121,43,60,59,473,417,248,153,87,25,9,0,2,88,4,0,116,399
2021-03-12,1575,7,2042,16991,444,1570,5,0,0,147,84,1123,132,58,89,84,414,336,210,163,92,29,11,0,0,53,3,0,69,244
2021-03-13,1470,12,1830,16628,518,1453,17,0,0,127,65,1050,128,49,78,65,379,357,194,120,86,27,15,0,0,53,0,0,89,270
2021-03-14,1354,14,1782,16196,431,1341,12,1,0,137,66,1004,105,57,80,66,394,302,196,112,69,24,12,0,0,48,0,0,64,209
2021-03-15,1208,9,1973,15427,430,1192,15,1,0,119,82,890,79,44,75,82,384,238,174,94,56,14,9,0,1,59,1,0,6,238
2021-03-16,1063,4,1365,15122,426,1050,13,0,0,133,60,767,92,58,75,60,292,247,138,90,64,22,6,0,1,76,0,0,8,247
2021-03-17,1219,7,1346,14993,607,1205,14,0,0,101,54,790,77,39,62,54,307,235,151,97,47,22,8,4,1,88,0,0,39,377
2021-03-18,1213,6,1503,14702,488,1200,13,0,0,132,70,860,90,45,87,70,343,269,137,111,63,21,6,0,0,49,2,0,142,195
2021-03-19,1576,11,1996,14281,944,1560,15,1,0,137,67,1233,101,63,74,67,515,418,190,110,63,30,8,0,0,80,0,0,298,454
2021-03-20,1671,2,1585,14362,744,1650,21,0,0,144,64,1333,112,51,93,64,487,461,249,136,84,19,9,0,0,53,3,0,236,326
2021-03-21,1327,11,1247,14437,632,1312,15,0,0,116,57,1048,82,42,74,57,410,342,202,94,55,18,9,3,0,67,0,14,0,343
2021-03-22,1116,8,1495,14056,597,1110,6,0,0,94,47,903,59,34,60,47,382,317,123,81,35,16,8,0,0,19,1,10,111,361
2021-03-23,1384,9,1058,14380,762,1363,20,1,0,111,62,1096,96,29,82,62,452,365,172,107,66,22,8,2,0,35,0,8,37,592
2021-03-24,1268,5,1083,14561,614,1251,17,0,0,128,64,988,72,47,81,64,379,341,165,103,53,14,5,0,0,34,22,7,41,385
2021-03-25,1360,1,1491,14428,591,1343,17,0,0,166,63,992,121,66,100,63,376,315,178,123,87,31,3,0,0,110,1,16,62,207
2021-03-26,1275,32,1509,14193,509,1264,10,1,0,152,72,918,98,55,97,72,337,277,185,119,68,21,9,0,0,47,0,31,22,300
2021-03-27,1199,5,1257,14127,494,1187,12,0,0,185,102,799,77,48,137,102,308,233,151,107,49,20,8,0,0,117,6,32,8,243
2021-03-28,1302,9,1127,14298,650,1290,12,0,0,132,74,983,102,50,82,74,400,289,162,132,61,26,15,0,0,28,0,22,283,223
2021-03-29,941,8,1097,14138,345,929,12,0,0,96,52,708,74,27,69,52,267,247,105,89,44,24,6,0,0,26,0,21,63,155
2021-03-30,1133,8,1148,14117,550,1117,15,1,0,121,68,859,74,34,87,68,337,303,136,83,52,18,4,0,0,41,1,28,87,213
2021-03-31,1482,2,1070,14520,849,1462,20,0,0,141,85,1166,82,45,96,85,482,379,186,119,53,24,5,0,0,47,7,62,39,540
2021-04-01,1178,20,1377,14318,462,1170,8,0,0,109,74,871,100,37,72,74,342,275,157,97,66,30,4,0,0,46,3,25,31,270
2021-04-02,1294,26,1442,14168,551,1286,8,0,0,125,60,919,107,44,81,60,358,289,152,120,74,19,14,0,0,43,16,23,22,330
2021-04-03,1638,7,1449,14352,898,1629,9,0,0,136,91,1275,100,49,87,91,448,554,172,101,65,29,6,0,0,111,4,19,15,624
2021-04-04,1349,7,1270,14425,654,1341,8,0,0,131,71,885,100,58,73,71,331,280,149,125,73,20,7,0,0,105,7,18,197,254
2021-04-05,1070,9,1294,14197,367,1060,10,0,0,122,61,783,93,44,78,61,304,239,146,94,69,15,9,0,0,97,1,26,14,116
2021-04-06,1300,24,1412,14082,563,1289,10,1,0,120,94,886,77,37,83,94,300,289,169,128,58,14,5,0,9,70,0,35,144,176
2021-04-07,1139,13,1199,14020,450,1122,17,0,0,127,68,811,128,48,79,68,260,284,137,130,78,42,8,4,1,179,13,8,27,156
2021-04-08,1285,17,1175,14124,438,1272,11,2,0,90,77,1014,98,40,50,77,357,371,173,113,66,23,9,0,5,63,0,13,105,186
2021-04-09,1854,20,1247,14724,681,1821,31,2,0,201,117,1349,174,69,132,117,479,421,250,199,124,38,12,0,2,190,0,32,58,241
2021-04-10,1510,5,1248,14983,466,1495,13,2,0,159,115,1077,149,57,102,115,377,348,210,142,101,35,13,0,2,91,3,8,34,131
2021-04-11,1739,8,1216,15500,742,1721,15,3,0,159,104,1300,143,53,106,104,490,401,247,162,91,44,8,0,2,141,0,25,56,339
2021-04-12,1317,12,1052,15754,456,1308,9,0,0,123,80,918,142,44,79,80,332,282,173,131,98,34,10,0,0,71,0,3,8,236
2021-04-13,1767,9,1290,16226,668,1758,7,2,0,172,87,1336,154,66,106,87,585,358,198,195,104,37,13,0,7,142,1,47,21,342
2021-04-14,1889,6,1485,16625,689,1869,16,4,0,181,219,1221,166,71,110,219,449,395,196,181,116,41,9,0,28,116,1,59,94,235
2021-04-15,2148,19,1259,17510,896,2132,10,6,0,188,234,1500,202,60,128,234,608,457,275,160,122,60,20,0,33,270,0,118,57,332
2021-04-16,2551,29,1524,18531,990,2531,17,3,0,214,169,1961,179,71,143,169,953,493,297,218,113,51,15,0,34,93,0,446,82,227
2021-04-17,2331,12,1832,19019,659,2306,22,3,0,229,327,1570,172,79,150,327,647,461,277,185,127,29,16,0,37,99,0,185,39,179
2021-04-18,2195,10,1427,19779,791,2174,18,3,0,206,212,1517,171,80,126,212,614,455,263,185,118,35,18,0,19,74,0,183,18,356
2021-04-19,2078,13,1402,20445,628,2061,14,3,0,200,259,1420,179,81,119,259,526,411,265,218,114,46,19,0,17,182,0,175,13,171
2021-04-20,2341,7,1592,21184,598,2322,15,4,0,241,342,1552,194,100,141,342,607,449,297,199,121,56,17,0,3,121,0,235,4,95
2021-04-21,2340,12,1910,21605,759,2317,15,8,0,202,413,1498,201,84,118,413,566,443,273,216,123,61,17,0,14,121,0,325,40,120
2021-04-22,2875,29,2541,21933,983,2841,29,5,0,290,540,1788,230,104,186,540,658,509,375,246,149,64,17,0,37,65,1,501,51,152
2021-04-23,2847,4,2341,22424,751,2810,23,14,0,296,322,1884,252,96,200,322,769,513,339,263,179,65,8,0,17,131,0,283,62,97
2021-04-24,2717,27,2292,22841,671,2676,29,12,0,297,381,1768,244,102,195,381,630,543,331,264,143,87,14,0,19,108,0,242,21,128
2021-04-25,2690,10,1853,23657,846,2658,25,7,0,281,279,1781,273,89,192,279,617,506,393,265,185,75,13,0,50,121,0,166,18,349
2021-04-26,2776,4,1803,24616,806,2746,23,7,0,287,255,1859,286,97,190,255,659,595,329,276,203,68,15,0,56,113,0,105,17,287
2021-04-27,2733,5,2019,25319,721,2696,22,15,0,302,318,1813,266,88,214,318,703,489,362,259,182,57,27,0,17,105,17,161,36,256
2021-04-28,3142,13,1822,26625,677,3099,28,15,0,353,358,2057,363,97,256,358,742,560,435,320,237,98,28,0,34,144,18,213,5,57
2021-04-29,3332,9,1943,27992,690,3284,37,11,0,369,341,2182,371,105,264,341,783,646,419,334,220,126,25,0,47,138,1,151,45,127
2021-04-30,3788,2,2640,29119,1069,3730,39,19,0,427,473,2420,405,127,300,473,815,708,490,407,266,102,37,0,36,208,11,271,42,217
2021-05-01,2881,16,2462,29522,873,2826,40,15,0,345,279,1899,308,95,250,279,710,553,347,289,197,89,22,0,41,124,0,260,97,166
2021-05-02,3418,10,2698,30222,1084,3368,38,12,0,454,390,2182,336,150,304,390,730,658,446,348,228,85,23,0,26,253,1,306,6,172
2021-05-03,2500,4,2068,30631,737,2468,24,8,0,290,239,1683,273,86,204,239,575,509,330,269,185,70,18,0,86,124,0,142,7,245
2021-05-04,3120,6,2334,31403,839,3062,36,22,0,348,289,2074,356,121,227,289,740,585,404,345,247,82,27,0,50,152,0,230,70,199
2021-05-05,3744,7,2304,32812,743,3673,48,23,0,383,303,2598,434,130,253,303,970,727,512,389,295,107,32,0,34,141,0,126,34,204
2021-05-06,3551,16,2709,33626,924,3485,44,22,0,376,241,2500,418,124,252,241,910,700,493,397,263,132,23,0,58,121,9,195,3,360
2021-05-07,4498,5,3449,34644,1132,4419,62,17,0,611,372,2968,524,173,438,372,967,873,635,493,350,139,35,0,110,213,2,168,4,376
2021-05-08,4519,5,2719,36415,993,4451,52,16,0,486,297,3050,537,153,333,297,1086,877,589,498,365,137,35,0,91,124,5,67,10,433
2021-05-09,3733,6,3211,36916,856,3665,43,25,0,437,238,2599,422,139,298,238,959,764,461,415,286,108,28,0,54,143,8,83,4,378
2021-05-10,3807,5,3454,37234,782,3721,63,23,0,452,291,2544,495,159,293,291,877,707,475,485,313,142,40,0,129,216,0,84,1,210
2021-05-11,3973,5,2848,38315,1001,3895,46,32,0,442,296,2779,427,186,256,296,1042,795,501,441,296,103,28,0,90,137,18,207,0,181
2021-05-12,4765,7,3124,39906,1004,4678,61,26,0,460,324,3355,582,164,296,324,1198,980,655,522,400,149,33,0,38,169,4,137,46,382
2021-05-13,4855,3,3347,41376,1062,4748,77,30,0,465,480,3288,577,181,284,480,1194,977,608,509,364,156,57,0,69,180,3,255,0,323
2021-05-14,4113,1,4190,41254,994,3999,89,25,0,458,273,2751,586,179,279,273,983,794,513,461,387,162,37,0,111,215,28,52,0,383
2021-05-15,4140,9,3432,41914,999,4014,92,34,0,446,235,2778,605,165,281,235,1016,814,539,409,429,137,39,0,169,179,13,57,29,397
2021-05-16,3780,2,3990,41660,914,3675,81,24,0,403,268,2559,521,160,243,268,913,696,492,458,367,124,30,0,158,111,3,49,0,262
2021-05-17,4446,3,2784,43271,852,4327,86,33,0,434,307,2986,681,179,255,307,1063,842,583,498,460,166,55,0,131,203,7,74,0,230
2021-05-18,4865,5,3497,44581,867,4730,88,47,0,519,331,3338,658,211,308,331,1226,935,607,570,450,154,54,0,158,182,6,74,0,181
2021-05-19,6075,3,3516,47087,1547,5906,102,67,0,610,381,4225,784,248,362,381,1489,1312,745,679,536,188,60,0,267,193,1,107,0,687
2021-05-20,6806,2,3916,49931,1594,6615,118,73,0,668,466,4759,844,255,413,466,1720,1336,931,772,560,220,64,0,359,230,16,158,0,527
2021-05-21,6493,2,4508,51856,1243,6298,106,89,0,694,419,4571,753,260,434,419,1666,1260,904,741,503,201,49,0,310,149,1,75,2,362
2021-05-22,6320,3,4694,53398,1318,6107,127,86,0,788,428,4178,830,313,475,428,1512,1208,788,670,520,230,80,0,240,230,25,38,0,365
2021-05-23,6976,9,3587,56718,1586,6740,135,101,0,852,438,4626,899,319,533,438,1829,1295,796,706,589,226,84,0,336,317,15,50,6,422
2021-05-24,6509,26,3452,59709,1481,6296,120,93,0,793,482,4472,701,295,498,482,1688,1299,830,655,466,184,51,19,244,310,25,45,12,505
2021-05-25,7289,4,3789,63135,1388,7060,132,97,0,933,533,4944,833,388,545,533,1893,1389,888,774,549,211,73,0,278,312,43,43,0,367
2021-05-26,7478,5,4665,65857,1288,7246,125,107,0,950,501,5103,836,367,583,501,1940,1457,885,821,564,209,63,0,259,234,5,63,0,411
2021-05-27,7857,9,4598,69053,1495,7582,147,128,0,990,578,5390,832,407,583,578,2024,1569,956,841,555,203,74,0,247,311,14,43,48,335
2021-05-28,8290,2,4814,72424,1842,8026,150,114,0,1073,627,5564,871,428,645,627,2154,1557,987,866,568,226,77,0,294,298,7,57,60,625
2021-05-29,9020,6,5527,75842,1704,8709,165,146,0,1193,619,6110,920,477,716,619,2302,1702,1145,961,638,225,57,0,328,385,18,30,78,486
2021-05-30,6999,4,5121,77611,1366,6763,142,94,0,939,475,4656,748,383,556,475,1817,1370,837,632,504,188,56,0,161,641,117,399,0,1091
2021-05-31,6824,3,5251,79087,1331,6586,136,102,0,985,518,4456,750,366,619,518,1742,1267,805,642,515,187,48,0,148,268,14,33,0,620
2021-06-01,7105,2,6083,80015,1362,6828,154,123,0,966,526,4800,758,374,592,526,1944,1377,786,693,482,208,68,0,201,309,22,33,0,469
2021-06-02,7703,2,5777,81854,1434,7394,167,142,0,1027,507,5265,706,421,606,507,2148,1471,938,708,453,193,60,0,145,265,16,24,54,538
2021-06-03,8209,64,7049,82904,1820,7929,143,137,0,929,535,5766,776,384,545,535,2279,1720,980,787,518,202,56,54,197,270,3,22,5,903
2021-06-04,7748,2,6624,83945,1708,7445,181,122,0,956,494,5276,740,392,564,494,2071,1517,909,779,485,182,73,0,83,213,4,70,2,879
2021-06-05,7452,8,6105,85202,1727,7174,156,122,0,926,491,5044,718,348,578,491,2025,1444,872,703,492,156,70,0,148,274,17,8,66,791
2021-06-06,6241,14,5133,86231,1290,5963,166,112,0,858,366,4287,559,341,517,366,1744,1247,715,581,364,146,49,0,64,250,3,35,58,601
2021-06-07,5271,14,7548,83870,1113,5003,148,120,0,680,376,3659,514,252,428,376,1474,995,651,539,322,140,52,0,66,233,31,34,11,442
2021-06-08,5566,4,6962,82401,1522,5338,143,85,0,681,357,3889,486,266,415,357,1541,1144,654,550,305,125,56,0,72,268,72,31,7,830
2021-06-09,6239,11,7386,81161,1397,5970,154,115,0,755,415,4290,564,296,459,415,1666,1242,711,671,372,137,55,0,47,212,23,28,109,589
2021-06-10,5671,8,7325,79439,1453,5392,155,124,0,754,396,3892,545,292,462,396,1467,1144,718,563,366,141,38,0,66,218,21,48,4,825
2021-06-11,6849,4,7749,78473,2429,6544,195,110,0,698,405,4787,509,283,415,405,1769,1545,850,623,327,132,50,0,39,185,45,22,30,1865
2021-06-12,5793,6,8334,75849,1517,5524,161,108,0,722,398,3908,500,285,437,398,1488,1180,704,536,331,123,46,1,28,233,24,12,44,859
2021-06-13,5304,5,8163,72917,1622,5058,155,91,0,649,334,3672,415,257,392,334,1557,998,630,487,274,104,37,0,39,201,13,33,0,931
2021-06-14,4949,6,6588,71187,1458,4687,170,92,0,590,327,3469,469,237,353,327,1426,977,639,427,295,112,62,0,13,144,46,15,35,881
2021-06-15,5419,6,6831,69696,1591,5138,183,98,0,686,358,3654,541,262,424,358,1464,1040,618,532,302,145,94,0,25,218,65,4,3,843
2021-06-16,5150,3,7240,67525,1141,4837,220,93,0,638,355,3494,496,275,363,355,1301,1036,630,527,281,143,72,0,7,130,46,4,2,618
2021-06-17,5738,3,7530,65652,1692,5425,208,105,0,699,387,4122,456,280,419,387,1603,1247,754,518,293,125,38,0,12,239,16,7,31,1094
2021-06-18,6440,5,6861,65150,2338,6133,198,109,0,696,337,4180,485,286,410,337,1519,1358,801,502,310,112,63,0,18,158,49,1,101,1348
2021-06-19,5911,1,6918,64076,2192,5535,269,107,0,643,331,4185,449,238,405,331,1601,1366,743,475,303,103,43,0,10,266,82,23,263,1163
2021-06-20,5293,7,5941,63353,1835,5012,207,74,0,636,354,3566,383,245,391,354,1410,1089,639,428,238,97,48,0,19,192,33,4,78,1116
2021-06-21,4611,8,5439,62444,1783,4300,229,82,0,548,304,3121,372,219,329,304,1185,933,625,378,234,101,37,0,3,312,16,1,221,917
2021-06-22,4743,2,5557,61542,1469,4374,278,91,0,647,290,3244,462,259,388,290,1284,1000,552,408,308,107,47,0,10,219,36,15,85,826
2021-06-23,5244,7,6372,60330,1704,4809,334,101,0,642,307,3649,448,249,393,307,1451,1091,644,463,276,123,49,0,24,316,32,33,46,805
2021-06-24,5841,8,5411,60679,1881,5349,377,115,0,747,379,4015,517,294,453,379,1627,1136,732,520,350,122,45,0,11,372,43,5,79,1059
2021-06-25,5812,32,6775,59638,2146,5355,323,134,0,571,329,4108,431,238,333,329,1540,1398,704,466,287,103,41,0,0,386,33,17,84,1318
2021-06-26,5803,10,5193,60160,2060,5295,394,114,0,573,326,4280,464,210,363,326,1620,1439,744,477,317,120,27,0,13,225,16,21,203,1133
2021-06-27,5586,3,4777,60897,2131,5033,421,132,0,566,316,4174,424,232,334,316,1680,1273,742,479,274,101,49,0,2,240,58,4,202,1325
2021-06-28,5218,7,4744,61280,1770,4765,342,111,0,644,348,3755,385,233,411,348,1486,1203,630,436,261,92,32,0,1,278,12,18,111,1074
2021-06-29,6437,14,5298,62328,2351,5850,425,162,0,744,367,4191,517,296,448,367,1620,1391,649,531,332,141,44,0,2,444,32,5,86,1332
2021-06-30,6276,16,4929,63565,1685,5602,504,170,0,781,377,4401,507,322,459,377,1714,1328,789,570,319,123,65,0,8,259,62,9,104,877
2021-07-01,6988,5,5580,64875,2268,6166,646,176,0,809,379,4843,503,348,461,379,1935,1501,885,522,324,134,45,0,0,305,41,23,209,1341
2021-07-02,6982,3,6278,65472,2198,6191,589,202,0,744,413,5084,524,321,423,413,2070,1500,911,603,343,134,47,0,10,339,99,2,13,1358
2021-07-03,6658,11,5677,66335,1917,5884,590,184,0,793,408,4565,484,326,467,408,1856,1386,782,541,321,121,42,0,0,244,13,3,187,1152
2021-07-04,6045,20,5271,66995,1799,5294,590,161,0,825,383,4212,464,345,480,383,1664,1287,764,497,273,129,62,0,7,297,73,10,34,1121
2021-07-05,6387,26,4532,68750,1947,5552,623,212,0,741,352,4683,439,322,419,352,1862,1436,823,562,297,104,38,0,0,350,55,0,40,1182
2021-07-06,7654,11,4797,71494,2463,6702,735,217,0,937,400,4978,522,403,534,400,2049,1533,825,571,346,133,43,0,0,288,42,45,46,1746
2021-07-07,7097,26,4863,73573,2106,6156,727,214,0,822,456,5029,479,314,508,456,2001,1504,962,562,309,132,38,0,1,370,82,92,166,927
2021-07-08,8868,10,5802,76481,2704,7544,1030,294,0,870,493,6533,682,367,503,493,2659,2012,1117,745,456,161,65,0,6,474,75,23,25,1645
2021-07-09,9180,7,5713,79766,2343,7875,1016,289,0,1078,517,6471,637,420,658,517,2533,2062,1152,724,439,156,42,0,2,339,41,5,169,1462
2021-07-10,9353,11,5910,83060,3016,7915,1101,337,0,910,485,6453,651,352,558,485,2656,1934,1114,749,437,164,50,0,12,359,73,13,80,2135
2021-07-11,9105,18,5194,86787,2199,7557,1208,340,0,1136,556,6492,661,452,684,556,2461,2052,1223,756,441,172,48,0,4,496,54,1,15,1271
2021-07-12,8574,40,5041,90144,1843,7155,1097,322,0,1148,580,5993,649,481,667,580,2427,1833,1043,690,458,135,56,0,3,356,52,7,138,931
2021-07-13,11079,27,5990,95040,2700,9144,1471,464,0,1502,708,7622,759,624,878,708,2944,2390,1390,898,521,178,60,0,6,587,41,0,214,1375
2021-07-14,11618,26,6377,100102,2304,9325,1771,522,0,1620,699,8196,782,755,865,699,3107,2559,1539,991,541,178,63,0,0,430,189,3,97,1070
2021-07-15,13215,13,6095,107012,2828,10829,1875,511,0,1743,907,9270,796,748,995,907,3711,2762,1677,1120,542,187,67,0,1,654,67,54,195,1207
2021-07-16,12541,16,6742,112597,2785,10137,1866,538,0,1467,715,9043,801,627,840,715,3689,2757,1588,1009,559,187,55,0,2,468,99,36,179,1518
2021-07-17,12528,19,6629,118232,3206,10129,1917,482,0,1567,818,8698,818,674,893,818,3465,2670,1519,1044,540,195,83,0,0,425,100,41,268,1772
2021-07-18,10710,12,5778,122928,2164,8631,1626,453,0,1367,639,7633,691,559,808,639,3047,2296,1403,887,483,157,51,0,0,375,69,34,358,1015
2021-07-19,10972,48,6439,127239,2480,8628,1853,491,0,1417,700,7999,709,622,795,700,3169,2390,1492,948,465,172,72,4,0,416,55,22,247,1358
2021-07-20,12366,8,7567,131760,2650,9649,2176,541,0,1564,802,8856,846,670,894,802,3458,2776,1564,1058,579,193,74,0,0,369,128,20,369,1062
2021-07-21,11985,7,7902,135571,2149,9156,2247,582,0,1821,875,8059,910,743,1078,875,3168,2356,1438,1097,602,224,84,0,19,463,107,89,77,952
2021-07-22,13034,25,8436,139903,2589,9649,2654,731,0,1775,864,9161,878,747,1028,864,3538,2743,1721,1159,589,216,73,0,2,611,72,52,191,1163
2021-07-23,15573,32,10094,145093,2214,11444,3340,789,0,2028,1081,10948,1122,849,1179,1081,4326,3263,2039,1320,762,274,86,0,19,474,142,17,101,864
2021-07-24,15902,26,9471,151225,2922,11672,3452,778,0,2007,962,11395,1257,807,1200,962,4504,3450,2004,1437,854,315,88,8,3,515,89,36,123,1298
2021-07-25,17045,6,9683,158284,3134,12519,3616,910,0,2068,1045,12076,1074,860,1208,1045,4629,3715,2340,1392,747,255,72,0,3,711,87,28,114,1552
2021-07-26,14516,3,9371,163160,2902,11040,2767,709,0,1948,932,9783,897,816,1132,932,3865,2909,1772,1237,597,232,68,0,7,559,57,19,29,1504
2021-07-27,16117,26,11526,167475,2958,11659,3534,924,0,2152,1148,11432,1105,889,1263,1148,4411,3464,2168,1389,753,279,73,0,1,619,90,30,110,1350
2021-07-28,17405,6,12373,172186,2951,12147,4153,1105,0,2402,1182,12025,1231,955,1447,1182,4598,3631,2224,1572,860,271,100,0,6,621,125,25,74,1580
2021-07-29,17170,32,12930,176137,2423,11880,4184,1106,0,2383,1140,12206,1090,1025,1358,1140,4960,3556,2259,1431,743,261,86,0,2,567,77,19,266,968
2021-07-30,16840,17,12179,180471,3075,11555,4162,1123,0,2262,1178,11664,1108,919,1343,1178,4596,3543,2137,1388,712,298,98,0,5,822,84,9,61,1569
2021-07-31,17786,9,11718,186227,3046,12103,4437,1246,0,2646,1352,12260,1186,1042,1604,1352,4856,3690,2285,1429,781,292,113,0,49,825,64,8,84,1283
2021-08-01,17150,1,11326,191725,3000,11258,4708,1184,0,2468,1274,11731,1258,981,1487,1274,4489,3610,2188,1444,845,296,117,0,2,626,140,13,24,1525
2021-08-02,15764,6,11767,195348,2625,10317,4315,1132,0,2216,1130,10783,1072,871,1345,1130,4296,3295,1896,1296,723,256,93,0,18,559,58,45,106,1256
2021-08-03,17105,37,12297,199817,2400,11011,4750,1344,0,2424,1239,11777,1192,986,1438,1239,4656,3392,2207,1522,781,299,112,0,20,556,81,20,44,906
2021-08-04,19819,23,12704,206625,2953,12684,5583,1552,0,2737,1380,13795,1359,1142,1595,1380,5288,4312,2511,1684,941,296,122,0,23,748,36,29,74,1169
2021-08-05,20596,34,13893,213015,3084,12267,6605,1724,0,2601,1388,14699,1350,1070,1531,1388,5690,4401,2829,1779,905,344,101,0,12,682,65,41,165,1346
2021-08-06,20889,13,16394,217152,2657,12092,6950,1847,0,2716,1331,14859,1364,1095,1621,1331,5679,4600,2855,1725,919,333,112,0,16,492,64,22,92,1260
2021-08-07,19257,16,16322,219753,2771,11165,6373,1719,0,2505,1383,13341,1433,1025,1480,1383,5074,4025,2601,1641,925,384,124,0,20,579,32,14,97,1080
2021-08-08,18688,10,17055,221066,2585,10975,5982,1731,0,2505,1340,13078,1381,973,1532,1340,5128,3958,2412,1580,929,331,121,0,88,475,80,12,106,1172
2021-08-09,17236,29,15187,222810,2392,10004,5575,1657,0,2300,1209,11882,1182,912,1388,1209,4568,3568,2262,1484,784,276,122,0,17,534,14,4,182,933
2021-08-10,19991,0,16258,226135,2866,11447,6615,1929,0,2680,1456,13501,1458,1094,1586,1456,5230,3987,2572,1712,954,369,135,0,32,716,24,29,49,1236
2021-08-11,20780,15,17973,228654,2659,12088,6608,2084,0,2889,1454,14537,1424,1113,1776,1454,5484,4454,2806,1793,948,363,113,0,33,654,69,8,17,1262
2021-08-12,21668,58,17687,232341,2544,12214,7013,2441,0,2923,1507,15101,1524,1207,1716,1507,5951,4580,2727,1843,991,392,141,0,11,621,33,15,81,1120
2021-08-13,21468,25,17025,236521,2692,11834,7218,2416,0,2674,1433,14673,1593,1020,1654,1433,5632,4431,2754,1856,1017,397,179,0,15,391,144,43,33,1230
2021-08-14,20670,8,17655,239260,2402,11435,6835,2400,0,2734,1467,14295,1551,1101,1633,1467,5463,4314,2681,1837,1020,382,149,0,6,517,83,19,71,1150
2021-08-15,20546,14,16945,242572,2600,11194,6858,2494,0,2963,1507,14238,1370,1138,1825,1507,5525,4319,2742,1652,912,334,124,0,9,555,48,28,259,1112
2021-08-16,19740,19,17450,244571,3058,10593,6445,2702,0,2780,1372,13518,1357,1035,1745,1372,5247,4184,2452,1635,865,347,145,0,12,615,71,16,52,1571
2021-08-17,19631,7,16467,247482,2265,10677,6213,2741,0,2816,1424,13425,1442,1113,1703,1424,5107,4208,2503,1607,925,373,144,0,13,561,55,2,175,1042
2021-08-18,22242,4,19680,249766,2878,11862,7171,3209,0,2988,1624,15125,1584,1214,1774,1624,5694,4639,2918,1874,1034,404,146,0,24,556,61,4,80,1395
2021-08-19,22948,9,21720,250737,2343,12458,7171,3319,0,3035,1665,16065,1647,1254,1781,1665,6342,4770,3014,1939,1050,457,140,0,27,481,44,10,136,1131
2021-08-20,23564,23,21448,252620,3031,12108,7215,4241,0,3350,1820,16011,1692,1290,2060,1820,6234,4637,3074,2066,1074,459,159,0,6,764,31,33,38,1588
2021-08-21,22262,40,18576,256058,2331,11443,6898,3921,0,3154,1685,14933,1714,1269,1885,1685,5866,4397,2816,1854,1078,470,166,0,21,601,61,12,183,1104
2021-08-22,19807,5,18200,257362,2177,10489,5895,3423,0,2918,1565,13288,1508,1144,1774,1565,5188,4015,2449,1636,945,400,163,0,7,416,36,4,97,1033
2021-08-23,17672,8,19053,255708,2010,9063,5210,3399,0,2603,1374,11768,1491,1041,1562,1374,4400,3461,2332,1575,927,397,167,0,6,588,93,5,73,904
2021-08-24,20837,22,18613,257745,2514,10613,6281,3943,0,2956,1616,14024,1520,1123,1833,1616,5633,4140,2602,1649,972,421,127,0,10,457,29,2,76,1480
2021-08-25,22642,5,20798,259354,2499,11192,6937,4513,0,3221,1767,15003,1791,1263,1958,1767,5756,4472,3020,1755,1117,475,199,0,11,424,68,3,186,1384
2021-08-26,24599,8,22657,261026,3394,12369,7318,4912,0,3437,1722,16450,1872,1346,2091,1722,6374,4922,3132,2022,1144,536,191,0,24,542,93,35,73,1944
2021-08-27,22070,15,21877,260983,2126,10544,6484,5042,0,2973,1649,15043,1739,1186,1787,1649,5759,4550,2963,1771,1149,443,147,0,2,474,17,3,150,1022
2021-08-28,22597,12,19492,263850,2551,10427,6855,5315,0,3188,1717,14876,1835,1262,1926,1717,5583,4539,2941,1813,1177,479,179,0,6,467,84,7,92,1505
2021-08-29,20579,7,20845,263339,2595,10016,5647,4916,0,3025,1638,13696,1560,1207,1818,1638,5614,3929,2446,1707,991,416,153,0,12,392,16,4,81,1458
2021-08-30,19268,16,21257,261077,2097,9335,5282,4651,0,2928,1597,12579,1650,1169,1759,1597,4929,3708,2380,1562,1048,427,175,0,4,460,37,72,89,1034
2021-08-31,20897,1,18465,263253,1454,9492,5833,5572,0,2947,1683,14057,1760,1188,1759,1683,5416,4150,2723,1768,1098,501,161,0,1,260,38,11,43,734
2021-09-01,18762,5,21073,260674,2107,8306,4975,5481,0,2764,1491,12434,1658,1084,1680,1491,4651,3759,2375,1649,1044,451,163,0,3,515,42,16,23,1109
2021-09-02,20988,1,23473,257962,2142,9562,5168,6258,0,3064,1796,13868,1891,1176,1888,1796,5337,4056,2699,1776,1201,506,184,0,5,351,112,52,81,1110
2021-09-03,19378,14,22399,254724,2223,8605,4765,6008,0,2925,1549,12793,1689,1146,1779,1549,4704,3922,2511,1656,1042,449,198,0,5,562,64,12,102,1191
2021-09-04,19057,10,21582,251971,1760,8316,4534,6207,0,2842,1668,12309,1801,1145,1697,1668,4404,3706,2516,1683,1116,475,210,0,4,250,8,100,54,886
2021-09-05,20396,8,20573,251545,2347,8863,4668,6865,0,3037,1622,13561,1869,1222,1815,1622,5085,4101,2556,1819,1183,508,178,0,6,447,98,23,41,1385
2021-09-06,17352,8,20201,248463,1758,7313,4073,5966,0,2654,1451,11349,1562,1099,1555,1451,4330,3461,2187,1371,993,427,142,0,0,204,63,23,71,1015
2021-09-07,18547,18,18902,247880,2177,8149,4266,6132,0,2829,1559,12033,1717,1090,1739,1559,4513,3592,2298,1630,1092,462,163,0,0,592,66,19,74,1082
2021-09-08,19733,3,22701,244665,2095,8207,4517,7009,0,2978,1593,13019,1856,1175,1803,1593,4981,3885,2512,1641,1131,545,180,0,1,466,48,58,85,1038
2021-09-09,19307,6,24855,238905,1577,8025,4360,6922,0,2881,1597,12928,1704,1165,1716,1597,4988,3948,2393,1599,1067,459,178,0,0,332,0,74,39,918
2021-09-10,21176,4,21476,238391,2162,8441,4775,7960,0,3345,1814,13607,1986,1362,1983,1814,4997,4141,2640,1829,1197,581,208,0,0,326,36,40,23,1446
2021-09-11,19550,7,21771,235957,2144,8197,4066,7287,0,3009,1650,12772,1797,1171,1838,1650,4695,3888,2554,1635,1150,463,184,0,0,551,99,51,38,1052
2021-09-12,19198,5,20980,233949,1916,7479,3853,7866,0,2991,1686,12366,1914,1153,1838,1686,4796,3540,2336,1694,1231,509,174,0,2,544,12,9,69,947
2021-09-13,16073,21,24813,225028,1547,6308,3368,6397,0,2498,1391,10332,1562,992,1506,1391,3967,3070,1977,1318,965,425,172,0,20,427,42,11,32,674
2021-09-14,15669,17,18053,222450,1041,5998,3514,6157,0,2541,1318,10104,1476,1022,1519,1318,3693,3044,1931,1436,906,409,161,0,6,360,35,5,20,498
2021-09-15,19495,11,18760,222974,1389,7524,3523,8448,0,3201,1712,12409,1952,1280,1921,1712,4502,3796,2412,1699,1216,544,192,0,16,485,91,39,15,556
2021-09-16,18815,7,16939,224668,1627,7041,3826,7948,0,3036,1528,12191,1792,1213,1823,1528,4430,3795,2338,1628,1132,484,176,0,4,456,47,45,54,775
2021-09-17,17577,3,22970,219085,1742,6517,3806,7254,0,2590,1417,11621,1668,1027,1563,1417,4322,3525,2243,1531,1037,450,181,0,3,432,31,13,20,1055
2021-09-18,15549,5,17205,217262,1251,5587,3266,6696,0,2429,1321,9981,1595,954,1475,1321,3678,2992,1914,1397,952,462,181,0,1,331,48,23,22,693
2021-09-19,14954,11,23469,208588,1216,5565,2927,6462,0,2353,1233,9644,1467,945,1408,1233,3501,2938,1846,1359,898,428,141,0,8,196,39,3,72,720
2021-09-20,14345,43,16814,205972,1157,5162,2655,6528,0,2321,1244,9073,1500,882,1439,1244,3360,2724,1715,1274,928,424,148,24,4,447,7,1,10,523
2021-09-21,15759,27,16650,204929,1223,5521,2859,7379,0,2451,1399,10017,1611,935,1516,1399,3687,3051,1843,1436,968,461,182,0,3,301,45,15,2,622
2021-09-22,14990,5,19702,200073,991,5303,2821,6866,0,2471,1264,9538,1523,994,1477,1264,3462,2884,1892,1300,968,405,150,0,8,210,35,49,17,595
2021-09-23,13754,4,16628,197051,1111,5125,2240,6389,0,2354,1098,8850,1371,902,1452,1098,3120,2672,1763,1295,852,383,136,0,1,303,20,7,6,658
2021-09-24,14554,9,16751,194708,1079,5049,2269,7236,0,2334,1278,9269,1528,918,1416,1278,3260,2784,1884,1341,966,427,135,0,0,405,45,34,4,582
2021-09-25,13899,6,18074,190374,898,5017,1965,6917,0,2276,1176,8648,1546,904,1372,1176,3145,2658,1635,1210,901,481,164,0,3,284,72,23,24,470
2021-09-26,13104,8,20971,182380,825,4418,2032,6654,0,2128,1140,8275,1398,907,1221,1140,3074,2496,1502,1203,856,404,138,0,0,222,6,51,5,541
2021-09-27,10959,12,16430,176780,797,3714,1526,5719,0,1761,947,6804,1356,744,1017,947,2405,2065,1340,994,830,348,178,0,0,256,66,30,15,430
2021-09-28,11332,23,14160,173847,715,3809,1629,5894,0,1870,995,7107,1279,739,1131,995,2532,2180,1379,1016,786,355,138,0,3,298,0,3,56,355
2021-09-29,12434,8,17000,169158,710,3981,1661,6792,0,1896,959,7983,1448,796,1100,959,2859,2444,1490,1190,877,420,151,0,0,328,18,7,13,344
2021-09-30,12735,17,17725,164038,764,4148,1693,6894,0,2155,1134,7954,1330,860,1295,1134,2809,2429,1521,1195,816,389,125,0,0,294,24,11,3,432
2021-10-01,11889,14,15891,159939,868,3751,1505,6633,0,1985,982,7492,1293,832,1153,982,2632,2254,1443,1163,784,385,124,0,6,439,22,8,0,393
2021-10-02,10915,7,15396,155327,656,3660,1327,5928,0,1869,941,6802,1200,716,1153,941,2386,2062,1330,1024,728,348,124,0,0,194,79,1,2,380
2021-10-03,9066,12,14454,149835,388,2921,1133,5012,0,1624,832,5381,1062,659,965,832,1926,1566,1039,850,666,272,124,0,1,224,17,1,5,140
2021-10-04,8075,6,15456,142363,731,2647,1091,4337,0,1315,636,5063,979,517,798,636,1845,1493,945,780,594,291,94,0,5,73,25,8,7,613
2021-10-05,8817,14,15615,135468,619,2583,1078,5156,0,1344,681,5631,1047,544,800,681,2012,1694,1068,857,633,300,114,0,0,199,30,10,3,377
2021-10-06,9380,13,13045,131710,426,2922,1053,5405,0,1596,761,5888,1064,661,935,761,2093,1773,1102,920,630,324,110,0,2,147,35,6,2,234
2021-10-07,9890,18,12884,128622,697,3033,1147,5710,0,1665,773,6175,1215,666,999,773,2145,1887,1224,919,691,361,163,0,0,240,111,41,5,300
2021-10-08,9751,15,12724,125560,382,2952,1042,5757,0,1669,762,6038,1181,630,1039,762,2048,1960,1115,915,729,338,114,0,0,157,17,16,8,184
2021-10-09,8743,14,14422,119807,621,2605,952,5186,0,1603,720,5276,1075,638,965,720,1858,1641,965,812,597,336,142,0,0,271,105,42,0,203
2021-10-10,7373,2,10959,116139,334,2130,772,4471,0,1346,542,4511,929,551,795,542,1546,1389,851,725,555,256,118,0,1,142,48,15,3,125
2021-10-11,6709,6,10833,111934,282,1956,669,4084,0,1180,493,4087,912,467,713,493,1314,1273,839,661,523,284,105,0,5,137,28,7,0,105
2021-10-12,7276,10,10555,108560,379,2043,769,4463,1,1192,579,4507,908,507,685,579,1546,1383,909,669,523,278,107,0,10,140,20,64,0,145
2021-10-13,7950,29,10832,105598,500,2179,775,4996,0,1277,495,5006,1026,555,722,495,1730,1551,982,743,580,289,157,0,24,95,78,66,44,193
2021-10-14,8084,21,12456,101161,352,2333,705,5046,0,1414,545,5019,1047,536,878,545,1746,1497,1031,745,644,274,129,0,10,78,75,34,0,155
2021-10-15,7420,17,10145,98360,416,2184,587,4649,0,1342,423,4664,944,553,789,423,1560,1588,849,667,566,286,92,0,0,86,18,27,6,279
2021-10-16,7509,16,9531,96266,327,2157,583,4769,0,1244,468,4799,876,526,718,468,1684,1492,930,693,516,241,119,0,0,64,40,67,3,153
2021-10-17,6145,12,9231,93108,402,1813,505,3827,0,1117,365,3836,773,459,658,365,1302,1197,734,603,484,200,89,0,0,140,12,14,5,231
2021-10-18,5434,5,8435,90038,356,1449,446,3539,0,892,317,3497,700,388,504,317,1164,1131,675,527,422,194,84,0,14,45,24,34,0,239
2021-10-19,5745,12,8933,86766,219,1626,405,3714,0,947,305,3725,711,390,557,305,1243,1174,717,591,414,210,87,0,3,32,4,32,0,148
2021-10-20,5516,14,9401,82817,206,1397,371,3746,2,884,271,3590,741,386,498,271,1182,1133,711,564,447,218,76,0,0,34,19,10,0,143
2021-10-21,6210,42,7562,81405,303,1647,433,4124,6,1071,339,3949,826,438,633,339,1273,1270,809,597,527,205,94,0,6,66,19,19,0,193
2021-10-22,6630,15,7630,80334,250,1773,429,4422,6,1167,303,4252,851,476,691,303,1389,1377,829,657,522,238,91,0,9,100,4,31,0,106
2021-10-23,5828,7,9178,76921,256,1611,371,3838,8,1042,286,3711,740,428,614,286,1163,1230,765,553,451,218,71,0,6,68,12,8,0,162
2021-10-24,5666,20,6978,75552,148,1595,341,3716,14,1072,293,3543,733,446,626,293,1136,1181,681,545,437,217,79,0,7,37,10,3,0,91
2021-10-25,4782,15,7414,72850,109,1329,258,3186,9,928,227,2944,651,370,558,227,957,946,574,467,407,195,49,0,5,12,5,21,0,66
2021-10-26,5726,15,5607,72914,210,1470,301,3947,8,996,263,3656,741,414,582,263,1198,1187,677,594,457,196,88,0,0,15,1,25,0,169
2021-10-27,6148,21,7595,71401,200,1625,307,4199,17,1082,271,3940,809,459,623,271,1266,1312,787,575,499,222,88,0,5,30,3,14,0,148
2021-10-28,6377,32,6637,71086,231,1753,278,4327,19,1138,289,4081,828,456,682,289,1438,1282,768,593,480,248,100,0,2,27,26,35,1,140
2021-10-29,6060,13,7297,69790,200,1552,263,4218,27,1071,263,3905,757,425,646,263,1311,1231,774,589,458,223,76,0,3,32,18,60,0,87
2021-10-30,5854,13,6715,68871,274,1592,279,3969,14,1023,266,3779,744,416,607,266,1255,1211,749,564,449,229,66,0,0,40,10,50,0,174
2021-10-31,4979,23,6127,67686,121,1267,181,3508,23,855,194,3241,685,364,491,194,1038,1037,639,527,419,194,72,0,0,12,3,37,0,69
2021-11-01,4626,6,5299,66956,144,1190,159,3252,25,818,151,2976,646,306,512,151,988,943,607,438,384,179,83,0,0,12,26,28,0,78
2021-11-02,5071,15,5372,66607,146,1317,184,3534,36,829,175,3291,715,351,478,175,1110,1069,589,523,439,204,72,0,0,15,3,7,0,121
2021-11-03,5291,7,4947,66896,149,1365,177,3711,38,884,199,3513,643,347,537,199,1188,1146,656,523,426,150,67,0,4,39,2,8,4,92
2021-11-04,5713,32,5865,66693,162,1451,155,4055,52,1004,191,3734,734,389,615,191,1187,1258,724,565,432,216,86,0,0,19,18,18,2,105
2021-11-05,4922,10,5579,65978,154,1199,117,3561,45,824,173,3215,677,342,482,173,1087,1014,633,481,421,191,65,0,0,60,0,35,0,59
2021-11-06,4701,28,5382,65255,112,1245,118,3270,68,847,164,2999,686,352,495,164,983,977,588,451,414,204,68,0,0,0,21,9,0,82
2021-11-07,4343,9,5190,64349,124,1135,78,3070,60,711,150,2820,604,289,422,150,950,891,519,460,392,166,46,0,0,29,0,5,0,90
2021-11-08,4543,15,7348,61491,80,1143,89,3265,46,762,150,2924,667,312,450,150,936,971,565,452,428,185,54,0,1,1,3,10,2,63
2021-11-09,5403,25,5311,61531,134,1449,122,3770,62,948,208,3540,657,366,582,208,1181,1130,665,564,398,180,79,0,0,8,5,46,0,75
2021-11-10,6243,24,5068,62666,247,1484,148,4528,83,1015,207,4208,812,395,620,207,1332,1451,833,592,528,215,69,0,0,2,19,55,2,169
2021-11-11,6323,25,5337,63603,135,1600,124,4533,66,1099,245,4147,770,409,690,245,1329,1359,839,620,492,204,74,0,0,6,24,24,0,81
2021-11-12,6517,16,6026,64046,240,1570,104,4776,67,1093,246,4288,823,404,689,246,1427,1410,815,636,511,235,77,0,0,26,13,69,0,132
2021-11-13,5809,27,4712,65099,118,1412,92,4222,83,951,178,3839,810,378,573,178,1228,1237,788,586,525,215,70,0,0,2,29,28,0,59
2021-11-14,5162,11,5019,65204,106,1253,82,3768,59,904,181,3256,783,362,542,181,1030,1067,662,497,482,229,72,0,0,3,28,5,0,70
2021-11-15,5143,13,4551,65752,151,1272,65,3742,64,863,195,3381,677,340,523,195,1210,1029,624,518,431,175,71,0,0,0,2,93,5,51
2021-11-16,5413,17,6013,65106,198,1334,87,3892,100,939,220,3508,699,363,576,220,1134,1069,696,609,445,181,73,0,0,39,5,16,0,138
2021-11-17,6288,22,4743,66590,139,1463,75,4665,85,1049,225,4185,787,396,653,225,1349,1347,781,708,498,221,68,0,0,34,0,15,0,113
2021-11-18,6380,28,5760,67175,247,1538,68,4651,123,1054,241,4253,832,407,647,241,1367,1360,861,665,496,259,77,0,0,27,41,68,0,111
2021-11-19,6355,31,5031,68454,168,1647,74,4513,121,1171,228,4193,728,468,703,228,1397,1282,863,651,479,197,52,0,0,18,7,40,0,103
2021-11-20,5859,19,4970,69305,156,1481,69,4184,125,1011,251,3846,730,378,633,251,1198,1225,795,628,458,210,62,0,0,21,0,34,0,101
2021-11-21,4854,12,5525,68588,114,1145,53,3567,89,779,189,3260,604,314,465,189,1063,1065,621,511,378,158,68,0,0,14,4,8,5,83
2021-11-22,4885,18,5628,67804,228,1167,47,3578,93,806,200,3205,661,306,500,200,1048,1021,620,516,385,200,76,0,0,14,2,42,3,167
2021-11-23,5594,24,4908,68442,212,1365,76,4047,106,928,212,3760,677,339,589,212,1191,1154,779,636,435,193,49,0,23,4,6,88,0,91
2021-11-24,5755,23,5082,69072,175,1424,72,4113,146,950,227,3798,745,350,600,227,1245,1188,808,557,468,194,83,0,3,16,3,36,0,117
2021-11-25,6144,12,6602,68564,205,1493,60,4466,125,1028,245,4033,817,394,634,245,1338,1253,801,641,514,229,74,0,15,22,16,28,0,124
2021-11-26,5501,25,6664,67358,123,1320,57,4013,111,906,196,3722,661,342,564,196,1203,1175,764,580,420,185,56,0,11,8,5,52,0,47
2021-11-27,5097,17,5352,67057,165,1237,53,3697,110,817,212,3409,631,315,502,212,1064,1093,684,568,399,174,58,0,6,8,45,40,30,36
2021-11-28,4239,12,5007,66252,88,1035,34,3078,92,722,155,2818,524,272,450,155,932,840,564,482,334,143,47,0,4,6,2,30,0,46
2021-11-29,4087,21,4984,65314,182,1032,35,2936,84,692,202,2626,546,271,421,202,878,776,551,421,331,163,52,0,0,23,6,109,0,44
2021-11-30,4879,24,5168,64992,97,1127,56,3592,104,787,209,3290,583,308,479,209,1072,974,708,536,358,165,60,0,25,0,28,33,0,31
2021-12-01,5439,21,6803,63597,110,1366,52,3899,122,891,197,3668,645,338,553,197,1172,1183,767,546,387,197,61,0,25,0,8,33,0,31
2021-12-02,5806,11,7246,62113,339,1326,40,4271,169,950,304,3875,643,344,606,304,1279,1207,779,610,410,174,59,0,14,2,13,148,52,110
2021-12-03,5551,23,5301,62317,179,1313,46,4045,147,916,304,3683,626,359,557,304,1270,1154,737,522,411,167,48,0,6,0,3,104,0,66
2021-12-04,4896,18,4676,62495,159,1144,56,3528,168,830,211,3298,537,330,500,211,1120,1030,648,500,327,158,52,0,3,1,22,52,0,81
2021-12-05,4298,23,4928,61827,136,1017,39,3092,150,734,184,2866,509,281,453,184,1008,898,535,425,330,130,49,0,13,3,12,69,0,39
2021-12-06,4262,15,5894,60153,97,1037,38,3056,131,707,185,2804,542,289,418,185,952,867,560,425,352,141,49,0,10,0,2,30,0,55
2021-12-07,4965,29,4817,60265,138,1130,48,3640,147,763,229,3314,645,305,458,229,1111,1040,673,490,395,169,81,0,3,13,39,36,0,47
2021-12-08,5020,17,4525,60723,154,1162,41,3675,142,768,223,3434,575,301,467,223,1148,1042,712,532,378,154,43,0,2,3,0,32,1,116
2021-12-09,5446,20,5427,60714,367,1206,54,4035,151,840,282,3724,574,335,505,282,1300,1251,688,485,367,161,46,0,0,1,8,153,0,205
2021-12-10,5058,17,4997,60745,190,1227,43,3631,157,816,223,3410,581,311,505,223,1138,1139,671,462,356,163,62,0,3,1,12,52,0,122
2021-12-11,4626,20,4690,60656,105,1105,38,3339,144,757,192,3113,553,269,488,192,1079,1002,618,414,340,154,59,0,0,5,6,18,0,76
2021-12-12,3490,14,5399,58718,167,803,29,2529,129,522,143,2318,487,201,321,143,811,718,428,361,276,136,75,0,0,8,41,42,0,76
2021-12-13,3504,24,4401,57790,103,796,29,2571,108,551,154,2317,475,237,314,154,776,736,421,384,296,142,37,0,0,30,12,27,0,34
2021-12-14,4097,18,4301,57553,152,954,43,2962,138,633,159,2771,511,253,380,159,884,921,566,400,312,149,50,0,0,0,17,12,0,123
2021-12-15,3900,19,4552,56873,137,879,24,2854,143,562,139,2720,458,220,342,139,955,837,550,378,289,129,40,0,0,8,17,49,1,62
2021-12-16,4262,36,4985,56123,125,954,29,3110,169,624,142,2927,521,254,370,142,1011,949,572,395,343,132,46,2,0,15,1,19,0,88
2021-12-17,4362,28,5098,55343,208,967,46,3170,179,648,193,2976,490,266,382,193,1011,986,576,403,298,128,64,0,0,31,46,30,0,101
2021-12-18,4083,34,5435,53955,209,1023,23,2892,145,660,142,2757,503,271,389,142,963,882,526,386,327,134,42,0,0,12,21,4,0,172
2021-12-19,3108,37,3701,53329,88,692,22,2251,143,451,105,2152,390,182,269,105,746,696,437,273,249,119,22,0,0,18,0,22,0,48
2021-12-20,2589,46,3810,52067,34,651,21,1821,96,458,99,1659,370,196,262,99,555,555,314,235,251,85,34,2,0,10,0,5,2,15
2021-12-21,3140,58,4277,50901,47,744,23,2213,160,501,152,2054,391,183,318,152,702,662,406,284,252,106,33,0,0,1,1,25,0,20
2021-12-22,3519,100,5118,49283,79,825,27,2498,169,515,163,2369,444,212,303,163,802,774,442,351,265,149,30,6,0,4,46,9,0,14
2021-12-23,3510,95,4997,47767,59,756,16,2549,189,527,133,2387,443,235,292,133,824,739,480,344,282,113,48,5,2,20,15,2,1,14
2021-12-24,3528,103,4489,46781,94,771,27,2526,204,531,148,2409,420,210,321,148,854,772,440,343,267,111,42,0,0,35,6,8,0,45
2021-12-25,3160,156,4420,45500,71,673,13,2262,212,447,135,2131,431,190,257,135,734,649,416,332,276,121,34,0,1,17,10,16,0,27
2021-12-26,2778,129,3539,44723,58,639,12,1951,176,432,120,1855,370,180,252,120,620,578,364,293,219,114,37,0,3,1,0,4,0,50
2021-12-27,2757,147,4620,42834,88,590,15,1975,177,411,143,1854,343,148,263,143,627,597,327,303,214,103,26,5,0,14,9,5,0,55
2021-12-28,2897,192,3434,42269,51,605,16,2097,179,417,137,1957,352,167,250,137,674,611,379,293,226,85,41,2,0,22,3,6,0,18
2021-12-29,3683,239,4322,41610,104,733,20,2675,255,490,145,2530,499,192,298,145,880,815,458,377,329,124,46,9,1,3,0,5,0,86
2021-12-30,3997,366,3984,41611,87,886,19,2793,299,578,182,2674,546,222,356,182,925,834,492,423,353,153,40,0,1,9,13,2,0,62
2021-12-31,3573,343,3988,41195,141,740,19,2512,302,476,150,2495,424,175,301,150,842,817,457,379,275,113,36,3,2,9,1,4,29,93
2022-01-01,3386,346,3547,41034,211,773,16,2292,305,493,151,2296,405,195,298,151,779,734,462,321,263,108,34,8,2,9,5,4,70,92
