week,state,abs_0_4,abs_5_11,abs_12_17,abs_18_29,abs_30_39,abs_40_49,abs_50_59,abs_60_69,abs_70_79,abs_80_+,perc_0_4,perc_5_11,perc_12_17,perc_18_29,perc_30_39,perc_40_49,perc_50_59,perc_60_69,perc_70_79,perc_80_+,capita_0_4,capita_5_11,capita_12_17,capita_18_29,capita_30_39,capita_40_49,capita_50_59,capita_60_69,capita_70_79,capita_80_+
w24,Malaysia,4609,6074,5186,23132,17824,10608,6897,3651,1254,451,5.78,7.62,6.51,29.03,22.37,13.31,8.66,4.58,1.57,0.57,186.87,167.15,164.77,315.91,325.58,276.1,220.93,167.42,117.09,113.54
w23,Malaysia,5492,7719,6561,27488,21212,12878,8700,4730,1709,545,5.66,7.95,6.76,28.33,21.86,13.27,8.97,4.87,1.76,0.56,222.67,212.42,208.45,375.4,387.47,335.18,278.69,216.9,159.57,137.21
w22,Malaysia,6682,9847,8404,32206,24789,15157,9949,5417,1953,680,5.81,8.56,7.3,27.98,21.54,13.17,8.64,4.71,1.7,0.59,270.92,270.98,267.01,439.83,452.81,394.5,318.69,248.41,182.35,171.2
w21,Malaysia,7203,10585,9270,36083,28256,17677,11415,6184,2263,814,5.55,8.16,7.14,27.81,21.78,13.62,8.8,4.77,1.74,0.63,292.05,291.28,294.52,492.78,516.14,460.09,365.65,283.58,211.3,204.93
w20,Malaysia,7708,11935,10196,38532,30269,18734,12328,6707,2584,986,5.51,8.53,7.28,27.53,21.62,13.38,8.81,4.79,1.85,0.7,312.52,328.44,323.94,526.23,552.91,487.6,394.9,307.56,241.27,248.24
w19,Malaysia,8325,12539,11157,38831,30127,19106,12551,7033,2960,1085,5.79,8.72,7.76,27.02,20.96,13.29,8.73,4.89,2.06,0.75,337.54,345.06,354.47,530.31,550.32,497.28,402.04,322.51,276.38,273.16
w18,Malaysia,8556,13172,11706,39648,30260,19484,12279,7598,3197,1172,5.82,8.96,7.96,26.96,20.57,13.25,8.35,5.17,2.17,0.8,346.9,362.48,371.91,541.47,552.74,507.12,393.33,348.42,298.51,295.07
w17,Malaysia,8060,12173,11260,33927,27155,17567,11722,7677,3317,1236,6.01,9.08,8.4,25.3,20.25,13.1,8.74,5.73,2.47,0.92,326.79,334.98,357.74,463.34,496.03,457.22,375.49,352.04,309.71,311.18
w16,Malaysia,8108,12423,11290,32937,26064,16710,11346,7833,3444,1259,6.17,9.45,8.59,25.06,19.83,12.72,8.63,5.96,2.62,0.96,328.74,341.86,358.7,449.82,476.1,434.92,363.44,359.2,321.57,316.97
w15,Malaysia,7323,11148,9773,27486,22814,14399,10324,7069,3201,1180,6.38,9.72,8.52,23.96,19.89,12.55,9.0,6.16,2.79,1.03,296.91,306.78,310.5,375.37,416.73,374.77,330.71,324.16,298.88,297.08
w14,Malaysia,6304,9471,8302,22153,18610,11859,8779,6341,2909,1083,6.58,9.89,8.66,23.12,19.42,12.38,9.16,6.62,3.04,1.13,255.6,260.63,263.76,302.54,339.94,308.66,281.22,290.78,271.62,272.66
w13,Malaysia,5119,7595,6479,16989,14428,9147,7218,5251,2460,880,6.77,10.05,8.57,22.48,19.09,12.1,9.55,6.95,3.26,1.16,207.55,209.0,205.85,232.02,263.55,238.07,231.21,240.79,229.69,221.55
w12,Malaysia,4157,6246,4732,13016,11617,7164,5809,4358,2199,866,6.91,10.38,7.87,21.63,19.31,11.91,9.66,7.24,3.66,1.44,168.55,171.88,150.34,177.76,212.2,186.46,186.08,199.84,205.32,218.03
w11,Malaysia,3524,4954,3192,10732,9839,6110,4647,3735,1762,777,7.15,10.05,6.48,21.78,19.97,12.4,9.43,7.58,3.58,1.58,142.88,136.33,101.41,146.57,179.72,159.03,148.86,171.28,164.52,195.62
w10,Malaysia,2934,4177,2024,8343,8311,5086,3974,3205,1501,547,7.32,10.42,5.05,20.8,20.72,12.68,9.91,7.99,3.74,1.36,118.96,114.95,64.31,113.94,151.81,132.38,127.3,146.97,140.15,137.71
w9,Malaysia,2840,4143,1697,8494,8203,5001,3880,3146,1491,573,7.2,10.5,4.3,21.52,20.78,12.67,9.83,7.97,3.78,1.45,115.15,114.01,53.92,116.0,149.84,130.16,124.29,144.27,139.22,144.26
w8,Malaysia,2382,3479,1202,7441,7326,4274,3455,2952,1316,458,6.95,10.15,3.51,21.7,21.37,12.47,10.08,8.61,3.84,1.34,96.58,95.74,38.19,101.62,133.82,111.24,110.67,135.37,122.88,115.31
w7,Malaysia,2654,4219,1460,8737,8683,5226,4013,3367,1453,512,6.58,10.46,3.62,21.67,21.53,12.96,9.95,8.35,3.6,1.27,107.61,116.1,46.39,119.32,158.61,136.02,128.55,154.4,135.67,128.9
w6,Malaysia,2632,4177,1554,8556,8369,5237,4288,3139,1426,476,6.6,10.48,3.9,21.47,21.0,13.14,10.76,7.88,3.58,1.19,106.71,114.95,49.37,116.85,152.87,136.31,137.36,143.94,133.15,119.84
w5,Malaysia,2283,3760,1449,7851,7479,4951,3885,2901,1281,419,6.3,10.37,4.0,21.65,20.63,13.65,10.71,8.0,3.53,1.16,92.56,103.47,46.04,107.22,136.62,128.86,124.45,133.03,119.61,105.49
w4,Malaysia,2249,3566,1594,7873,7313,4734,3564,2575,1132,378,6.43,10.19,4.56,22.51,20.91,13.53,10.19,7.36,3.24,1.08,91.19,98.13,50.64,107.52,133.58,123.21,114.16,118.08,105.7,95.17
w3,Malaysia,1959,3058,1446,7363,6928,4211,3128,2408,1079,403,6.13,9.56,4.52,23.02,21.66,13.17,9.78,7.53,3.37,1.26,79.43,84.15,45.94,100.56,126.55,109.6,100.2,110.42,100.75,101.46
w2,Malaysia,1642,2394,979,6125,5826,3541,2470,2069,876,298,6.26,9.13,3.73,23.36,22.22,13.5,9.42,7.89,3.34,1.14,66.57,65.88,31.1,83.65,106.42,92.16,79.12,94.88,81.79,75.03
w1,Malaysia,1358,2006,994,5163,4771,2875,2250,1775,817,250,6.1,9.01,4.47,23.2,21.43,12.92,10.11,7.97,3.67,1.12,55.06,55.2,31.58,70.51,87.15,74.83,72.07,81.4,76.28,62.94
w0,Malaysia,1246,1958,1023,5384,5004,2963,2397,1933,780,261,5.43,8.53,4.46,23.46,21.8,12.91,10.44,8.42,3.4,1.14,50.52,53.88,32.5,73.53,91.41,77.12,76.78,88.64,72.83,65.71
w24,Klang Valley,2495,3251,2690,12884,10637,6020,3922,1975,618,246,5.58,7.27,6.01,28.8,23.78,13.46,8.77,4.41,1.38,0.55,401.19,354.84,373.92,782.32,634.97,509.69,470.72,381.86,257.5,348.44
w23,Klang Valley,3103,4160,3464,16460,13531,7995,5091,2753,903,286,5.37,7.2,6.0,28.5,23.43,13.85,8.82,4.77,1.56,0.5,498.95,454.05,481.51,999.45,807.72,676.91,611.02,532.29,376.25,405.1
w22,Klang Valley,3135,4453,3759,16659,14329,8373,4929,2645,914,320,5.27,7.48,6.32,27.99,24.08,14.07,8.28,4.44,1.54,0.54,504.1,486.03,522.52,1011.54,855.36,708.92,591.57,511.41,380.83,453.26
w21,Klang Valley,3058,4213,3583,18109,15643,9531,5529,2826,992,361,4.79,6.6,5.61,28.36,24.5,14.93,8.66,4.43,1.55,0.57,491.72,459.83,498.05,1099.58,933.8,806.96,663.59,546.4,413.33,511.33
w20,Klang Valley,2962,4198,3385,15685,14172,8484,5119,2735,1033,395,5.09,7.22,5.82,26.96,24.36,14.59,8.8,4.7,1.78,0.68,476.28,458.2,470.53,952.4,845.99,718.31,614.38,528.81,430.42,559.49
w19,Klang Valley,2622,3487,3108,13173,11933,7553,4408,2459,1018,361,5.23,6.96,6.2,26.28,23.81,15.07,8.79,4.91,2.03,0.72,421.61,380.59,432.03,799.87,712.33,639.49,529.04,475.44,424.17,511.33
w18,Klang Valley,2091,2933,2571,10845,9888,6260,3555,2064,859,300,5.05,7.09,6.22,26.22,23.9,15.13,8.59,4.99,2.08,0.73,336.23,320.13,357.38,658.51,590.26,530.01,426.67,399.07,357.92,424.93
w17,Klang Valley,1589,2272,1926,7149,6803,4273,2752,1516,645,232,5.45,7.79,6.61,24.52,23.33,14.66,9.44,5.2,2.21,0.8,255.51,247.98,267.72,434.09,406.1,361.78,330.29,293.12,268.75,328.61
w16,Klang Valley,1189,1581,1350,5274,5205,3004,1892,1114,485,157,5.6,7.44,6.35,24.82,24.49,14.14,8.9,5.24,2.28,0.74,191.19,172.56,187.66,320.24,310.71,254.34,227.08,215.39,202.08,222.38
w15,Klang Valley,1085,1503,1043,4569,4536,2596,1660,927,409,147,5.87,8.14,5.65,24.73,24.55,14.05,8.99,5.02,2.21,0.8,174.47,164.05,144.98,277.43,270.77,219.8,199.23,179.23,170.42,208.22
w14,Klang Valley,908,1352,1029,3655,3661,2176,1338,812,342,109,5.9,8.79,6.69,23.76,23.8,14.15,8.7,5.28,2.22,0.71,146.0,147.57,143.04,221.93,218.54,184.24,160.59,157.0,142.5,154.39
w13,Klang Valley,754,988,718,2596,2359,1374,974,552,217,68,7.11,9.32,6.77,24.49,22.25,12.96,9.19,5.21,2.05,0.64,121.24,107.84,99.81,157.63,140.82,116.33,116.9,106.73,90.42,96.32
w12,Klang Valley,704,981,767,2478,2360,1435,849,505,218,78,6.79,9.46,7.39,23.88,22.75,13.83,8.18,4.87,2.1,0.75,113.2,107.07,106.62,150.46,140.88,121.5,101.9,97.64,90.83,110.48
w11,Klang Valley,726,997,738,2729,2470,1479,934,476,225,74,6.69,9.19,6.8,25.16,22.77,13.63,8.61,4.39,2.07,0.68,116.74,108.82,102.59,165.71,147.45,125.22,112.1,92.03,93.75,104.82
w10,Klang Valley,637,913,493,2043,2079,1226,759,498,174,40,7.19,10.3,5.56,23.05,23.46,13.83,8.56,5.62,1.96,0.45,102.43,99.65,68.53,124.05,124.1,103.8,91.09,96.29,72.5,56.66
w9,Klang Valley,727,1034,527,2428,2394,1447,915,507,224,63,7.08,10.07,5.13,23.65,23.32,14.1,8.91,4.94,2.18,0.61,116.9,112.86,73.26,147.43,142.91,122.51,109.82,98.03,93.33,89.24
w8,Klang Valley,575,896,342,2199,2211,1292,822,471,173,48,6.37,9.92,3.79,24.35,24.49,14.31,9.1,5.22,1.92,0.53,92.46,97.8,47.54,133.52,131.98,109.39,98.66,91.07,72.08,67.99
w7,Klang Valley,739,1324,436,3019,3081,1809,1156,711,246,90,5.86,10.5,3.46,23.94,24.43,14.34,9.17,5.64,1.95,0.71,118.83,144.51,60.61,183.31,183.92,153.16,138.74,137.47,102.5,127.48
w6,Klang Valley,778,1285,437,2958,2871,1847,1217,671,247,62,6.29,10.39,3.53,23.91,23.2,14.93,9.84,5.42,2.0,0.5,125.1,140.25,60.75,179.61,171.38,156.38,146.06,129.74,102.92,87.82
w5,Klang Valley,752,1289,415,2863,2928,1854,1185,646,229,78,6.14,10.53,3.39,23.39,23.92,15.15,9.68,5.28,1.87,0.64,120.92,140.69,57.69,173.84,174.79,156.97,142.22,124.9,95.42,110.48
w4,Klang Valley,739,1128,508,2893,2840,1791,1048,506,254,72,6.27,9.58,4.31,24.56,24.11,15.21,8.9,4.3,2.16,0.61,118.83,123.12,70.61,175.66,169.53,151.64,125.78,97.83,105.83,101.98
w3,Klang Valley,563,1026,360,2711,2723,1567,787,543,206,59,5.34,9.73,3.41,25.71,25.82,14.86,7.46,5.15,1.95,0.56,90.53,111.98,50.04,164.61,162.55,132.67,94.46,104.99,85.83,83.57
w2,Klang Valley,478,813,333,2491,2302,1387,733,482,183,66,5.16,8.77,3.59,26.88,24.84,14.97,7.91,5.2,1.97,0.71,76.86,88.74,46.29,151.25,137.42,117.43,87.97,93.19,76.25,93.48
w1,Klang Valley,374,630,275,1754,1731,1008,552,391,180,46,5.39,9.08,3.96,25.27,24.94,14.52,7.95,5.63,2.59,0.66,60.14,68.76,38.23,106.5,103.33,85.34,66.25,75.6,75.0,65.16
w0,Klang Valley,332,546,281,1891,1824,989,628,422,167,45,4.66,7.66,3.94,26.54,25.6,13.88,8.81,5.92,2.34,0.63,53.38,59.59,39.06,114.82,108.88,83.74,75.37,81.59,69.58,63.74
w24,Johor,223,270,208,1436,1093,559,327,145,40,16,5.17,6.25,4.82,33.26,25.32,12.95,7.57,3.36,0.93,0.37,75.06,65.52,57.79,177.72,179.27,118.96,86.33,54.95,30.89,30.71
w23,Johor,358,490,413,1786,1378,756,453,224,93,42,5.97,8.18,6.89,29.8,22.99,12.61,7.56,3.74,1.55,0.7,120.5,118.9,114.75,221.04,226.01,160.89,119.59,84.88,71.81,80.61
w22,Johor,472,647,536,2062,1369,886,607,316,90,38,6.72,9.21,7.63,29.36,19.49,12.62,8.64,4.5,1.28,0.54,158.87,157.0,148.93,255.2,224.54,188.55,160.24,119.74,69.5,72.94
w21,Johor,533,750,666,2583,1661,1041,783,369,139,68,6.2,8.73,7.75,30.06,19.33,12.11,9.11,4.29,1.62,0.79,179.4,181.99,185.05,319.68,272.43,221.54,206.71,139.83,107.34,130.52
w20,Johor,658,925,764,3243,2140,1238,905,416,173,89,6.24,8.77,7.24,30.74,20.28,11.73,8.58,3.94,1.64,0.84,221.47,224.46,212.28,401.36,350.99,263.46,238.91,157.64,133.59,170.83
w19,Johor,549,820,648,3150,2126,1210,736,386,187,88,5.55,8.28,6.55,31.82,21.47,12.22,7.43,3.9,1.89,0.89,184.79,198.98,180.05,389.85,348.7,257.5,194.3,146.27,144.4,168.91
w18,Johor,724,1021,843,4378,2976,1728,1020,505,234,96,5.35,7.55,6.23,32.37,22.0,12.78,7.54,3.73,1.73,0.71,243.69,247.76,234.23,541.83,488.11,367.74,269.27,191.36,180.69,184.26
w17,Johor,783,1051,861,4707,3526,1886,979,625,303,106,5.28,7.09,5.81,31.75,23.78,12.72,6.6,4.22,2.04,0.71,263.55,255.04,239.23,582.55,578.32,401.36,258.45,236.83,233.98,203.45
w16,Johor,804,1058,908,4445,3354,1970,1019,644,275,124,5.51,7.25,6.22,30.44,22.97,13.49,6.98,4.41,1.88,0.85,270.62,256.73,252.29,550.12,550.11,419.24,269.01,244.03,212.36,238.0
w15,Johor,836,1151,949,3826,3125,1851,1034,733,336,123,5.99,8.24,6.8,27.4,22.38,13.26,7.4,5.25,2.41,0.88,281.39,279.3,263.68,473.51,512.55,393.91,272.97,277.76,259.46,236.08
w14,Johor,688,937,811,3028,2475,1491,991,684,321,115,5.96,8.12,7.03,26.24,21.45,12.92,8.59,5.93,2.78,1.0,231.57,227.37,225.34,374.75,405.94,317.3,261.62,259.19,247.88,220.73
w13,Johor,467,700,590,1955,1684,1037,660,478,222,94,5.92,8.88,7.48,24.79,21.35,13.15,8.37,6.06,2.81,1.19,157.19,169.86,163.93,241.96,276.2,220.69,174.23,181.13,171.43,180.42
w12,Johor,457,644,465,1472,1290,698,535,369,197,51,7.4,10.42,7.53,23.83,20.88,11.3,8.66,5.97,3.19,0.83,153.82,156.27,129.2,182.18,211.58,148.54,141.24,139.83,152.12,97.89
w11,Johor,397,541,320,1201,1014,650,420,365,149,73,7.74,10.55,6.24,23.41,19.77,12.67,8.19,7.12,2.9,1.42,133.63,131.28,88.91,148.64,166.31,138.33,110.88,138.31,115.06,140.12
w10,Johor,304,407,240,889,810,452,395,269,139,66,7.66,10.25,6.04,22.39,20.4,11.38,9.95,6.77,3.5,1.66,102.32,98.76,66.69,110.02,132.85,96.19,104.28,101.93,107.34,126.68
w9,Johor,295,385,168,715,611,404,302,258,98,41,9.0,11.75,5.13,21.82,18.65,12.33,9.22,7.87,2.99,1.25,99.29,93.42,46.68,88.49,100.21,85.98,79.73,97.76,75.68,78.69
w8,Johor,245,363,109,592,556,304,263,216,93,29,8.84,13.1,3.94,21.37,20.07,10.97,9.49,7.8,3.36,1.05,82.46,88.09,30.29,73.27,91.19,64.69,69.43,81.85,71.81,55.66
w7,Johor,270,402,115,795,730,440,315,262,99,28,7.81,11.63,3.33,23.0,21.12,12.73,9.11,7.58,2.86,0.81,90.88,97.55,31.95,98.39,119.73,93.64,83.16,99.28,76.45,53.74
w6,Johor,273,458,180,764,683,390,321,226,108,39,7.93,13.31,5.23,22.2,19.84,11.33,9.33,6.57,3.14,1.13,91.89,111.14,50.01,94.55,112.02,83.0,84.74,85.64,83.4,74.86
w5,Johor,231,400,123,696,634,420,333,269,103,34,7.12,12.33,3.79,21.46,19.55,12.95,10.27,8.29,3.18,1.05,77.75,97.06,34.18,86.14,103.99,89.38,87.91,101.93,79.54,65.26
w4,Johor,267,407,129,732,614,429,383,235,93,38,8.03,12.23,3.88,22.0,18.46,12.89,11.51,7.06,2.8,1.14,89.87,98.76,35.84,90.59,100.71,91.3,101.11,89.05,71.81,72.94
w3,Johor,192,339,159,681,587,397,337,234,107,37,6.25,11.04,5.18,22.18,19.12,12.93,10.98,7.62,3.49,1.21,64.62,82.26,44.18,84.28,96.28,84.49,88.97,88.67,82.63,71.02
w2,Johor,235,281,100,584,548,354,283,259,93,27,8.5,10.17,3.62,21.13,19.83,12.81,10.24,9.37,3.36,0.98,79.1,68.19,27.79,72.28,89.88,75.34,74.71,98.14,71.81,51.82
w1,Johor,192,287,152,613,504,347,271,253,106,31,6.97,10.41,5.52,22.24,18.29,12.59,9.83,9.18,3.85,1.12,64.62,69.64,42.23,75.87,82.66,73.85,71.54,95.87,81.85,59.5
w0,Johor,157,271,146,553,570,350,299,223,99,35,5.81,10.03,5.4,20.46,21.09,12.95,11.06,8.25,3.66,1.29,52.84,65.76,40.57,68.44,93.49,74.48,78.93,84.5,76.45,67.18
w24,Kedah,229,371,379,1088,678,578,401,229,97,30,5.61,9.09,9.29,26.67,16.62,14.17,9.83,5.61,2.38,0.74,130.86,143.74,179.28,219.09,224.06,241.34,182.85,136.96,117.58,91.19
w23,Kedah,344,539,511,1482,1002,742,635,322,140,42,5.97,9.36,8.87,25.73,17.4,12.88,11.03,5.59,2.43,0.73,196.57,208.83,241.72,298.43,331.13,309.81,289.56,192.58,169.7,127.66
w22,Kedah,527,807,761,2214,1349,1119,922,453,190,61,6.27,9.6,9.06,26.35,16.05,13.32,10.97,5.39,2.26,0.73,301.14,312.67,359.98,445.83,445.8,467.22,420.43,270.93,230.3,185.41
w21,Kedah,547,921,906,2549,1554,1181,983,504,208,81,5.8,9.76,9.6,27.02,16.47,12.52,10.42,5.34,2.2,0.86,312.57,356.84,428.57,513.29,513.55,493.11,448.24,301.44,252.12,246.2
w20,Kedah,715,1206,1099,3148,1998,1524,1161,608,254,83,6.06,10.22,9.32,26.69,16.94,12.92,9.84,5.15,2.15,0.7,408.57,467.26,519.87,633.91,660.28,636.33,529.41,363.64,307.88,252.28
w19,Kedah,838,1366,1274,3232,2109,1508,1221,637,249,106,6.68,10.89,10.16,25.77,16.82,12.03,9.74,5.08,1.99,0.85,478.86,529.25,602.65,650.83,696.96,629.65,556.77,380.98,301.82,322.19
w18,Kedah,895,1552,1392,3342,2144,1577,1179,711,255,95,6.81,11.81,10.59,25.43,16.31,12.0,8.97,5.41,1.94,0.72,511.43,601.32,658.47,672.98,708.53,658.46,537.62,425.24,309.09,288.75
w17,Kedah,883,1433,1311,2725,1884,1426,944,708,299,83,7.55,12.25,11.21,23.3,16.11,12.19,8.07,6.05,2.56,0.71,504.57,555.21,620.15,548.73,622.6,595.41,430.46,423.44,362.42,252.28
w16,Kedah,744,1229,1124,2206,1564,1181,709,574,223,88,7.72,12.75,11.66,22.88,16.22,12.25,7.35,5.95,2.31,0.91,425.14,476.17,531.69,444.22,516.85,493.11,323.3,343.3,270.3,267.48
w15,Kedah,602,1031,917,1555,1162,853,629,426,160,76,8.12,13.91,12.37,20.98,15.68,11.51,8.49,5.75,2.16,1.03,344.0,399.46,433.77,313.13,384.01,356.16,286.82,254.78,193.94,231.0
w14,Kedah,457,717,656,1152,840,597,426,356,149,55,8.46,13.27,12.14,21.31,15.54,11.05,7.88,6.59,2.76,1.02,261.14,277.8,310.31,231.98,277.59,249.27,194.25,212.92,180.61,167.17
w13,Kedah,447,674,573,992,802,574,399,344,149,48,8.94,13.47,11.46,19.83,16.03,11.48,7.98,6.88,2.98,0.96,255.43,261.14,271.05,199.76,265.04,239.67,181.94,205.74,180.61,145.9
w12,Kedah,302,499,365,611,540,353,299,243,103,35,9.01,14.9,10.9,18.24,16.12,10.54,8.93,7.25,3.07,1.04,172.57,193.34,172.66,123.04,178.45,147.39,136.34,145.33,124.85,106.38
w11,Kedah,273,484,287,493,479,320,219,213,86,33,9.46,16.76,9.94,17.08,16.59,11.08,7.59,7.38,2.98,1.14,156.0,187.52,135.76,99.28,158.29,133.61,99.86,127.39,104.24,100.3
w10,Kedah,238,398,195,474,441,285,191,141,68,29,9.67,16.18,7.93,19.27,17.93,11.59,7.76,5.73,2.76,1.18,136.0,154.2,92.24,95.45,145.74,119.0,87.1,84.33,82.42,88.15
w9,Kedah,260,424,163,541,485,281,239,200,77,25,9.65,15.73,6.05,20.07,18.0,10.43,8.87,7.42,2.86,0.93,148.57,164.28,77.11,108.94,160.28,117.33,108.98,119.62,93.33,75.99
w8,Kedah,203,300,88,478,427,239,207,154,73,30,9.23,13.64,4.0,21.74,19.42,10.87,9.41,7.0,3.32,1.36,116.0,116.23,41.63,96.25,141.11,99.79,94.39,92.11,88.48,91.19
w7,Kedah,218,356,109,523,500,286,237,234,79,44,8.43,13.77,4.22,20.22,19.33,11.06,9.16,9.05,3.05,1.7,124.57,137.93,51.56,105.32,165.23,119.42,108.07,139.95,95.76,133.74
w6,Kedah,213,407,140,578,524,313,256,200,73,35,7.78,14.86,5.11,21.1,19.13,11.43,9.35,7.3,2.67,1.28,121.71,157.69,66.23,116.39,173.17,130.69,116.74,119.62,88.48,106.38
w5,Kedah,208,375,145,567,497,331,270,199,89,33,7.66,13.82,5.34,20.89,18.31,12.2,9.95,7.33,3.28,1.22,118.86,145.29,68.59,114.18,164.24,138.2,123.12,119.02,107.88,100.3
w4,Kedah,193,333,171,519,445,296,265,204,60,21,7.7,13.28,6.82,20.7,17.75,11.81,10.57,8.14,2.39,0.84,110.29,129.02,80.89,104.51,147.06,123.59,120.84,122.01,72.73,63.83
w3,Kedah,184,276,120,457,404,292,211,151,65,21,8.44,12.65,5.5,20.95,18.52,13.39,9.67,6.92,2.98,0.96,105.14,106.94,56.76,92.03,133.51,121.92,96.22,90.31,78.79,63.83
w2,Kedah,151,239,87,341,345,197,162,136,47,13,8.79,13.91,5.06,19.85,20.08,11.47,9.43,7.92,2.74,0.76,86.29,92.6,41.15,68.67,114.01,82.25,73.87,81.34,56.97,39.51
w1,Kedah,108,189,97,332,250,169,208,116,50,18,7.03,12.3,6.31,21.6,16.27,11.0,13.53,7.55,3.25,1.17,61.71,73.23,45.88,66.85,82.62,70.56,94.85,69.38,60.61,54.71
w0,Kedah,97,213,94,374,293,200,218,166,54,27,5.59,12.27,5.41,21.54,16.88,11.52,12.56,9.56,3.11,1.56,55.43,82.53,44.47,75.31,96.83,83.51,99.41,99.28,65.45,82.07
w24,Kelantan,107,188,126,351,247,160,111,75,40,5,7.59,13.33,8.94,24.89,17.52,11.35,7.87,5.32,2.84,0.35,57.13,68.97,59.83,78.31,99.56,92.11,67.6,62.03,67.34,23.04
w23,Kelantan,172,285,251,547,372,267,199,131,35,19,7.55,12.51,11.02,24.01,16.33,11.72,8.74,5.75,1.54,0.83,91.83,104.55,119.18,122.04,149.94,153.71,121.19,108.35,58.92,87.56
w22,Kelantan,306,507,403,999,655,446,323,229,84,21,7.7,12.76,10.14,25.14,16.49,11.23,8.13,5.76,2.11,0.53,163.37,185.99,191.36,222.89,264.01,256.76,196.71,189.41,141.41,96.77
w21,Kelantan,528,820,684,1530,1048,679,501,330,151,49,8.35,12.97,10.82,24.21,16.58,10.74,7.93,5.22,2.39,0.78,281.9,300.81,324.79,341.37,422.41,390.9,305.12,272.95,254.21,225.81
w20,Kelantan,597,1023,913,1990,1247,852,713,412,173,53,7.49,12.83,11.45,24.96,15.64,10.69,8.94,5.17,2.17,0.66,318.74,375.28,433.52,444.0,502.62,490.5,434.23,340.78,291.25,244.24
w19,Kelantan,663,1084,990,2144,1325,902,712,463,200,66,7.76,12.68,11.58,25.08,15.5,10.55,8.33,5.42,2.34,0.77,353.98,397.65,470.09,478.36,534.06,519.29,433.62,382.96,336.7,304.15
w18,Kelantan,683,1128,1009,2176,1508,996,739,515,240,86,7.52,12.42,11.11,23.96,16.61,10.97,8.14,5.67,2.64,0.95,364.66,413.79,479.11,485.5,607.82,573.4,450.06,425.97,404.04,396.31
w17,Kelantan,707,1086,1073,2154,1439,1011,841,599,302,78,7.61,11.69,11.55,23.19,15.49,10.88,9.05,6.45,3.25,0.84,377.47,398.39,509.5,480.59,580.01,582.04,512.18,495.45,508.42,359.45
w16,Kelantan,700,1090,1070,2173,1479,1043,811,668,310,84,7.42,11.56,11.35,23.05,15.69,11.06,8.6,7.09,3.29,0.89,373.73,399.85,508.07,484.83,596.13,600.46,493.91,552.52,521.89,387.1
w15,Kelantan,658,954,986,1850,1422,944,787,614,293,82,7.66,11.11,11.48,21.54,16.55,10.99,9.16,7.15,3.41,0.95,351.31,349.96,468.19,412.76,573.16,543.47,479.29,507.86,493.27,377.88
w14,Kelantan,642,1024,985,1661,1361,881,799,686,286,91,7.63,12.17,11.7,19.74,16.17,10.47,9.49,8.15,3.4,1.08,342.77,375.64,467.71,370.59,548.57,507.2,486.6,567.41,481.48,419.35
w13,Kelantan,589,1003,914,1306,1141,789,738,583,250,79,7.97,13.57,12.36,17.67,15.44,10.67,9.98,7.89,3.38,1.07,314.47,367.94,434.0,291.39,459.9,454.23,449.45,482.22,420.88,364.06
w12,Kelantan,551,910,713,1328,1137,773,760,590,251,82,7.77,12.83,10.05,18.72,16.03,10.89,10.71,8.32,3.54,1.16,294.18,333.82,338.56,296.3,458.28,445.02,462.85,488.01,422.56,377.88
w11,Kelantan,490,643,466,1006,911,633,597,535,248,80,8.74,11.46,8.31,17.94,16.24,11.29,10.64,9.54,4.42,1.43,261.61,235.88,221.27,224.45,367.19,364.42,363.58,442.51,417.51,368.66
w10,Kelantan,319,452,189,681,737,452,446,368,195,54,8.19,11.61,4.85,17.49,18.93,11.61,11.46,9.45,5.01,1.39,170.32,165.81,89.74,151.94,297.06,260.22,271.62,304.38,328.28,248.85
w9,Kelantan,238,441,167,667,642,440,403,371,190,56,6.58,12.2,4.62,18.45,17.76,12.17,11.15,10.26,5.26,1.55,127.07,161.78,79.3,148.82,258.77,253.31,245.43,306.87,319.87,258.06
w8,Kelantan,246,399,145,677,651,459,437,421,206,54,6.66,10.8,3.92,18.32,17.62,12.42,11.83,11.39,5.58,1.46,131.34,146.37,68.85,151.05,262.39,264.25,266.14,348.22,346.8,248.85
w7,Kelantan,296,483,243,880,755,535,489,437,207,60,6.75,11.01,5.54,20.07,17.22,12.2,11.15,9.97,4.72,1.37,158.04,177.18,115.38,196.34,304.31,308.0,297.81,361.46,348.48,276.5
w6,Kelantan,360,532,228,941,803,576,612,474,210,57,7.51,11.1,4.76,19.63,16.75,12.02,12.77,9.89,4.38,1.19,192.21,195.16,108.26,209.95,323.66,331.61,372.72,392.06,353.54,262.67
w5,Kelantan,231,344,182,680,593,404,424,339,179,37,6.77,10.08,5.33,19.92,17.37,11.84,12.42,9.93,5.24,1.08,123.33,126.19,86.42,151.72,239.02,232.58,258.22,280.4,301.35,170.51
w4,Kelantan,259,439,220,814,653,458,430,365,154,43,6.75,11.45,5.74,21.23,17.03,11.94,11.21,9.52,4.02,1.12,138.28,161.04,104.46,181.62,263.2,263.67,261.88,301.9,259.26,198.16
w3,Kelantan,246,297,215,686,543,349,363,280,138,42,7.79,9.4,6.81,21.72,17.19,11.05,11.49,8.86,4.37,1.33,131.34,108.95,102.09,153.06,218.86,200.92,221.07,231.6,232.32,193.55
w2,Kelantan,155,202,107,437,375,223,213,207,102,35,7.54,9.82,5.2,21.25,18.24,10.85,10.36,10.07,4.96,1.7,82.75,74.1,50.81,97.5,151.15,128.38,129.72,171.22,171.72,161.29
w1,Kelantan,189,285,166,535,495,255,253,220,110,24,7.46,11.26,6.56,21.13,19.55,10.07,9.99,8.69,4.34,0.95,100.91,104.55,78.82,119.37,199.52,146.8,154.08,181.97,185.19,110.6
w0,Kelantan,169,253,128,542,451,295,265,262,96,29,6.79,10.16,5.14,21.77,18.11,11.85,10.64,10.52,3.86,1.16,90.23,92.81,60.78,120.93,181.78,169.83,161.39,216.71,161.62,133.64
w24,Melaka,149,186,152,1129,829,382,232,115,43,21,4.6,5.74,4.69,34.87,25.6,11.8,7.16,3.55,1.33,0.65,212.25,188.64,175.72,534.06,552.67,391.39,243.19,164.99,112.27,140.0
w23,Melaka,183,227,198,1023,593,280,216,146,54,15,6.24,7.73,6.75,34.86,20.2,9.54,7.36,4.97,1.84,0.51,260.68,230.22,228.9,483.92,395.33,286.89,226.42,209.47,140.99,100.0
w22,Melaka,240,331,259,1209,944,459,338,173,63,25,5.94,8.19,6.41,29.92,23.36,11.36,8.36,4.28,1.56,0.62,341.88,335.7,299.42,571.9,629.33,470.29,354.3,248.21,164.49,166.67
w21,Melaka,253,302,248,1027,687,379,278,172,57,24,7.38,8.81,7.24,29.97,20.05,11.06,8.11,5.02,1.66,0.7,360.4,306.29,286.71,485.81,458.0,388.32,291.4,246.77,148.83,160.0
w20,Melaka,225,335,289,1531,1123,585,331,166,80,31,4.79,7.13,6.15,32.6,23.91,12.46,7.05,3.53,1.7,0.66,320.51,339.76,334.1,724.22,748.67,599.39,346.96,238.16,208.88,206.67
w19,Melaka,244,300,347,1284,969,558,340,182,85,31,5.62,6.91,8.0,29.59,22.33,12.86,7.83,4.19,1.96,0.71,347.58,304.26,401.16,607.38,646.0,571.72,356.39,261.12,221.93,206.67
w18,Melaka,189,215,214,1034,686,364,213,138,64,19,6.03,6.86,6.82,32.97,21.88,11.61,6.79,4.4,2.04,0.61,269.23,218.05,247.4,489.12,457.33,372.95,223.27,197.99,167.1,126.67
w17,Melaka,179,174,152,782,615,334,173,142,49,22,6.83,6.64,5.8,29.82,23.46,12.74,6.6,5.42,1.87,0.84,254.99,176.47,175.72,369.91,410.0,342.21,181.34,203.73,127.94,146.67
w16,Melaka,166,212,171,732,650,349,194,138,49,14,6.21,7.93,6.39,27.36,24.3,13.05,7.25,5.16,1.83,0.52,236.47,215.01,197.69,346.26,433.33,357.58,203.35,197.99,127.94,93.33
w15,Melaka,116,178,108,407,369,201,133,118,56,20,6.8,10.43,6.33,23.86,21.63,11.78,7.8,6.92,3.28,1.17,165.24,180.53,124.86,192.53,246.0,205.94,139.41,169.3,146.21,133.33
w14,Melaka,244,184,152,562,470,277,192,128,69,25,10.59,7.99,6.6,24.4,20.41,12.03,8.34,5.56,3.0,1.09,347.58,186.61,175.72,265.85,313.33,283.81,201.26,183.64,180.16,166.67
w13,Melaka,108,144,142,493,395,174,190,150,71,15,5.74,7.65,7.55,26.2,20.99,9.25,10.1,7.97,3.77,0.8,153.85,146.04,164.16,233.21,263.33,178.28,199.16,215.21,185.38,100.0
w12,Melaka,141,216,130,350,300,151,157,112,52,19,8.66,13.27,7.99,21.5,18.43,9.28,9.64,6.88,3.19,1.17,200.85,219.07,150.29,165.56,200.0,154.71,164.57,160.69,135.77,126.67
w11,Melaka,121,197,90,418,319,176,119,103,45,15,7.55,12.29,5.61,26.08,19.9,10.98,7.42,6.43,2.81,0.94,172.36,199.8,104.05,197.73,212.67,180.33,124.74,147.78,117.49,100.0
w10,Melaka,120,145,78,312,282,174,137,72,30,8,8.84,10.68,5.74,22.97,20.77,12.81,10.09,5.3,2.21,0.59,170.94,147.06,90.17,147.59,188.0,178.28,143.61,103.3,78.33,53.33
w9,Melaka,122,155,67,408,332,166,150,103,44,11,7.83,9.95,4.3,26.19,21.31,10.65,9.63,6.61,2.82,0.71,173.79,157.2,77.46,193.0,221.33,170.08,157.23,147.78,114.88,73.33
w8,Melaka,95,142,53,328,281,155,104,95,44,6,7.29,10.9,4.07,25.17,21.57,11.9,7.98,7.29,3.38,0.46,135.33,144.02,61.27,155.16,187.33,158.81,109.01,136.3,114.88,40.0
w7,Melaka,99,126,53,403,260,159,113,98,35,9,7.31,9.3,3.91,29.74,19.19,11.73,8.34,7.23,2.58,0.66,141.03,127.79,61.27,190.63,173.33,162.91,118.45,140.6,91.38,60.0
w6,Melaka,101,186,58,316,250,157,139,131,62,18,7.12,13.12,4.09,22.28,17.63,11.07,9.8,9.24,4.37,1.27,143.87,188.64,67.05,149.48,166.67,160.86,145.7,187.95,161.88,120.0
w5,Melaka,112,152,56,316,228,142,147,125,46,8,8.41,11.41,4.2,23.72,17.12,10.66,11.04,9.38,3.45,0.6,159.54,154.16,64.74,149.48,152.0,145.49,154.09,179.34,120.1,53.33
w4,Melaka,101,151,90,382,274,167,137,95,32,12,7.01,10.48,6.25,26.51,19.01,11.59,9.51,6.59,2.22,0.83,143.87,153.14,104.05,180.7,182.67,171.11,143.61,136.3,83.55,80.0
w3,Melaka,74,143,127,350,289,199,120,84,31,7,5.2,10.04,8.92,24.58,20.29,13.97,8.43,5.9,2.18,0.49,105.41,145.03,146.82,165.56,192.67,203.89,125.79,120.52,80.94,46.67
w2,Melaka,79,108,50,247,268,161,78,68,16,9,7.29,9.96,4.61,22.79,24.72,14.85,7.2,6.27,1.48,0.83,112.54,109.53,57.8,116.84,178.67,164.96,81.76,97.56,41.78,60.0
w1,Melaka,56,82,34,212,164,93,65,43,18,1,7.29,10.68,4.43,27.6,21.35,12.11,8.46,5.6,2.34,0.13,79.77,83.16,39.31,100.28,109.33,95.29,68.13,61.69,47.0,6.67
w0,Melaka,68,98,54,279,252,137,82,82,28,5,6.27,9.03,4.98,25.71,23.23,12.63,7.56,7.56,2.58,0.46,96.87,99.39,62.43,131.98,168.0,140.37,85.95,117.65,73.11,33.33
w24,Negeri Sembilan,704,738,659,2186,1518,1070,729,475,170,55,8.48,8.89,7.94,26.32,18.28,12.89,8.78,5.72,2.05,0.66,814.81,622.26,602.38,855.58,859.08,879.93,660.92,526.02,390.8,333.33
w23,Negeri Sembilan,297,432,386,1200,788,561,450,270,78,45,6.59,9.59,8.56,26.63,17.48,12.45,9.98,5.99,1.73,1.0,343.75,364.25,352.83,469.67,445.95,461.35,407.98,299.0,179.31,272.73
w22,Negeri Sembilan,395,576,501,1617,1187,770,527,303,117,47,6.54,9.54,8.29,26.77,19.65,12.75,8.73,5.02,1.94,0.78,457.18,485.67,457.95,632.88,671.76,633.22,477.79,335.55,268.97,284.85
w21,Negeri Sembilan,404,572,513,1788,1459,889,552,416,115,42,5.99,8.47,7.6,26.49,21.61,13.17,8.18,6.16,1.7,0.62,467.59,482.29,468.92,699.8,825.69,731.09,500.45,460.69,264.37,254.55
w20,Negeri Sembilan,257,423,334,1408,1151,699,439,267,103,29,5.03,8.28,6.54,27.55,22.52,13.68,8.59,5.23,2.02,0.57,297.45,356.66,305.3,551.08,651.39,574.84,398.01,295.68,236.78,175.76
w19,Negeri Sembilan,253,273,271,954,761,467,293,185,86,50,7.04,7.6,7.54,26.55,21.18,13.0,8.15,5.15,2.39,1.39,292.82,230.19,247.71,373.39,430.67,384.05,265.64,204.87,197.7,303.03
w18,Negeri Sembilan,104,177,182,635,540,350,206,127,39,21,4.37,7.43,7.64,26.67,22.68,14.7,8.65,5.33,1.64,0.88,120.37,149.24,166.36,248.53,305.6,287.83,186.76,140.64,89.66,127.27
w17,Negeri Sembilan,83,135,144,508,387,234,143,85,35,20,4.68,7.61,8.12,28.64,21.82,13.19,8.06,4.79,1.97,1.13,96.06,113.83,131.63,198.83,219.02,192.43,129.65,94.13,80.46,121.21
w16,Negeri Sembilan,106,171,122,364,316,195,132,100,38,15,6.8,10.97,7.83,23.35,20.27,12.51,8.47,6.41,2.44,0.96,122.69,144.18,111.52,142.47,178.83,160.36,119.67,110.74,87.36,90.91
w15,Negeri Sembilan,85,140,105,237,231,137,77,77,32,8,7.53,12.4,9.3,20.99,20.46,12.13,6.82,6.82,2.83,0.71,98.38,118.04,95.98,92.76,130.73,112.66,69.81,85.27,73.56,48.48
w14,Negeri Sembilan,81,126,105,276,182,132,93,51,22,8,7.53,11.71,9.76,25.65,16.91,12.27,8.64,4.74,2.04,0.74,93.75,106.24,95.98,108.02,103.0,108.55,84.32,56.48,50.57,48.48
w13,Negeri Sembilan,94,110,86,282,250,120,78,47,16,5,8.64,10.11,7.9,25.92,22.98,11.03,7.17,4.32,1.47,0.46,108.8,92.75,78.61,110.37,141.48,98.68,70.72,52.05,36.78,30.3
w12,Negeri Sembilan,85,143,127,367,241,118,100,67,18,9,6.67,11.22,9.96,28.78,18.9,9.25,7.84,5.25,1.41,0.71,98.38,120.57,116.09,143.64,136.39,97.04,90.66,74.2,41.38,54.55
w11,Negeri Sembilan,94,153,113,287,299,139,88,86,17,11,7.3,11.89,8.78,22.3,23.23,10.8,6.84,6.68,1.32,0.85,108.8,129.01,103.29,112.33,169.21,114.31,79.78,95.24,39.08,66.67
w10,Negeri Sembilan,128,176,72,220,259,130,66,78,21,7,11.06,15.21,6.22,19.01,22.39,11.24,5.7,6.74,1.82,0.61,148.15,148.4,65.81,86.11,146.58,106.91,59.84,86.38,48.28,42.42
w9,Negeri Sembilan,120,177,64,378,305,140,83,91,24,16,8.58,12.66,4.58,27.04,21.82,10.01,5.94,6.51,1.72,1.14,138.89,149.24,58.5,147.95,172.61,115.13,75.25,100.78,55.17,96.97
w8,Negeri Sembilan,84,154,62,265,256,129,92,105,22,3,7.17,13.14,5.29,22.61,21.84,11.01,7.85,8.96,1.88,0.26,97.22,129.85,56.67,103.72,144.88,106.09,83.41,116.28,50.57,18.18
w7,Negeri Sembilan,108,196,76,342,339,190,129,131,51,12,6.86,12.45,4.83,21.73,21.54,12.07,8.2,8.32,3.24,0.76,125.0,165.26,69.47,133.86,191.85,156.25,116.95,145.07,117.24,72.73
w6,Negeri Sembilan,95,165,51,276,314,191,140,141,52,16,6.59,11.45,3.54,19.15,21.79,13.25,9.72,9.78,3.61,1.11,109.95,139.12,46.62,108.02,177.7,157.07,126.93,156.15,119.54,96.97
w5,Negeri Sembilan,80,163,51,225,235,156,105,86,35,7,7.0,14.26,4.46,19.69,20.56,13.65,9.19,7.52,3.06,0.61,92.59,137.44,46.62,88.06,132.99,128.29,95.19,95.24,80.46,42.42
w4,Negeri Sembilan,100,146,39,281,264,169,123,88,34,9,7.98,11.65,3.11,22.43,21.07,13.49,9.82,7.02,2.71,0.72,115.74,123.1,35.65,109.98,149.41,138.98,111.51,97.45,78.16,54.55
w3,Negeri Sembilan,106,133,49,335,304,170,124,105,51,15,7.61,9.55,3.52,24.07,21.84,12.21,8.91,7.54,3.66,1.08,122.69,112.14,44.79,131.12,172.04,139.8,112.42,116.28,117.24,90.91
w2,Negeri Sembilan,76,99,40,300,245,135,88,83,25,9,6.91,9.0,3.64,27.27,22.27,12.27,8.0,7.55,2.27,0.82,87.96,83.47,36.56,117.42,138.65,111.02,79.78,91.92,57.47,54.55
w1,Negeri Sembilan,52,80,34,219,193,87,71,66,25,13,6.19,9.52,4.05,26.07,22.98,10.36,8.45,7.86,2.98,1.55,60.19,67.45,31.08,85.71,109.22,71.55,64.37,73.09,57.47,78.79
w0,Negeri Sembilan,37,47,28,169,197,99,97,70,33,7,4.72,5.99,3.57,21.56,25.13,12.63,12.37,8.93,4.21,0.89,42.82,39.63,25.59,66.14,111.49,81.41,87.94,77.52,75.86,42.42
w24,Pahang,149,256,176,676,494,306,222,91,43,16,6.13,10.54,7.25,27.83,20.34,12.6,9.14,3.75,1.77,0.66,112.71,129.49,101.73,179.12,179.83,174.06,148.0,79.48,71.55,68.67
w23,Pahang,189,300,233,760,506,341,246,135,74,20,6.74,10.7,8.31,27.1,18.05,12.16,8.77,4.81,2.64,0.71,142.97,151.75,134.68,201.38,184.2,193.97,164.0,117.9,123.13,85.84
w22,Pahang,244,400,290,1001,815,472,301,165,63,26,6.46,10.59,7.68,26.5,21.58,12.5,7.97,4.37,1.67,0.69,184.57,202.33,167.63,265.24,296.69,268.49,200.67,144.1,104.83,111.59
w21,Pahang,302,454,351,1065,800,504,335,195,80,20,7.36,11.06,8.55,25.94,19.48,12.27,8.16,4.75,1.95,0.49,228.44,229.64,202.89,282.19,291.23,286.69,223.33,170.31,133.11,85.84
w20,Pahang,269,419,371,1291,1023,644,359,202,71,23,5.76,8.97,7.94,27.63,21.9,13.78,7.68,4.32,1.52,0.49,203.48,211.94,214.45,342.08,372.41,366.33,239.33,176.42,118.14,98.71
w19,Pahang,307,502,411,1098,819,545,392,179,82,13,7.06,11.55,9.45,25.25,18.84,12.53,9.02,4.12,1.89,0.3,232.22,253.92,237.57,290.94,298.14,310.01,261.33,156.33,136.44,55.79
w18,Pahang,330,517,422,1152,916,532,337,217,82,12,7.31,11.45,9.34,25.5,20.28,11.78,7.46,4.8,1.82,0.27,249.62,261.51,243.93,305.25,333.45,302.62,224.67,189.52,136.44,51.5
w17,Pahang,304,440,380,961,791,497,322,175,72,21,7.67,11.1,9.59,24.25,19.96,12.54,8.13,4.42,1.82,0.53,229.95,222.56,219.65,254.64,287.95,282.71,214.67,152.84,119.8,90.13
w16,Pahang,430,702,537,1157,961,543,357,266,92,27,8.48,13.84,10.59,22.81,18.95,10.71,7.04,5.24,1.81,0.53,325.26,355.08,310.4,306.57,349.84,308.87,238.0,232.31,153.08,115.88
w15,Pahang,441,724,603,1167,921,549,394,220,101,41,8.54,14.03,11.68,22.61,17.85,10.64,7.63,4.26,1.96,0.79,333.59,366.21,348.55,309.22,335.27,312.29,262.67,192.14,168.05,175.97
w14,Pahang,427,730,567,1068,885,569,343,214,95,31,8.66,14.81,11.5,21.67,17.95,11.54,6.96,4.34,1.93,0.63,323.0,369.25,327.75,282.99,322.17,323.66,228.67,186.9,158.07,133.05
w13,Pahang,340,595,502,1061,874,499,328,189,84,23,7.56,13.24,11.17,23.6,19.44,11.1,7.3,4.2,1.87,0.51,257.19,300.96,290.17,281.13,318.17,283.85,218.67,165.07,139.77,98.71
w12,Pahang,302,552,393,726,676,443,301,172,67,25,8.26,15.09,10.75,19.85,18.49,12.11,8.23,4.7,1.83,0.68,228.44,279.21,227.17,192.37,246.09,251.99,200.67,150.22,111.48,107.3
w11,Pahang,178,279,194,482,433,264,174,139,63,20,8.0,12.53,8.72,21.65,19.45,11.86,7.82,6.24,2.83,0.9,134.64,141.12,112.14,127.72,157.63,150.17,116.0,121.4,104.83,85.84
w10,Pahang,163,276,108,400,402,224,138,109,57,13,8.62,14.6,5.71,21.16,21.27,11.85,7.3,5.77,3.02,0.69,123.3,139.61,62.43,105.99,146.34,127.42,92.0,95.2,94.84,55.79
w9,Pahang,171,327,114,449,479,257,189,128,52,16,7.84,14.99,5.22,20.58,21.95,11.78,8.66,5.87,2.38,0.73,129.35,165.4,65.9,118.97,174.37,146.19,126.0,111.79,86.52,68.67
w8,Pahang,152,245,62,431,412,176,193,160,57,11,8.0,12.9,3.26,22.7,21.7,9.27,10.16,8.43,3.0,0.58,114.98,123.93,35.84,114.2,149.98,100.11,128.67,139.74,94.84,47.21
w7,Pahang,211,307,101,429,519,294,235,188,81,24,8.83,12.85,4.23,17.96,21.72,12.31,9.84,7.87,3.39,1.0,159.61,155.29,58.38,113.67,188.93,167.24,156.67,164.19,134.78,103.0
w6,Pahang,189,366,95,499,516,298,258,171,57,21,7.65,14.82,3.85,20.2,20.89,12.06,10.45,6.92,2.31,0.85,142.97,185.13,54.91,132.22,187.84,169.51,172.0,149.34,94.84,90.13
w5,Pahang,148,267,85,519,447,279,271,210,101,15,6.32,11.4,3.63,22.16,19.09,11.91,11.57,8.97,4.31,0.64,111.95,135.05,49.13,137.52,162.72,158.7,180.67,183.41,168.05,64.38
w4,Pahang,148,240,103,499,464,255,206,174,70,12,6.82,11.05,4.74,22.98,21.37,11.75,9.49,8.01,3.22,0.55,111.95,121.4,59.54,132.22,168.91,145.05,137.33,151.97,116.47,51.5
w3,Pahang,197,322,106,575,538,289,252,169,67,26,7.75,12.67,4.17,22.63,21.17,11.37,9.92,6.65,2.64,1.02,149.02,162.87,61.27,152.36,195.85,164.39,168.0,147.6,111.48,111.59
w2,Pahang,119,229,80,406,421,263,164,134,58,13,6.31,12.14,4.24,21.52,22.31,13.94,8.69,7.1,3.07,0.69,90.02,115.83,46.24,107.58,153.26,149.6,109.33,117.03,96.51,55.79
w1,Pahang,84,113,56,293,321,204,118,97,41,13,6.27,8.43,4.18,21.87,23.96,15.22,8.81,7.24,3.06,0.97,63.54,57.16,32.37,77.64,116.85,116.04,78.67,84.72,68.22,55.79
w0,Pahang,117,157,96,409,366,215,158,135,53,13,6.81,9.13,5.58,23.79,21.29,12.51,9.19,7.85,3.08,0.76,88.5,79.41,55.49,108.37,133.24,122.3,105.33,117.9,88.19,55.79
w24,Perak,95,140,129,690,449,215,173,124,48,11,4.58,6.75,6.22,33.27,21.65,10.37,8.34,5.98,2.31,0.53,58.28,56.59,54.38,121.67,123.11,83.63,65.48,55.36,36.89,19.82
w23,Perak,129,198,201,815,581,386,303,155,67,20,4.52,6.94,7.04,28.55,20.35,13.52,10.61,5.43,2.35,0.7,79.14,80.03,84.74,143.71,159.31,150.14,114.69,69.2,51.5,36.04
w22,Perak,243,370,325,1281,812,492,437,264,80,26,5.61,8.55,7.51,29.58,18.75,11.36,10.09,6.1,1.85,0.6,149.08,149.56,137.02,225.89,222.65,191.37,165.4,117.86,61.49,46.85
w21,Perak,271,478,462,1590,1043,691,546,315,110,32,4.89,8.63,8.34,28.71,18.83,12.48,9.86,5.69,1.99,0.58,166.26,193.21,194.77,280.37,285.99,268.77,206.66,140.62,84.55,57.66
w20,Perak,347,616,578,1884,1230,741,568,333,129,55,5.35,9.5,8.92,29.07,18.98,11.43,8.76,5.14,1.99,0.85,212.88,248.99,243.68,332.22,337.26,288.21,214.99,148.66,99.15,99.1
w19,Perak,368,619,549,2034,1476,873,621,343,153,40,5.2,8.75,7.76,28.75,20.86,12.34,8.78,4.85,2.16,0.57,225.77,250.2,231.45,358.67,404.72,339.56,235.05,153.12,117.6,72.07
w18,Perak,427,680,630,2376,1605,999,629,361,182,70,5.36,8.54,7.92,29.85,20.17,12.55,7.9,4.54,2.29,0.88,261.96,274.86,265.6,418.97,440.09,388.56,238.08,161.16,139.89,126.13
w17,Perak,418,626,622,2001,1483,955,647,467,174,75,5.6,8.38,8.33,26.79,19.86,12.79,8.66,6.25,2.33,1.0,256.44,253.03,262.23,352.85,406.64,371.45,244.89,208.48,133.74,135.14
w16,Perak,432,747,641,2543,1596,1056,654,507,253,59,5.09,8.8,7.55,29.96,18.8,12.44,7.7,5.97,2.98,0.7,265.03,301.94,270.24,448.42,437.62,410.74,247.54,226.34,194.47,106.31
w15,Perak,437,647,612,2338,1589,994,675,518,213,90,5.39,7.97,7.54,28.82,19.59,12.25,8.32,6.38,2.63,1.11,268.1,261.52,258.01,412.27,435.7,386.62,255.49,231.25,163.72,162.16
w14,Perak,445,642,666,1753,1271,814,746,538,259,98,6.15,8.88,9.21,24.24,17.57,11.26,10.32,7.44,3.58,1.36,273.01,259.5,280.78,309.12,348.51,316.61,282.36,240.18,199.08,176.58
w13,Perak,357,558,427,1184,973,628,579,488,223,82,6.49,10.15,7.77,21.53,17.69,11.42,10.53,8.87,4.06,1.49,219.02,225.55,180.02,208.78,266.79,244.26,219.15,217.86,171.41,147.75
w12,Perak,276,391,305,834,730,498,459,444,217,83,6.51,9.23,7.2,19.68,17.23,11.75,10.83,10.48,5.12,1.96,169.33,158.04,128.58,147.06,200.16,193.7,173.73,198.21,166.79,149.55
w11,Perak,153,234,148,460,492,296,294,299,137,67,5.93,9.07,5.74,17.83,19.07,11.47,11.4,11.59,5.31,2.6,93.87,94.58,62.39,81.11,134.91,115.13,111.28,133.48,105.3,120.72
w10,Perak,151,212,94,423,435,307,309,376,173,61,5.94,8.34,3.7,16.65,17.12,12.08,12.16,14.8,6.81,2.4,92.64,85.69,39.63,74.59,119.28,119.41,116.96,167.86,132.97,109.91
w9,Perak,83,115,35,237,324,215,230,273,134,52,4.89,6.77,2.06,13.96,19.08,12.66,13.55,16.08,7.89,3.06,50.92,46.48,14.76,41.79,88.84,83.63,87.06,121.88,103.0,93.69
w8,Perak,84,74,19,239,267,153,187,280,122,44,5.72,5.04,1.29,16.27,18.18,10.42,12.73,19.06,8.3,3.0,51.53,29.91,8.01,42.14,73.21,59.51,70.78,125.0,93.77,79.28
w7,Perak,78,81,19,229,303,155,191,287,168,61,4.96,5.15,1.21,14.57,19.27,9.86,12.15,18.26,10.69,3.88,47.85,32.74,8.01,40.38,83.08,60.29,72.29,128.12,129.13,109.91
w6,Perak,62,77,29,243,341,244,247,276,154,48,3.6,4.47,1.69,14.12,19.81,14.18,14.35,16.04,8.95,2.79,38.04,31.12,12.23,42.85,93.5,94.9,93.49,123.21,118.37,86.49
w5,Perak,61,76,36,234,324,241,229,274,127,41,3.71,4.63,2.19,14.24,19.72,14.67,13.94,16.68,7.73,2.5,37.42,30.72,15.18,41.26,88.84,93.74,86.68,122.32,97.62,73.87
w4,Perak,44,63,48,247,289,215,232,278,130,61,2.74,3.92,2.99,15.37,17.98,13.38,14.44,17.3,8.09,3.8,26.99,25.46,20.24,43.55,79.24,83.63,87.81,124.11,99.92,109.91
w3,Perak,62,52,36,192,235,190,222,285,145,65,4.18,3.5,2.43,12.94,15.84,12.8,14.96,19.2,9.77,4.38,38.04,21.02,15.18,33.86,64.44,73.9,84.03,127.23,111.45,117.12
w2,Perak,52,43,27,204,210,167,173,226,150,37,4.03,3.34,2.09,15.83,16.29,12.96,13.42,17.53,11.64,2.87,31.9,17.38,11.38,35.97,57.58,64.96,65.48,100.89,115.3,66.67
w1,Perak,42,25,26,224,179,141,194,194,112,49,3.54,2.11,2.19,18.89,15.09,11.89,16.36,16.36,9.44,4.13,25.77,10.11,10.96,39.5,49.08,54.84,73.43,86.61,86.09,88.29
w0,Perak,27,52,27,171,176,151,190,192,76,35,2.46,4.74,2.46,15.59,16.04,13.76,17.32,17.5,6.93,3.19,16.56,21.02,11.38,30.15,48.26,58.73,71.92,85.71,58.42,63.06
w24,Perlis,2,2,3,5,5,1,1,1,0,0,10.0,10.0,15.0,25.0,25.0,5.0,5.0,5.0,0.0,0.0,9.39,6.83,12.99,8.98,12.22,4.29,4.0,4.85,0.0,0.0
w23,Perlis,5,4,1,8,5,4,2,3,0,0,15.62,12.5,3.12,25.0,15.62,12.5,6.25,9.38,0.0,0.0,23.47,13.65,4.33,14.36,12.22,17.17,8.0,14.56,0.0,0.0
w22,Perlis,2,3,5,23,17,13,2,4,3,2,2.7,4.05,6.76,31.08,22.97,17.57,2.7,5.41,4.05,2.7,9.39,10.24,21.65,41.29,41.56,55.79,8.0,19.42,27.27,42.55
w21,Perlis,8,4,2,33,26,8,5,7,5,0,8.16,4.08,2.04,33.67,26.53,8.16,5.1,7.14,5.1,0.0,37.56,13.65,8.66,59.25,63.57,34.33,20.0,33.98,45.45,0.0
w20,Perlis,16,14,13,61,48,29,20,13,8,5,7.05,6.17,5.73,26.87,21.15,12.78,8.81,5.73,3.52,2.2,75.12,47.78,56.28,109.52,117.36,124.46,80.0,63.11,72.73,106.38
w19,Perlis,14,22,26,100,92,36,25,15,6,4,4.12,6.47,7.65,29.41,27.06,10.59,7.35,4.41,1.76,1.18,65.73,75.09,112.55,179.53,224.94,154.51,100.0,72.82,54.55,85.11
w18,Perlis,23,37,37,112,119,65,30,44,13,4,4.75,7.64,7.64,23.14,24.59,13.43,6.2,9.09,2.69,0.83,107.98,126.28,160.17,201.08,290.95,278.97,120.0,213.59,118.18,85.11
w17,Perlis,33,38,37,110,117,57,43,31,11,4,6.86,7.9,7.69,22.87,24.32,11.85,8.94,6.44,2.29,0.83,154.93,129.69,160.17,197.49,286.06,244.64,172.0,150.49,100.0,85.11
w16,Perlis,25,37,39,115,94,62,23,40,16,6,5.47,8.1,8.53,25.16,20.57,13.57,5.03,8.75,3.5,1.31,117.37,126.28,168.83,206.46,229.83,266.09,92.0,194.17,145.45,127.66
w15,Perlis,28,34,37,92,85,46,41,31,17,7,6.7,8.13,8.85,22.01,20.33,11.0,9.81,7.42,4.07,1.67,131.46,116.04,160.17,165.17,207.82,197.42,164.0,150.49,154.55,148.94
w14,Perlis,34,53,30,94,78,44,52,32,23,5,7.64,11.91,6.74,21.12,17.53,9.89,11.69,7.19,5.17,1.12,159.62,180.89,129.87,168.76,190.71,188.84,208.0,155.34,209.09,106.38
w13,Perlis,32,52,39,66,77,54,46,32,27,11,7.34,11.93,8.94,15.14,17.66,12.39,10.55,7.34,6.19,2.52,150.23,177.47,168.83,118.49,188.26,231.76,184.0,155.34,245.45,234.04
w12,Perlis,27,66,37,64,84,53,43,62,61,29,5.13,12.55,7.03,12.17,15.97,10.08,8.17,11.79,11.6,5.51,126.76,225.26,160.17,114.9,205.38,227.47,172.0,300.97,554.55,617.02
w11,Perlis,32,55,29,57,73,29,24,13,11,1,9.88,16.98,8.95,17.59,22.53,8.95,7.41,4.01,3.4,0.31,150.23,187.71,125.54,102.33,178.48,124.46,96.0,63.11,100.0,21.28
w10,Perlis,21,45,6,29,46,12,17,23,8,2,10.05,21.53,2.87,13.88,22.01,5.74,8.13,11.0,3.83,0.96,98.59,153.58,25.97,52.06,112.47,51.5,68.0,111.65,72.73,42.55
w9,Perlis,32,31,6,53,71,22,32,24,10,4,11.23,10.88,2.11,18.6,24.91,7.72,11.23,8.42,3.51,1.4,150.23,105.8,25.97,95.15,173.59,94.42,128.0,116.5,90.91,85.11
w8,Perlis,15,26,10,34,48,34,18,17,9,4,6.98,12.09,4.65,15.81,22.33,15.81,8.37,7.91,4.19,1.86,70.42,88.74,43.29,61.04,117.36,145.92,72.0,82.52,81.82,85.11
w7,Perlis,17,27,4,36,54,24,26,32,6,1,7.49,11.89,1.76,15.86,23.79,10.57,11.45,14.1,2.64,0.44,79.81,92.15,17.32,64.63,132.03,103.0,104.0,155.34,54.55,21.28
w6,Perlis,7,9,8,27,22,13,29,14,4,0,5.26,6.77,6.02,20.3,16.54,9.77,21.8,10.53,3.01,0.0,32.86,30.72,34.63,48.47,53.79,55.79,116.0,67.96,36.36,0.0
w5,Perlis,10,18,7,54,30,35,33,25,13,5,4.35,7.83,3.04,23.48,13.04,15.22,14.35,10.87,5.65,2.17,46.95,61.43,30.3,96.95,73.35,150.21,132.0,121.36,118.18,106.38
w4,Perlis,16,21,9,57,60,29,36,33,11,11,5.65,7.42,3.18,20.14,21.2,10.25,12.72,11.66,3.89,3.89,75.12,71.67,38.96,102.33,146.7,124.46,144.0,160.19,100.0,234.04
w3,Perlis,5,16,5,45,50,39,28,21,14,1,2.23,7.14,2.23,20.09,22.32,17.41,12.5,9.38,6.25,0.45,23.47,54.61,21.65,80.79,122.25,167.38,112.0,101.94,127.27,21.28
w2,Perlis,9,8,5,38,40,26,23,20,7,3,5.03,4.47,2.79,21.23,22.35,14.53,12.85,11.17,3.91,1.68,42.25,27.3,21.65,68.22,97.8,111.59,92.0,97.09,63.64,63.83
w1,Perlis,5,14,3,35,26,21,14,16,3,2,3.6,10.07,2.16,25.18,18.71,15.11,10.07,11.51,2.16,1.44,23.47,47.78,12.99,62.84,63.57,90.13,56.0,77.67,27.27,42.55
w0,Perlis,3,4,4,26,16,21,18,12,3,2,2.75,3.67,3.67,23.85,14.68,19.27,16.51,11.01,2.75,1.83,14.08,13.65,17.32,46.68,39.12,90.13,72.0,58.25,27.27,42.55
w24,Pulau Pinang,106,122,107,859,585,359,168,93,38,7,4.34,4.99,4.38,35.15,23.94,14.69,6.87,3.81,1.55,0.29,101.05,76.25,75.62,224.16,192.12,153.35,85.02,64.76,49.29,25.83
w23,Pulau Pinang,129,212,149,1063,756,427,255,129,65,11,4.04,6.63,4.66,33.26,23.65,13.36,7.98,4.04,2.03,0.34,122.97,132.5,105.3,277.4,248.28,182.4,129.05,89.83,84.31,40.59
w22,Pulau Pinang,194,258,269,1724,992,600,414,179,85,30,4.09,5.44,5.67,36.33,20.91,12.64,8.72,3.77,1.79,0.63,184.94,161.25,190.11,449.9,325.78,256.3,209.51,124.65,110.25,110.7
w21,Pulau Pinang,247,334,361,1951,1357,878,507,250,100,31,4.11,5.55,6.0,32.43,22.56,14.59,8.43,4.16,1.66,0.52,235.46,208.75,255.12,509.13,445.65,375.05,256.58,174.09,129.7,114.39
w20,Pulau Pinang,265,452,501,2726,1839,1248,710,349,138,51,3.2,5.46,6.05,32.93,22.21,15.07,8.58,4.22,1.67,0.62,252.62,282.5,354.06,711.38,603.94,533.11,359.31,243.04,178.99,188.19
w19,Pulau Pinang,370,596,601,3533,2434,1542,937,429,210,69,3.45,5.56,5.61,32.95,22.7,14.38,8.74,4.0,1.96,0.64,352.72,372.5,424.73,921.97,799.34,658.69,474.19,298.75,272.37,254.61
w18,Pulau Pinang,439,722,747,4127,2735,1792,920,592,279,106,3.52,5.8,6.0,33.12,21.95,14.38,7.38,4.75,2.24,0.85,418.49,451.25,527.92,1076.98,898.19,765.48,465.59,412.26,361.87,391.14
w17,Pulau Pinang,472,753,778,3381,2675,1806,959,622,308,136,3.97,6.33,6.54,28.44,22.5,15.19,8.07,5.23,2.59,1.14,449.95,470.63,549.82,882.31,878.49,771.47,485.32,433.15,399.48,501.85
w16,Pulau Pinang,580,889,890,3335,2778,1910,1123,793,370,163,4.52,6.93,6.94,25.99,21.65,14.89,8.75,6.18,2.88,1.27,552.91,555.62,628.98,870.3,912.32,815.89,568.32,552.23,479.9,601.48
w15,Pulau Pinang,491,817,771,2492,2106,1491,989,754,377,153,4.7,7.82,7.38,23.87,20.17,14.28,9.47,7.22,3.61,1.47,468.06,510.62,544.88,650.31,691.63,636.91,500.51,525.07,488.98,564.58
w14,Pulau Pinang,408,649,611,1749,1418,1077,724,617,322,150,5.28,8.4,7.91,22.64,18.36,13.94,9.37,7.99,4.17,1.94,388.94,405.62,431.8,456.42,465.68,460.06,366.4,429.67,417.64,553.51
w13,Pulau Pinang,260,403,395,1348,1059,698,554,434,277,104,4.7,7.28,7.14,24.37,19.14,12.62,10.01,7.85,5.01,1.88,247.86,251.88,279.15,351.77,347.78,298.16,280.36,302.23,359.27,383.76
w12,Pulau Pinang,223,323,261,941,728,531,406,324,216,135,5.45,7.9,6.38,23.02,17.81,12.99,9.93,7.93,5.28,3.3,212.58,201.88,184.45,245.56,239.08,226.83,205.47,225.63,280.16,498.15
w11,Pulau Pinang,196,275,173,630,544,389,315,249,169,142,6.36,8.92,5.61,20.44,17.65,12.62,10.22,8.08,5.48,4.61,186.84,171.88,122.26,164.41,178.65,166.17,159.41,173.4,219.2,523.99
w10,Pulau Pinang,163,238,123,509,451,351,260,231,100,52,6.58,9.6,4.96,20.54,18.2,14.16,10.49,9.32,4.04,2.1,155.39,148.75,86.93,132.83,148.11,149.94,131.58,160.86,129.7,191.88
w9,Pulau Pinang,167,288,116,466,411,288,225,174,93,47,7.34,12.66,5.1,20.48,18.07,12.66,9.89,7.65,4.09,2.07,159.2,180.0,81.98,121.61,134.98,123.02,113.87,121.17,120.62,173.43
w8,Pulau Pinang,131,205,75,403,361,237,166,136,62,38,7.22,11.3,4.13,22.22,19.9,13.07,9.15,7.5,3.42,2.09,124.88,128.12,53.0,105.17,118.56,101.24,84.01,94.71,80.42,140.22
w7,Pulau Pinang,126,214,64,435,387,279,172,149,81,36,6.48,11.01,3.29,22.39,19.92,14.36,8.85,7.67,4.17,1.85,120.11,133.75,45.23,113.52,127.09,119.18,87.04,103.76,105.06,132.84
w6,Pulau Pinang,135,174,84,449,419,293,191,163,80,34,6.68,8.61,4.15,22.21,20.72,14.49,9.45,8.06,3.96,1.68,128.69,108.75,59.36,117.17,137.6,125.16,96.66,113.51,103.76,125.46
w5,Pulau Pinang,90,173,80,479,347,281,220,152,80,27,4.67,8.97,4.15,24.83,17.99,14.57,11.4,7.88,4.15,1.4,85.8,108.12,56.54,125.0,113.96,120.03,111.34,105.85,103.76,99.63
w4,Pulau Pinang,98,203,74,458,401,283,226,169,65,26,4.89,10.13,3.69,22.87,20.02,14.13,11.28,8.44,3.25,1.3,93.42,126.87,52.3,119.52,131.69,120.89,114.37,117.69,84.31,95.94
w3,Pulau Pinang,98,164,111,491,392,256,248,199,86,51,4.68,7.82,5.3,23.43,18.7,12.21,11.83,9.49,4.1,2.43,93.42,102.5,78.45,128.13,128.74,109.35,125.51,138.58,111.54,188.19
w2,Pulau Pinang,94,164,55,417,372,224,199,144,69,35,5.3,9.25,3.1,23.52,20.98,12.63,11.22,8.12,3.89,1.97,89.61,102.5,38.87,108.82,122.17,95.69,100.71,100.28,89.49,129.15
w1,Pulau Pinang,90,137,64,393,301,181,175,125,55,22,5.83,8.88,4.15,25.47,19.51,11.73,11.34,8.1,3.56,1.43,85.8,85.62,45.23,102.56,98.85,77.32,88.56,87.05,71.34,81.18
w0,Pulau Pinang,62,108,64,330,274,168,136,124,53,19,4.63,8.07,4.78,24.66,20.48,12.56,10.16,9.27,3.96,1.42,59.1,67.5,45.23,86.12,89.98,71.76,68.83,86.35,68.74,70.11
w24,Sabah,130,215,254,925,697,486,287,119,34,21,4.1,6.79,8.02,29.2,22.0,15.34,9.06,3.76,1.07,0.66,46.65,49.15,58.53,81.84,101.8,117.08,102.72,71.09,55.92,100.96
w23,Sabah,250,408,368,1212,881,568,412,192,77,14,5.71,9.31,8.4,27.66,20.1,12.96,9.4,4.38,1.76,0.32,89.7,93.28,84.79,107.24,128.67,136.83,147.46,114.7,126.64,67.31
w22,Sabah,430,735,616,1841,1252,801,550,305,116,22,6.45,11.02,9.24,27.61,18.78,12.01,8.25,4.57,1.74,0.33,154.29,168.04,141.94,162.89,182.85,192.97,196.85,182.2,190.79,105.77
w21,Sabah,459,833,729,2108,1720,1029,707,398,139,48,5.62,10.2,8.92,25.8,21.05,12.59,8.65,4.87,1.7,0.59,164.69,190.44,167.97,186.52,251.2,247.89,253.04,237.75,228.62,230.77
w20,Sabah,688,1132,880,3168,2510,1503,989,573,184,88,5.87,9.66,7.51,27.04,21.43,12.83,8.44,4.89,1.57,0.75,246.86,258.8,202.76,280.3,366.58,362.08,353.97,342.29,302.63,423.08
w19,Sabah,1133,1779,1508,4607,3574,2250,1441,855,297,114,6.45,10.13,8.59,26.24,20.36,12.81,8.21,4.87,1.69,0.65,406.53,406.72,347.47,407.63,521.98,542.04,515.75,510.75,488.49,548.08
w18,Sabah,1460,2246,1903,5111,4015,2621,1648,1161,427,184,7.03,10.81,9.16,24.6,19.33,12.62,7.93,5.59,2.06,0.89,523.86,513.49,438.48,452.22,586.39,631.41,589.84,693.55,702.3,884.62
w17,Sabah,1101,1658,1565,3508,3162,2077,1370,987,375,177,6.89,10.38,9.79,21.95,19.79,13.0,8.57,6.18,2.35,1.11,395.05,379.06,360.6,310.39,461.81,500.36,490.34,589.61,616.78,850.96
w16,Sabah,915,1494,1355,3126,2830,1827,1217,874,380,190,6.44,10.52,9.54,22.0,19.92,12.86,8.57,6.15,2.67,1.34,328.31,341.56,312.21,276.59,413.32,440.13,435.58,522.1,625.0,913.46
w15,Sabah,737,1193,1068,2437,2308,1415,996,660,316,140,6.54,10.59,9.48,21.62,20.48,12.56,8.84,5.86,2.8,1.24,264.44,272.75,246.08,215.63,337.08,340.88,356.48,394.27,519.74,673.08
w14,Sabah,603,994,792,1659,1628,1021,662,502,197,101,7.39,12.18,9.71,20.33,19.95,12.51,8.11,6.15,2.41,1.24,216.36,227.25,182.49,146.79,237.77,245.96,236.94,299.88,324.01,485.58
w13,Sabah,429,640,561,1270,1193,725,536,394,187,93,7.12,10.62,9.31,21.07,19.79,12.03,8.89,6.54,3.1,1.54,153.93,146.32,129.26,112.37,174.24,174.66,191.84,235.36,307.57,447.12
w12,Sabah,359,545,390,1028,1017,622,452,314,159,73,7.24,10.99,7.86,20.73,20.51,12.54,9.11,6.33,3.21,1.47,128.81,124.6,89.86,90.96,148.53,149.84,161.78,187.57,261.51,350.96
w11,Sabah,361,518,303,963,917,510,439,277,138,69,8.03,11.52,6.74,21.42,20.4,11.35,9.77,6.16,3.07,1.54,129.53,118.43,69.82,85.21,133.93,122.86,157.12,165.47,226.97,331.73
w10,Sabah,295,481,203,826,844,502,392,228,117,63,7.47,12.17,5.14,20.91,21.36,12.71,9.92,5.77,2.96,1.59,105.85,109.97,46.77,73.08,123.27,120.93,140.3,136.2,192.43,302.88
w9,Sabah,278,437,157,854,806,494,360,260,124,53,7.27,11.43,4.11,22.34,21.08,12.92,9.42,6.8,3.24,1.39,99.75,99.91,36.18,75.56,117.72,119.01,128.85,155.32,203.95,254.81
w8,Sabah,273,449,174,819,773,454,406,248,121,41,7.26,11.95,4.63,21.79,20.57,12.08,10.8,6.6,3.22,1.09,97.95,102.65,40.09,72.47,112.9,109.37,145.31,148.15,199.01,197.12
w7,Sabah,279,483,183,773,772,449,379,268,108,46,7.46,12.91,4.89,20.67,20.64,12.01,10.13,7.17,2.89,1.23,100.11,110.43,42.17,68.39,112.75,108.17,135.65,160.1,177.63,221.15
w6,Sabah,222,382,195,829,781,434,369,254,114,50,6.12,10.52,5.37,22.84,21.52,11.96,10.17,7.0,3.14,1.38,79.66,87.33,44.93,73.35,114.06,104.55,132.07,151.73,187.5,240.38
w5,Sabah,237,376,212,727,646,432,316,236,95,47,7.13,11.31,6.38,21.87,19.43,13.0,9.51,7.1,2.86,1.41,85.04,85.96,48.85,64.32,94.35,104.07,113.1,140.98,156.25,225.96
w4,Sabah,152,337,168,554,484,341,248,185,78,33,5.89,13.06,6.51,21.47,18.76,13.22,9.61,7.17,3.02,1.28,54.54,77.05,38.71,49.02,70.69,82.15,88.76,110.51,128.29,158.65
w3,Sabah,123,200,129,408,394,212,192,142,48,31,6.55,10.64,6.87,21.71,20.97,11.28,10.22,7.56,2.55,1.65,44.13,45.72,29.72,36.1,57.54,51.07,68.72,84.83,78.95,149.04
w2,Sabah,91,123,71,309,286,150,152,124,38,18,6.68,9.03,5.21,22.69,21.0,11.01,11.16,9.1,2.79,1.32,32.65,28.12,16.36,27.34,41.77,36.14,54.4,74.07,62.5,86.54
w1,Sabah,66,82,52,224,204,150,123,92,41,10,6.32,7.85,4.98,21.46,19.54,14.37,11.78,8.81,3.93,0.96,23.68,18.75,11.98,19.82,29.79,36.14,44.02,54.96,67.43,48.08
w0,Sabah,97,145,58,346,276,173,134,107,43,20,6.93,10.36,4.15,24.73,19.73,12.37,9.58,7.65,3.07,1.43,34.8,33.15,13.36,30.61,40.31,41.68,47.96,63.92,70.72,96.15
w24,Sarawak,138,229,198,606,381,330,243,146,67,18,5.86,9.72,8.4,25.72,16.17,14.01,10.31,6.2,2.84,0.76,75.29,77.03,67.53,93.84,86.85,102.71,84.2,72.35,65.43,40.82
w23,Sarawak,176,258,216,659,472,340,269,172,87,25,6.58,9.65,8.08,24.64,17.65,12.72,10.06,6.43,3.25,0.93,96.02,86.78,73.67,102.04,107.59,105.82,93.21,85.23,84.96,56.69
w22,Sarawak,200,324,329,817,518,381,354,207,87,46,6.13,9.93,10.08,25.04,15.87,11.68,10.85,6.34,2.67,1.41,109.11,108.98,112.21,126.51,118.08,118.58,122.66,102.58,84.96,104.31
w21,Sarawak,271,449,433,883,672,506,405,262,113,45,6.71,11.12,10.72,21.86,16.64,12.53,10.03,6.49,2.8,1.11,147.85,151.03,147.68,136.73,153.18,157.49,140.33,129.83,110.35,102.04
w20,Sarawak,406,690,636,1496,1136,798,699,473,182,69,6.17,10.48,9.66,22.72,17.25,12.12,10.62,7.18,2.76,1.05,221.49,232.09,216.92,231.65,258.95,248.37,242.2,234.39,177.73,156.46
w19,Sarawak,605,1211,1079,2617,1846,1349,1167,725,323,136,5.47,10.95,9.76,23.67,16.69,12.2,10.55,6.56,2.92,1.23,330.06,407.33,368.01,405.23,420.79,419.86,404.37,359.27,315.43,308.39
w18,Sarawak,789,1400,1328,3313,2415,1779,1497,958,447,162,5.6,9.94,9.43,23.52,17.14,12.63,10.63,6.8,3.17,1.15,430.44,470.9,452.93,513.01,550.49,553.69,518.71,474.73,436.52,367.35
w17,Sarawak,1065,1881,1890,4756,3461,2533,2219,1481,632,244,5.28,9.33,9.37,23.59,17.17,12.56,11.01,7.35,3.13,1.21,581.01,632.69,644.61,736.45,788.92,788.36,768.88,733.89,617.19,553.29
w16,Sarawak,1497,2396,2400,6136,4297,2983,2795,1829,832,299,5.88,9.41,9.43,24.1,16.87,11.71,10.98,7.18,3.27,1.17,816.69,805.92,818.55,950.14,979.48,928.42,968.47,906.34,812.5,678.0
w15,Sarawak,1273,1982,1986,5486,4082,2762,2554,1698,783,261,5.57,8.67,8.69,23.99,17.85,12.08,11.17,7.43,3.42,1.14,694.49,666.67,677.35,849.49,930.48,859.63,884.96,841.43,764.65,591.84
w14,Sarawak,861,1308,1316,4523,3539,2300,2036,1444,699,268,4.71,7.15,7.19,24.72,19.35,12.57,11.13,7.89,3.82,1.46,469.72,439.96,448.84,700.37,806.7,715.84,705.47,715.56,682.62,607.71
w13,Sarawak,761,961,881,3537,2830,1949,1756,1286,632,228,5.13,6.48,5.94,23.86,19.09,13.15,11.85,8.68,4.26,1.54,415.17,323.24,300.48,547.69,645.09,606.6,608.45,637.26,617.19,517.01
w12,Sarawak,346,385,316,2048,1874,1073,1128,901,540,215,3.92,4.36,3.58,23.2,21.23,12.16,12.78,10.21,6.12,2.44,188.76,129.5,107.78,317.13,427.17,333.96,390.85,446.48,527.34,487.53
w11,Sarawak,246,200,125,1426,1378,929,794,757,382,165,3.84,3.12,1.95,22.27,21.52,14.51,12.4,11.82,5.97,2.58,134.21,67.27,42.63,220.81,314.11,289.14,275.12,375.12,373.05,374.15
w10,Sarawak,191,156,74,986,1023,660,618,602,338,131,4.0,3.26,1.55,20.63,21.41,13.81,12.93,12.6,7.07,2.74,104.2,52.47,25.24,152.68,233.19,205.42,214.14,298.32,330.08,297.05
w9,Sarawak,209,155,52,894,934,608,548,552,319,155,4.72,3.5,1.17,20.2,21.1,13.74,12.38,12.47,7.21,3.5,114.02,52.14,17.74,138.43,212.9,189.23,189.88,273.54,311.52,351.47
w8,Sarawak,155,117,32,666,734,444,405,473,251,121,4.56,3.44,0.94,19.6,21.6,13.07,11.92,13.92,7.39,3.56,84.56,39.35,10.91,103.13,167.31,138.19,140.33,234.39,245.12,274.38
w7,Sarawak,101,110,26,518,619,389,359,317,175,71,3.76,4.1,0.97,19.29,23.05,14.49,13.37,11.81,6.52,2.64,55.1,37.0,8.87,80.21,141.1,121.07,124.39,157.09,170.9,161.0
w6,Sarawak,88,53,17,344,448,246,249,176,137,53,4.86,2.93,0.94,19.0,24.74,13.58,13.75,9.72,7.56,2.93,48.01,17.83,5.8,53.27,102.12,76.56,86.28,87.22,133.79,120.18
w5,Sarawak,39,40,27,223,265,187,134,109,75,39,3.43,3.51,2.37,19.6,23.29,16.43,11.78,9.58,6.59,3.43,21.28,13.45,9.21,34.53,60.41,58.2,46.43,54.01,73.24,88.44
w4,Sarawak,30,30,14,156,169,86,58,62,43,15,4.52,4.52,2.11,23.53,25.49,12.97,8.75,9.35,6.49,2.26,16.37,10.09,4.77,24.16,38.52,26.77,20.1,30.72,41.99,34.01
w3,Sarawak,23,18,4,111,127,46,51,44,23,11,5.02,3.93,0.87,24.24,27.73,10.04,11.14,9.61,5.02,2.4,12.55,6.05,1.36,17.19,28.95,14.32,17.67,21.8,22.46,24.94
w2,Sarawak,7,13,8,77,57,50,26,30,13,8,2.42,4.5,2.77,26.64,19.72,17.3,9.0,10.38,4.5,2.77,3.82,4.37,2.73,11.92,12.99,15.56,9.01,14.87,12.7,18.14
w1,Sarawak,4,8,4,43,45,21,23,22,13,4,2.14,4.28,2.14,22.99,24.06,11.23,12.3,11.76,6.95,2.14,2.18,2.69,1.36,6.66,10.26,6.54,7.97,10.9,12.7,9.07
w0,Sarawak,6,3,8,21,30,19,17,13,10,5,4.55,2.27,6.06,15.91,22.73,14.39,12.88,9.85,7.58,3.79,3.27,1.01,2.73,3.25,6.84,5.91,5.89,6.44,9.77,11.34
w24,Selangor,1955,2613,2181,10365,8253,4662,3093,1464,460,175,5.55,7.42,6.19,29.43,23.43,13.24,8.78,4.16,1.31,0.5,395.59,359.52,383.24,811.16,621.18,515.25,491.97,381.45,263.46,352.82
w23,Selangor,2442,3322,2816,13234,10650,6368,3947,2063,630,203,5.35,7.27,6.17,28.97,23.32,13.94,8.64,4.52,1.38,0.44,494.13,457.07,494.82,1035.69,801.6,703.8,627.8,537.52,360.82,409.27
w22,Selangor,2380,3420,2923,12644,10443,6149,3497,1864,605,205,5.39,7.75,6.62,28.65,23.66,13.93,7.92,4.22,1.37,0.46,481.59,470.56,513.62,989.51,786.02,679.6,556.23,485.67,346.51,413.31
w21,Selangor,2363,3217,2760,14096,11716,7168,4058,1980,649,226,4.9,6.67,5.72,29.22,24.29,14.86,8.41,4.11,1.35,0.47,478.15,442.63,484.98,1103.15,881.83,792.22,645.46,515.89,371.71,455.65
w20,Selangor,2353,3303,2653,12174,10668,6360,3793,1927,614,255,5.34,7.49,6.02,27.61,24.19,14.42,8.6,4.37,1.39,0.58,476.12,454.46,466.17,952.73,802.95,702.92,603.31,502.08,351.66,514.11
w19,Selangor,2135,2955,2617,10725,9623,6103,3496,1883,742,254,5.27,7.29,6.46,26.46,23.74,15.06,8.63,4.65,1.83,0.63,432.01,406.58,459.85,839.33,724.3,674.51,556.07,490.62,424.97,512.1
w18,Selangor,1742,2463,2175,9187,8179,5213,2897,1632,626,207,5.08,7.18,6.34,26.77,23.83,15.19,8.44,4.76,1.82,0.6,352.49,338.88,382.18,718.97,615.61,576.15,460.79,425.22,358.53,417.34
w17,Selangor,1317,1939,1663,5984,5648,3621,2191,1207,472,171,5.44,8.01,6.87,24.71,23.33,14.95,9.05,4.98,1.95,0.71,266.49,266.79,292.22,468.3,425.11,400.2,348.5,314.49,270.33,344.76
w16,Selangor,1001,1294,1133,4431,4358,2536,1535,874,340,104,5.69,7.35,6.44,25.17,24.75,14.4,8.72,4.96,1.93,0.59,202.55,178.04,199.09,346.77,328.01,280.28,244.15,227.72,194.73,209.68
w15,Selangor,910,1246,902,3914,3851,2247,1391,752,312,109,5.82,7.97,5.77,25.04,24.63,14.37,8.9,4.81,2.0,0.7,184.14,171.44,158.5,306.31,289.85,248.34,221.25,195.94,178.69,219.76
w14,Selangor,734,1121,896,3199,3113,1865,1149,671,267,81,5.6,8.56,6.84,24.43,23.77,14.24,8.77,5.12,2.04,0.62,148.52,154.24,157.44,250.35,234.31,206.12,182.76,174.83,152.92,163.31
w13,Selangor,635,815,600,2205,1937,1124,832,472,172,49,7.18,9.22,6.79,24.94,21.91,12.71,9.41,5.34,1.95,0.55,128.49,112.14,105.43,172.56,145.79,124.23,132.34,122.98,98.51,98.79
w12,Selangor,569,794,613,2074,1905,1193,699,413,172,57,6.7,9.35,7.22,24.43,22.44,14.05,8.23,4.87,2.03,0.67,115.14,109.25,107.71,162.31,143.38,131.85,111.18,107.61,98.51,114.92
w11,Selangor,596,810,586,2260,2022,1233,767,372,168,54,6.72,9.13,6.61,25.48,22.8,13.9,8.65,4.19,1.89,0.61,120.6,111.45,102.97,176.87,152.19,136.27,122.0,96.93,96.22,108.87
w10,Selangor,518,729,420,1649,1601,963,604,366,115,27,7.41,10.43,6.01,23.58,22.9,13.77,8.64,5.23,1.64,0.39,104.82,100.3,73.8,129.05,120.5,106.43,96.07,95.36,65.86,54.44
w9,Selangor,579,822,406,1935,1902,1165,723,397,168,50,7.11,10.09,4.98,23.75,23.35,14.3,8.87,4.87,2.06,0.61,117.16,113.1,71.34,151.43,143.16,128.76,115.0,103.44,96.22,100.81
w8,Selangor,463,713,293,1750,1750,1029,655,372,139,32,6.43,9.91,4.07,24.32,24.32,14.3,9.1,5.17,1.93,0.44,93.69,98.1,51.48,136.95,131.72,113.73,104.18,96.93,79.61,64.52
w7,Selangor,562,1023,368,2346,2385,1450,920,539,178,59,5.72,10.41,3.74,23.87,24.26,14.75,9.36,5.48,1.81,0.6,113.72,140.75,64.66,183.6,179.51,160.26,146.33,140.44,101.95,118.95
w6,Selangor,621,1051,368,2354,2237,1469,942,521,179,46,6.34,10.74,3.76,24.05,22.85,15.01,9.62,5.32,1.83,0.47,125.66,144.61,64.66,184.22,168.37,162.36,149.83,135.75,102.52,92.74
w5,Selangor,577,1013,335,2177,2290,1456,923,492,166,64,6.08,10.67,3.53,22.93,24.12,15.34,9.72,5.18,1.75,0.67,116.75,139.38,58.86,170.37,172.36,160.92,146.81,128.19,95.07,129.03
w4,Selangor,563,881,439,2344,2255,1421,835,393,196,50,6.0,9.4,4.68,25.0,24.05,15.15,8.9,4.19,2.09,0.53,113.92,121.22,77.14,183.44,169.73,157.05,132.81,102.4,112.26,100.81
w3,Selangor,454,792,305,2117,2080,1234,633,405,137,38,5.54,9.66,3.72,25.83,25.38,15.06,7.72,4.94,1.67,0.46,91.87,108.97,53.59,165.68,156.56,136.38,100.68,105.52,78.47,76.61
w2,Selangor,378,629,261,1910,1757,1138,610,374,137,53,5.22,8.68,3.6,26.36,24.24,15.7,8.42,5.16,1.89,0.73,76.49,86.54,45.86,149.48,132.24,125.77,97.03,97.45,78.47,106.85
w1,Selangor,300,474,216,1380,1303,799,457,302,136,33,5.56,8.78,4.0,25.56,24.13,14.8,8.46,5.59,2.52,0.61,60.7,65.22,37.95,108.0,98.07,88.31,72.69,78.69,77.89,66.53
w0,Selangor,258,435,221,1491,1380,778,533,345,133,38,4.6,7.75,3.94,26.57,24.59,13.86,9.5,6.15,2.37,0.68,52.21,59.85,38.83,116.68,103.87,85.99,84.78,89.89,76.17,76.61
w24,Terengganu,54,78,83,229,163,122,70,51,13,2,6.24,9.02,9.6,26.47,18.84,14.1,8.09,5.9,1.5,0.23,39.59,44.22,60.1,82.55,88.35,102.26,65.42,68.83,38.01,16.81
w23,Terengganu,139,185,156,444,314,193,157,91,33,5,8.1,10.77,9.09,25.86,18.29,11.24,9.14,5.3,1.92,0.29,101.91,104.88,112.96,160.06,170.19,161.78,146.73,122.81,96.49,42.02
w22,Terengganu,289,424,344,741,539,341,239,171,61,16,9.13,13.4,10.87,23.41,17.03,10.77,7.55,5.4,1.93,0.51,211.88,240.36,249.09,267.12,292.14,285.83,223.36,230.77,178.36,134.45
w21,Terengganu,321,449,326,857,580,353,280,136,54,13,9.53,13.33,9.68,25.44,17.22,10.48,8.31,4.04,1.6,0.39,235.34,254.54,236.06,308.94,314.36,295.89,261.68,183.54,157.89,109.24
w20,Terengganu,299,497,432,899,644,387,313,159,55,15,8.08,13.43,11.68,24.3,17.41,10.46,8.46,4.3,1.49,0.41,219.21,281.75,312.82,324.08,349.05,324.39,292.52,214.57,160.82,126.05
w19,Terengganu,358,476,344,892,657,308,256,172,64,7,10.13,13.47,9.73,25.24,18.59,8.72,7.24,4.87,1.81,0.2,262.46,269.84,249.09,321.56,356.1,258.17,239.25,232.12,187.13,58.82
w18,Terengganu,400,539,426,1043,706,415,304,205,76,17,9.68,13.05,10.31,25.25,17.09,10.05,7.36,4.96,1.84,0.41,293.26,305.56,308.47,375.99,382.66,347.86,284.11,276.65,222.22,142.86
w17,Terengganu,439,623,518,1175,804,477,329,238,112,38,9.24,13.11,10.9,24.72,16.92,10.04,6.92,5.01,2.36,0.8,321.85,353.17,375.09,423.58,435.77,399.83,307.48,321.19,327.49,319.33
w16,Terengganu,516,816,679,1324,925,580,415,283,119,33,9.07,14.34,11.93,23.27,16.26,10.19,7.29,4.97,2.09,0.58,378.3,462.59,491.67,477.29,501.36,486.17,387.85,381.92,347.95,277.31
w15,Terengganu,531,790,587,1019,867,559,351,293,108,32,10.34,15.38,11.43,19.84,16.88,10.88,6.83,5.7,2.1,0.62,389.3,447.85,425.05,367.34,469.92,468.57,328.04,395.41,315.79,268.91
w14,Terengganu,504,755,582,957,797,473,375,277,125,27,10.34,15.5,11.95,19.64,16.36,9.71,7.7,5.69,2.57,0.55,369.5,428.0,421.43,344.99,431.98,396.48,350.47,373.82,365.5,226.89
w13,Terengganu,481,767,651,891,786,522,380,274,105,30,9.84,15.69,13.32,18.23,16.08,10.68,7.78,5.61,2.15,0.61,352.64,434.81,471.4,321.2,426.02,437.55,355.14,369.77,307.02,252.1
w12,Terengganu,381,590,462,764,637,415,318,255,100,32,9.64,14.92,11.68,19.32,16.11,10.5,8.04,6.45,2.53,0.81,279.33,334.47,334.54,275.41,345.26,347.86,297.2,344.13,292.4,268.91
w11,Terengganu,257,378,206,573,507,293,229,222,92,27,9.23,13.58,7.4,20.58,18.21,10.52,8.23,7.97,3.3,0.97,188.42,214.29,149.17,206.56,274.8,245.6,214.02,299.6,269.01,226.89
w10,Terengganu,204,278,149,537,494,307,245,209,81,21,8.08,11.01,5.9,21.27,19.56,12.16,9.7,8.28,3.21,0.83,149.56,157.6,107.89,193.58,267.75,257.33,228.97,282.05,236.84,176.47
w9,Terengganu,136,164,60,390,404,236,201,203,101,34,7.05,8.5,3.11,20.22,20.94,12.23,10.42,10.52,5.24,1.76,99.71,92.97,43.45,140.59,218.97,197.82,187.85,273.95,295.32,285.71
w8,Terengganu,118,98,28,287,340,188,150,172,82,29,7.91,6.57,1.88,19.24,22.79,12.6,10.05,11.53,5.5,1.94,86.51,55.56,20.28,103.46,184.28,157.59,140.19,232.12,239.77,243.7
w7,Terengganu,105,96,26,333,345,213,203,246,116,30,6.13,5.6,1.52,19.44,20.14,12.43,11.85,14.36,6.77,1.75,76.98,54.42,18.83,120.04,186.99,178.54,189.72,331.98,339.18,252.1
w6,Terengganu,102,72,28,307,366,217,252,236,128,41,5.83,4.12,1.6,17.55,20.93,12.41,14.41,13.49,7.32,2.34,74.78,40.82,20.28,110.67,198.37,181.89,235.51,318.49,374.27,344.54
w5,Terengganu,79,61,23,236,272,171,205,220,103,46,5.58,4.31,1.62,16.67,19.21,12.08,14.48,15.54,7.27,3.25,57.92,34.58,16.65,85.08,147.43,143.34,191.59,296.9,301.17,386.55
w4,Terengganu,94,60,14,263,343,196,171,179,107,25,6.47,4.13,0.96,18.11,23.62,13.5,11.78,12.33,7.37,1.72,68.91,34.01,10.14,94.81,185.91,164.29,159.81,241.57,312.87,210.08
w3,Terengganu,77,59,19,279,326,192,187,141,95,36,5.46,4.18,1.35,19.77,23.1,13.61,13.25,9.99,6.73,2.55,56.45,33.45,13.76,100.58,176.69,160.94,174.77,190.28,277.78,302.52
w2,Terengganu,92,68,16,255,336,195,169,154,71,25,6.66,4.92,1.16,18.46,24.33,14.12,12.24,11.15,5.14,1.81,67.45,38.55,11.59,91.93,182.11,163.45,157.94,207.83,207.6,210.08
w1,Terengganu,91,72,28,280,352,193,179,140,61,17,6.44,5.1,1.98,19.82,24.91,13.66,12.67,9.91,4.32,1.2,66.72,40.82,20.28,100.94,190.79,161.78,167.29,188.93,178.36,142.86
w0,Terengganu,73,57,32,258,271,142,147,122,65,18,6.16,4.81,2.7,21.77,22.87,11.98,12.41,10.3,5.49,1.52,53.52,32.31,23.17,93.01,146.88,119.03,137.38,164.64,190.06,151.26
w24,W.P. Kuala Lumpur,507,602,490,2427,2267,1310,813,506,156,69,5.54,6.58,5.36,26.53,24.78,14.32,8.89,5.53,1.71,0.75,435.57,358.55,348.01,686.56,698.18,503.65,414.58,393.16,241.11,331.73
w23,W.P. Kuala Lumpur,618,781,623,3130,2751,1567,1128,678,268,82,5.32,6.72,5.36,26.92,23.66,13.48,9.7,5.83,2.31,0.71,530.93,465.16,442.47,885.43,847.24,602.46,575.22,526.81,414.22,394.23
w22,W.P. Kuala Lumpur,699,959,804,3873,3713,2147,1398,766,306,114,4.73,6.49,5.44,26.21,25.12,14.53,9.46,5.18,2.07,0.77,600.52,571.17,571.02,1095.62,1143.52,825.45,712.9,595.18,472.95,548.08
w21,W.P. Kuala Lumpur,666,927,784,3910,3790,2306,1446,833,340,135,4.4,6.12,5.18,25.83,25.04,15.23,9.55,5.5,2.25,0.89,572.16,552.11,556.82,1106.08,1167.23,886.58,737.38,647.24,525.5,649.04
w20,W.P. Kuala Lumpur,559,840,710,3434,3401,2086,1304,796,418,140,4.08,6.14,5.19,25.09,24.85,15.24,9.53,5.82,3.05,1.02,480.24,500.3,504.26,971.43,1047.43,802.0,664.97,618.49,646.06,673.08
w19,W.P. Kuala Lumpur,470,502,476,2397,2261,1421,901,573,276,107,5.01,5.35,5.07,25.54,24.09,15.14,9.6,6.11,2.94,1.14,403.78,298.99,338.07,678.08,696.34,546.33,459.46,445.22,426.58,514.42
w18,W.P. Kuala Lumpur,331,432,379,1622,1627,1009,651,428,230,93,4.87,6.35,5.57,23.85,23.92,14.83,9.57,6.29,3.38,1.37,284.36,257.3,269.18,458.84,501.08,387.93,331.97,332.56,355.49,447.12
w17,W.P. Kuala Lumpur,251,300,244,1128,1108,624,550,304,172,61,5.29,6.33,5.15,23.79,23.37,13.16,11.6,6.41,3.63,1.29,215.64,178.68,173.3,319.09,341.24,239.91,280.47,236.21,265.84,293.27
w16,W.P. Kuala Lumpur,164,258,205,822,794,447,350,237,143,53,4.72,7.43,5.9,23.67,22.86,12.87,10.08,6.82,4.12,1.53,140.89,153.66,145.6,232.53,244.53,171.86,178.48,184.15,221.02,254.81
w15,W.P. Kuala Lumpur,160,227,132,643,649,322,258,172,96,38,5.93,8.42,4.89,23.84,24.06,11.94,9.57,6.38,3.56,1.41,137.46,135.2,93.75,181.9,199.88,123.8,131.57,133.64,148.38,182.69
w14,W.P. Kuala Lumpur,156,186,114,435,503,279,185,139,74,28,7.43,8.86,5.43,20.72,23.96,13.29,8.81,6.62,3.53,1.33,134.02,110.78,80.97,123.06,154.91,107.27,94.34,108.0,114.37,134.62
w13,W.P. Kuala Lumpur,100,144,109,352,382,224,138,77,45,18,6.29,9.06,6.86,22.15,24.04,14.1,8.68,4.85,2.83,1.13,85.91,85.77,77.41,99.58,117.65,86.12,70.37,59.83,69.55,86.54
w12,W.P. Kuala Lumpur,112,145,131,372,391,212,138,85,44,21,6.78,8.78,7.93,22.53,23.68,12.84,8.36,5.15,2.67,1.27,96.22,86.36,93.04,105.23,120.42,81.51,70.37,66.05,68.01,100.96
w11,W.P. Kuala Lumpur,100,159,141,437,397,225,163,101,53,19,5.57,8.86,7.86,24.35,22.12,12.53,9.08,5.63,2.95,1.06,85.91,94.7,100.14,123.62,122.27,86.51,83.12,78.48,81.92,91.35
w10,W.P. Kuala Lumpur,108,148,61,372,424,241,146,129,58,13,6.35,8.71,3.59,21.88,24.94,14.18,8.59,7.59,3.41,0.76,92.78,88.15,43.32,105.23,130.58,92.66,74.45,100.23,89.64,62.5
w9,W.P. Kuala Lumpur,131,179,104,455,436,242,177,107,54,13,6.9,9.43,5.48,23.97,22.97,12.75,9.33,5.64,2.85,0.68,112.54,106.61,73.86,128.71,134.28,93.04,90.26,83.14,83.46,62.5
w8,W.P. Kuala Lumpur,94,146,42,409,400,219,150,94,33,16,5.86,9.11,2.62,25.51,24.95,13.66,9.36,5.86,2.06,1.0,80.76,86.96,29.83,115.7,123.19,84.2,76.49,73.04,51.0,76.92
w7,W.P. Kuala Lumpur,138,210,53,626,570,292,224,156,64,30,5.84,8.89,2.24,26.49,24.12,12.36,9.48,6.6,2.71,1.27,118.56,125.07,37.64,177.09,175.55,112.26,114.23,121.21,98.92,144.23
w6,W.P. Kuala Lumpur,125,153,58,561,522,304,255,141,64,15,5.69,6.96,2.64,25.52,23.75,13.83,11.6,6.41,2.91,0.68,107.39,91.13,41.19,158.7,160.76,116.88,130.04,109.56,98.92,72.12
w5,W.P. Kuala Lumpur,131,207,65,645,535,327,244,142,62,14,5.52,8.73,2.74,27.19,22.55,13.79,10.29,5.99,2.61,0.59,112.54,123.29,46.16,182.46,164.77,125.72,124.43,110.33,95.83,67.31
w4,W.P. Kuala Lumpur,155,209,60,507,518,323,200,106,56,20,7.2,9.7,2.79,23.54,24.05,15.0,9.29,4.92,2.6,0.93,133.16,124.48,42.61,143.42,159.53,124.18,101.99,82.36,86.55,96.15
w3,W.P. Kuala Lumpur,90,196,46,561,568,310,144,130,65,21,4.22,9.2,2.16,26.33,26.65,14.55,6.76,6.1,3.05,0.99,77.32,116.74,32.67,158.7,174.93,119.18,73.43,101.01,100.46,100.96
w2,W.P. Kuala Lumpur,85,154,61,551,488,221,116,101,46,13,4.63,8.39,3.32,30.01,26.58,12.04,6.32,5.5,2.51,0.71,73.02,91.72,43.32,155.87,150.29,84.97,59.15,78.48,71.1,62.5
w1,W.P. Kuala Lumpur,60,121,52,352,379,186,89,81,43,13,4.36,8.79,3.78,25.58,27.54,13.52,6.47,5.89,3.12,0.94,51.55,72.07,36.93,99.58,116.72,71.51,45.39,62.94,66.46,62.5
w0,W.P. Kuala Lumpur,66,103,53,375,387,184,88,70,33,7,4.83,7.54,3.88,27.45,28.33,13.47,6.44,5.12,2.42,0.51,56.7,61.35,37.64,106.08,119.19,70.74,44.88,54.39,51.0,33.65
w24,W.P. Labuan,28,28,22,68,48,20,11,12,3,3,11.52,11.52,9.05,27.98,19.75,8.23,4.53,4.94,1.23,1.23,321.84,229.51,215.69,359.79,246.15,157.48,125.0,218.18,142.86,300.0
w23,W.P. Labuan,18,21,14,29,33,18,12,7,3,1,11.54,13.46,8.97,18.59,21.15,11.54,7.69,4.49,1.92,0.64,206.9,172.13,137.25,153.44,169.23,141.73,136.36,127.27,142.86,100.0
w22,W.P. Labuan,5,12,7,18,11,4,6,3,0,0,7.58,18.18,10.61,27.27,16.67,6.06,9.09,4.55,0.0,0.0,57.47,98.36,68.63,95.24,56.41,31.5,68.18,54.55,0.0,0.0
w21,W.P. Labuan,1,6,6,10,6,8,4,4,0,0,2.22,13.33,13.33,22.22,13.33,17.78,8.89,8.89,0.0,0.0,11.49,49.18,58.82,52.91,30.77,62.99,45.45,72.73,0.0,0.0
w20,W.P. Labuan,4,5,1,2,8,2,2,1,1,0,15.38,19.23,3.85,7.69,30.77,7.69,7.69,3.85,3.85,0.0,45.98,40.98,9.8,10.58,41.03,15.75,22.73,18.18,47.62,0.0
w19,W.P. Labuan,1,4,1,13,6,5,2,3,0,0,2.86,11.43,2.86,37.14,17.14,14.29,5.71,8.57,0.0,0.0,11.49,32.79,9.8,68.78,30.77,39.37,22.73,54.55,0.0,0.0
w18,W.P. Labuan,2,5,2,4,7,6,2,0,0,0,7.14,17.86,7.14,14.29,25.0,21.43,7.14,0.0,0.0,0.0,22.99,40.98,19.61,21.16,35.9,47.24,22.73,0.0,0.0,0.0
w17,W.P. Labuan,4,3,3,10,8,1,1,1,0,0,12.9,9.68,9.68,32.26,25.81,3.23,3.23,3.23,0.0,0.0,45.98,24.59,29.41,52.91,41.03,7.87,11.36,18.18,0.0,0.0
w16,W.P. Labuan,4,1,4,7,15,7,5,3,2,0,8.33,2.08,8.33,14.58,31.25,14.58,10.42,6.25,4.17,0.0,45.98,8.2,39.22,37.04,76.92,55.12,56.82,54.55,95.24,0.0
w15,W.P. Labuan,3,4,1,11,11,1,4,0,0,0,8.57,11.43,2.86,31.43,31.43,2.86,11.43,0.0,0.0,0.0,34.48,32.79,9.8,58.2,56.41,7.87,45.45,0.0,0.0,0.0
w14,W.P. Labuan,2,0,0,16,5,7,2,0,0,0,6.25,0.0,0.0,50.0,15.62,21.88,6.25,0.0,0.0,0.0,22.99,0.0,0.0,84.66,25.64,55.12,22.73,0.0,0.0,0.0
w13,W.P. Labuan,0,0,0,8,5,4,0,0,0,0,0.0,0.0,0.0,47.06,29.41,23.53,0.0,0.0,0.0,0.0,0.0,0.0,0.0,42.33,25.64,31.5,0.0,0.0,0.0,0.0
w12,W.P. Labuan,3,1,1,5,3,1,2,0,0,0,18.75,6.25,6.25,31.25,18.75,6.25,12.5,0.0,0.0,0.0,34.48,8.2,9.8,26.46,15.38,7.87,22.73,0.0,0.0,0.0
w11,W.P. Labuan,0,0,0,7,3,3,1,1,0,0,0.0,0.0,0.0,46.67,20.0,20.0,6.67,6.67,0.0,0.0,0.0,0.0,0.0,37.04,15.38,23.62,11.36,18.18,0.0,0.0
w10,W.P. Labuan,0,0,0,14,8,4,1,1,0,0,0.0,0.0,0.0,50.0,28.57,14.29,3.57,3.57,0.0,0.0,0.0,0.0,0.0,74.07,41.03,31.5,11.36,18.18,0.0,0.0
w9,W.P. Labuan,2,10,1,14,5,3,3,2,1,0,4.88,24.39,2.44,34.15,12.2,7.32,7.32,4.88,2.44,0.0,22.99,81.97,9.8,74.07,25.64,23.62,34.09,36.36,47.62,0.0
w8,W.P. Labuan,6,11,3,23,9,10,5,4,1,0,8.33,15.28,4.17,31.94,12.5,13.89,6.94,5.56,1.39,0.0,68.97,90.16,29.41,121.69,46.15,78.74,56.82,72.73,47.62,0.0
w7,W.P. Labuan,7,14,5,22,19,4,9,7,1,0,7.95,15.91,5.68,25.0,21.59,4.55,10.23,7.95,1.14,0.0,80.46,114.75,49.02,116.4,97.44,31.5,102.27,127.27,47.62,0.0
w6,W.P. Labuan,7,11,4,25,31,18,8,6,0,2,6.25,9.82,3.57,22.32,27.68,16.07,7.14,5.36,0.0,1.79,80.46,90.16,39.22,132.28,158.97,141.73,90.91,109.09,0.0,200.0
w5,W.P. Labuan,5,26,7,32,33,18,13,11,6,2,3.27,16.99,4.58,20.92,21.57,11.76,8.5,7.19,3.92,1.31,57.47,213.11,68.63,169.31,169.23,141.73,147.73,200.0,285.71,200.0
w4,W.P. Labuan,8,8,7,18,13,19,1,2,1,0,10.39,10.39,9.09,23.38,16.88,24.68,1.3,2.6,1.3,0.0,91.95,65.57,68.63,95.24,66.67,149.61,11.36,36.36,47.62,0.0
w3,W.P. Labuan,9,13,6,42,16,13,6,10,3,1,7.56,10.92,5.04,35.29,13.45,10.92,5.04,8.4,2.52,0.84,103.45,106.56,58.82,222.22,82.05,102.36,68.18,181.82,142.86,100.0
w2,W.P. Labuan,4,4,0,19,21,9,7,2,4,0,5.71,5.71,0.0,27.14,30.0,12.86,10.0,2.86,5.71,0.0,45.98,32.79,0.0,100.53,107.69,70.87,79.55,36.36,190.48,0.0
w1,W.P. Labuan,5,2,3,6,6,5,4,0,2,0,15.15,6.06,9.09,18.18,18.18,15.15,12.12,0.0,6.06,0.0,57.47,16.39,29.41,31.75,30.77,39.37,45.45,0.0,95.24,0.0
w0,W.P. Labuan,1,4,3,15,8,4,8,3,0,1,2.13,8.51,6.38,31.91,17.02,8.51,17.02,6.38,0.0,2.13,11.49,32.79,29.41,79.37,41.03,31.5,90.91,54.55,0.0,100.0
w24,W.P. Putrajaya,33,36,19,92,117,48,16,5,2,2,8.92,9.73,5.14,24.86,31.62,12.97,4.32,1.35,0.54,0.54,292.04,167.44,200.0,589.74,534.25,296.3,190.48,106.38,285.71,1000.0
w23,W.P. Putrajaya,43,57,25,96,130,60,16,12,5,1,9.66,12.81,5.62,21.57,29.21,13.48,3.6,2.7,1.12,0.22,380.53,265.12,263.16,615.38,593.61,370.37,190.48,255.32,714.29,500.0
w22,W.P. Putrajaya,56,74,32,142,173,77,34,15,3,1,9.23,12.19,5.27,23.39,28.5,12.69,5.6,2.47,0.49,0.16,495.58,344.19,336.84,910.26,789.95,475.31,404.76,319.15,428.57,500.0
w21,W.P. Putrajaya,29,69,39,103,137,57,25,13,3,0,6.11,14.53,8.21,21.68,28.84,12.0,5.26,2.74,0.63,0.0,256.64,320.93,410.53,660.26,625.57,351.85,297.62,276.6,428.57,0.0
w20,W.P. Putrajaya,50,55,22,77,103,38,22,12,1,0,13.16,14.47,5.79,20.26,27.11,10.0,5.79,3.16,0.26,0.0,442.48,255.81,231.58,493.59,470.32,234.57,261.9,255.32,142.86,0.0
w19,W.P. Putrajaya,17,30,15,51,49,29,11,3,0,0,8.29,14.63,7.32,24.88,23.9,14.15,5.37,1.46,0.0,0.0,150.44,139.53,157.89,326.92,223.74,179.01,130.95,63.83,0.0,0.0
w18,W.P. Putrajaya,18,38,17,36,82,38,7,4,3,0,7.41,15.64,7.0,14.81,33.74,15.64,2.88,1.65,1.23,0.0,159.29,176.74,178.95,230.77,374.43,234.57,83.33,85.11,428.57,0.0
w17,W.P. Putrajaya,21,33,19,37,47,28,11,5,1,0,10.4,16.34,9.41,18.32,23.27,13.86,5.45,2.48,0.5,0.0,185.84,153.49,200.0,237.18,214.61,172.84,130.95,106.38,142.86,0.0
w16,W.P. Putrajaya,24,29,12,21,53,21,7,3,2,0,13.95,16.86,6.98,12.21,30.81,12.21,4.07,1.74,1.16,0.0,212.39,134.88,126.32,134.62,242.01,129.63,83.33,63.83,285.71,0.0
w15,W.P. Putrajaya,15,30,9,12,36,27,11,3,1,0,10.42,20.83,6.25,8.33,25.0,18.75,7.64,2.08,0.69,0.0,132.74,139.53,94.74,76.92,164.38,166.67,130.95,63.83,142.86,0.0
w14,W.P. Putrajaya,18,45,19,21,45,32,4,2,1,0,9.63,24.06,10.16,11.23,24.06,17.11,2.14,1.07,0.53,0.0,159.29,209.3,200.0,134.62,205.48,197.53,47.62,42.55,142.86,0.0
w13,W.P. Putrajaya,19,29,9,39,40,26,4,3,0,1,11.18,17.06,5.29,22.94,23.53,15.29,2.35,1.76,0.0,0.59,168.14,134.88,94.74,250.0,182.65,160.49,47.62,63.83,0.0,500.0
w12,W.P. Putrajaya,23,42,23,32,64,30,12,7,2,0,9.79,17.87,9.79,13.62,27.23,12.77,5.11,2.98,0.85,0.0,203.54,195.35,242.11,205.13,292.24,185.19,142.86,148.94,285.71,0.0
w11,W.P. Putrajaya,30,28,11,32,51,21,4,3,4,1,16.22,15.14,5.95,17.3,27.57,11.35,2.16,1.62,2.16,0.54,265.49,130.23,115.79,205.13,232.88,129.63,47.62,63.83,571.43,500.0
w10,W.P. Putrajaya,11,36,12,22,54,22,9,3,1,0,6.47,21.18,7.06,12.94,31.76,12.94,5.29,1.76,0.59,0.0,97.35,167.44,126.32,141.03,246.58,135.8,107.14,63.83,142.86,0.0
w9,W.P. Putrajaya,17,33,17,38,56,40,15,3,2,0,7.69,14.93,7.69,17.19,25.34,18.1,6.79,1.36,0.9,0.0,150.44,153.49,178.95,243.59,255.71,246.91,178.57,63.83,285.71,0.0
w8,W.P. Putrajaya,18,37,7,40,61,44,17,5,1,0,7.83,16.09,3.04,17.39,26.52,19.13,7.39,2.17,0.43,0.0,159.29,172.09,73.68,256.41,278.54,271.6,202.38,106.38,142.86,0.0
w7,W.P. Putrajaya,39,91,15,47,126,67,12,16,4,1,9.33,21.77,3.59,11.24,30.14,16.03,2.87,3.83,0.96,0.24,345.13,423.26,157.89,301.28,575.34,413.58,142.86,340.43,571.43,500.0
w6,W.P. Putrajaya,32,81,11,43,112,74,20,9,4,1,8.27,20.93,2.84,11.11,28.94,19.12,5.17,2.33,1.03,0.26,283.19,376.74,115.79,275.64,511.42,456.79,238.1,191.49,571.43,500.0
w5,W.P. Putrajaya,44,69,15,41,103,71,18,12,1,0,11.76,18.45,4.01,10.96,27.54,18.98,4.81,3.21,0.27,0.0,389.38,320.93,157.89,262.82,470.32,438.27,214.29,255.32,142.86,0.0
w4,W.P. Putrajaya,21,38,9,42,67,47,13,7,2,2,8.47,15.32,3.63,16.94,27.02,18.95,5.24,2.82,0.81,0.81,185.84,176.74,94.74,269.23,305.94,290.12,154.76,148.94,285.71,1000.0
w3,W.P. Putrajaya,19,38,9,33,75,23,10,8,4,0,8.68,17.35,4.11,15.07,34.25,10.5,4.57,3.65,1.83,0.0,168.14,176.74,94.74,211.54,342.47,141.98,119.05,170.21,571.43,0.0
w2,W.P. Putrajaya,15,30,11,30,57,28,7,7,0,0,8.11,16.22,5.95,16.22,30.81,15.14,3.78,3.78,0.0,0.0,132.74,139.53,115.79,192.31,260.27,172.84,83.33,148.94,0.0,0.0
w1,W.P. Putrajaya,14,35,7,22,49,23,6,8,1,0,8.48,21.21,4.24,13.33,29.7,13.94,3.64,4.85,0.61,0.0,123.89,162.79,73.68,141.03,223.74,141.98,71.43,170.21,142.86,0.0
w0,W.P. Putrajaya,8,8,7,25,57,27,7,7,1,0,5.44,5.44,4.76,17.01,38.78,18.37,4.76,4.76,0.68,0.0,70.8,37.21,73.68,160.26,260.27,166.67,83.33,148.94,142.86,0.0
