date,vaxtype,daily_total,daily_nonserious_mysj,daily_nonserious_npra,daily_serious_npra,daily_nonserious_mysj_dose1,daily_nonserious_mysj_dose2,d1_site_pain,d1_site_swelling,d1_site_redness,d1_tiredness,d1_headache,d1_muscle_pain,d1_joint_pain,d1_weakness,d1_fever,d1_vomiting,d1_chills,d1_rash,d2_site_pain,d2_site_swelling,d2_site_redness,d2_tiredness,d2_headache,d2_muscle_pain,d2_joint_pain,d2_weakness,d2_fever,d2_vomiting,d2_chills,d2_rash
2021-02-25,pfizer,1,0,1,0,0,0,0,0,0,0,0,0,0,0,0,0,0,0,0,0,0,0,0,0,0,0,0,0,0,0
2021-02-26,pfizer,2,0,2,0,0,0,0,0,0,0,0,0,0,0,0,0,0,0,0,0,0,0,0,0,0,0,0,0,0,0
2021-02-27,pfizer,4,0,4,0,0,0,0,0,0,0,0,0,0,0,0,0,0,0,0,0,0,0,0,0,0,0,0,0,0,0
2021-02-28,pfizer,12,0,11,1,0,0,0,0,0,0,0,0,0,0,0,0,0,0,0,0,0,0,0,0,0,0,0,0,0,0
2021-03-01,pfizer,33,0,29,4,0,0,0,0,0,0,0,0,0,0,0,0,0,0,0,0,0,0,0,0,0,0,0,0,0,0
2021-03-02,pfizer,52,0,49,3,0,0,0,0,0,0,0,0,0,0,0,0,0,0,0,0,0,0,0,0,0,0,0,0,0,0
2021-03-03,pfizer,109,0,104,5,0,0,0,0,0,0,0,0,0,0,0,0,0,0,0,0,0,0,0,0,0,0,0,0,0,0
2021-03-04,pfizer,136,0,122,14,0,0,0,0,0,0,0,0,0,0,0,0,0,0,0,0,0,0,0,0,0,0,0,0,0,0
2021-03-05,pfizer,140,0,134,6,0,0,0,0,0,0,0,0,0,0,0,0,0,0,0,0,0,0,0,0,0,0,0,0,0,0
2021-03-06,pfizer,440,417,20,3,417,0,261,40,18,149,141,94,23,69,10,71,27,18,0,0,0,0,0,0,0,0,0,0,0,0
2021-03-07,pfizer,459,406,49,4,406,0,276,37,15,143,142,84,14,65,21,51,22,0,0,0,0,0,0,0,0,0,0,0,0,0
2021-03-08,pfizer,883,736,142,5,736,0,426,59,14,259,274,158,54,119,24,126,48,36,0,0,0,0,0,0,0,0,0,0,0,0
2021-03-09,pfizer,808,748,57,3,748,0,414,58,24,254,295,154,38,141,40,147,58,52,0,0,0,0,0,0,0,0,0,0,0,0
2021-03-10,pfizer,1048,740,287,21,740,0,414,72,23,252,288,165,47,128,40,131,59,51,0,0,0,0,0,0,0,0,0,0,0,0
2021-03-11,pfizer,787,637,140,10,637,0,351,54,20,235,276,121,47,108,24,126,46,46,0,0,0,0,0,0,0,0,0,0,0,0
2021-03-12,pfizer,665,568,94,3,568,0,331,51,13,182,226,102,34,86,26,102,45,24,0,0,0,0,0,0,0,0,0,0,0,0
2021-03-13,pfizer,300,294,5,1,294,0,169,29,1,103,115,62,24,64,11,56,20,14,0,0,0,0,0,0,0,0,0,0,0,0
2021-03-14,pfizer,217,180,37,0,180,0,93,14,4,78,69,28,10,31,9,40,15,8,0,0,0,0,0,0,0,0,0,0,0,0
2021-03-15,pfizer,485,358,124,3,358,0,203,35,17,142,136,86,38,74,27,69,35,24,0,0,0,0,0,0,0,0,0,0,0,0
2021-03-16,pfizer,642,524,116,2,524,0,301,63,22,227,212,125,53,105,27,108,36,25,0,0,0,0,0,0,0,0,0,0,0,0
2021-03-17,pfizer,753,554,196,3,554,0,302,46,18,210,222,103,33,108,38,130,46,31,0,0,0,0,0,0,0,0,0,0,0,0
2021-03-18,pfizer,623,491,127,5,491,0,269,50,18,188,199,99,37,81,27,87,35,27,0,0,0,0,0,0,0,0,0,0,0,0
2021-03-19,pfizer,783,670,109,4,670,0,462,81,26,218,189,142,34,97,52,82,32,17,0,0,0,0,0,0,0,0,0,0,0,0
2021-03-20,pfizer,717,700,15,2,700,0,559,114,62,249,186,163,47,103,63,60,55,24,0,0,0,0,0,0,0,0,0,0,0,0
2021-03-21,pfizer,860,836,22,2,836,0,641,138,48,303,234,237,63,142,91,95,68,28,0,0,0,0,0,0,0,0,0,0,0,0
2021-03-22,pfizer,1783,1657,124,2,1515,142,1111,264,94,625,459,433,115,269,143,191,129,78,103,14,0,65,54,32,17,29,24,18,12,7
2021-03-23,pfizer,2232,2114,118,0,1935,179,1409,358,140,737,582,492,157,343,176,220,134,77,130,34,12,90,77,57,32,50,35,32,34,6
2021-03-24,pfizer,1869,1657,209,3,1515,142,1111,264,94,625,459,433,115,269,143,191,129,78,103,14,0,65,54,32,17,29,24,18,12,7
2021-03-25,pfizer,2283,2114,166,3,1935,179,1409,358,140,737,582,492,157,343,176,220,134,77,130,34,12,90,77,57,32,50,35,32,34,6
2021-03-26,pfizer,2427,2321,104,2,2089,232,1535,368,134,792,643,525,143,319,167,292,130,95,150,39,15,109,117,71,37,70,53,57,56,13
2021-03-27,pfizer,2199,2176,19,4,1976,200,1444,312,95,742,562,520,163,340,168,239,128,111,135,37,13,107,90,64,37,70,55,41,58,10
2021-03-28,pfizer,1263,1165,96,2,1060,105,769,176,68,426,332,274,90,223,90,167,87,59,67,16,4,57,45,34,20,38,25,30,26,5
2021-03-29,pfizer,1263,1199,63,1,1093,106,841,199,74,453,318,278,81,204,108,107,83,50,75,16,8,48,38,29,14,33,17,16,17,5
2021-03-30,pfizer,1348,971,374,3,883,88,615,118,36,373,314,260,93,193,84,132,83,43,64,13,4,44,36,24,18,29,13,24,15,8
2021-03-30,sinovac,1,0,0,1,0,0,0,0,0,0,0,0,0,0,0,0,0,0,0,0,0,0,0,0,0,0,0,0,0,0
2021-03-31,pfizer,2395,2134,261,0,1886,248,1244,282,92,807,731,458,171,405,170,315,158,103,145,31,12,112,111,70,47,74,51,58,51,11
2021-03-31,sinovac,4,0,4,0,0,0,0,0,0,0,0,0,0,0,0,0,0,0,0,0,0,0,0,0,0,0,0,0,0,0
2021-04-01,pfizer,2051,1792,253,6,1536,256,1046,234,70,649,550,336,140,312,137,229,139,75,168,37,10,127,137,105,69,97,80,69,72,8
2021-04-01,sinovac,1,0,1,0,0,0,0,0,0,0,0,0,0,0,0,0,0,0,0,0,0,0,0,0,0,0,0,0,0,0
2021-04-02,pfizer,1049,918,124,7,845,73,584,137,44,385,307,223,105,211,93,137,70,44,51,12,3,31,35,26,11,24,10,20,12,5
2021-04-02,sinovac,1,0,1,0,0,0,0,0,0,0,0,0,0,0,0,0,0,0,0,0,0,0,0,0,0,0,0,0,0,0
2021-04-03,pfizer,592,577,11,4,523,54,349,89,36,253,185,152,63,117,57,78,42,29,33,6,3,31,28,14,12,23,10,12,11,2
2021-04-03,sinovac,0,0,0,0,0,0,0,0,0,0,0,0,0,0,0,0,0,0,0,0,0,0,0,0,0,0,0,0,0,0
2021-04-04,pfizer,1418,1374,44,0,1263,111,813,191,57,540,472,309,148,285,144,193,116,84,74,12,1,54,51,30,21,33,18,26,27,8
2021-04-04,sinovac,8,0,8,0,0,0,0,0,0,0,0,0,0,0,0,0,0,0,0,0,0,0,0,0,0,0,0,0,0,0
2021-04-05,pfizer,2006,1767,237,2,1568,199,1044,261,91,717,600,428,211,366,183,288,156,93,125,34,16,83,102,58,34,64,49,51,48,9
2021-04-05,sinovac,3,0,3,0,0,0,0,0,0,0,0,0,0,0,0,0,0,0,0,0,0,0,0,0,0,0,0,0,0,0
2021-04-06,pfizer,1899,1759,135,5,1553,206,990,230,74,710,603,382,164,362,181,262,144,82,136,30,12,95,98,68,38,63,43,41,40,10
2021-04-06,sinovac,12,0,12,0,0,0,0,0,0,0,0,0,0,0,0,0,0,0,0,0,0,0,0,0,0,0,0,0,0,0
2021-04-07,pfizer,1834,1711,116,7,1024,687,658,139,48,466,410,270,126,242,114,177,85,64,453,100,30,328,297,190,79,178,81,125,58,42
2021-04-07,sinovac,11,0,9,2,0,0,0,0,0,0,0,0,0,0,0,0,0,0,0,0,0,0,0,0,0,0,0,0,0,0
2021-04-08,pfizer,1889,1711,174,4,1024,687,658,139,48,466,410,270,126,242,114,177,85,64,453,100,30,328,297,190,79,178,81,125,58,42
2021-04-08,sinovac,79,59,20,0,59,0,30,1,2,17,23,5,9,12,4,10,4,0,0,0,0,0,0,0,0,0,0,0,0,0
2021-04-09,pfizer,1468,1370,94,4,685,685,468,110,48,283,233,167,92,160,71,92,46,41,468,110,48,283,233,167,92,160,71,92,46,41
2021-04-09,sinovac,19,14,5,0,14,0,9,0,0,8,6,2,2,6,2,1,2,0,0,0,0,0,0,0,0,0,0,0,0,0
2021-04-10,pfizer,2218,2192,25,1,1981,211,1354,333,127,821,668,541,192,400,212,275,185,105,124,28,10,88,114,64,26,65,39,62,47,14
2021-04-10,sinovac,20,15,5,0,15,0,6,0,1,6,6,3,1,2,1,2,1,1,0,0,0,0,0,0,0,0,0,0,0,0
2021-04-11,pfizer,2364,2320,44,0,2006,314,1343,343,134,876,712,506,196,449,211,328,194,130,176,37,11,124,158,79,39,96,50,72,49,18
2021-04-11,sinovac,63,61,2,0,61,0,34,3,2,21,27,14,6,16,1,11,4,0,0,0,0,0,0,0,0,0,0,0,0,0
2021-04-12,pfizer,2544,2367,172,5,954,1413,605,132,48,432,422,231,110,226,102,155,94,48,848,186,54,627,577,326,173,321,133,270,130,88
2021-04-12,sinovac,128,126,2,0,126,0,62,3,3,40,57,14,16,21,3,12,11,2,0,0,0,0,0,0,0,0,0,0,0,0
2021-04-13,pfizer,1408,1218,188,2,775,443,504,118,41,360,346,203,87,188,96,136,80,45,271,55,20,178,178,104,54,106,28,63,33,16
2021-04-13,sinovac,128,120,6,2,120,0,47,5,1,42,57,17,8,24,0,25,5,3,0,0,0,0,0,0,0,0,0,0,0,0
2021-04-14,pfizer,1398,1252,144,2,872,380,525,116,33,359,334,206,95,182,95,168,91,54,251,65,23,194,139,114,56,91,71,68,56,22
2021-04-14,sinovac,138,126,12,0,126,0,62,3,3,40,57,14,16,21,3,12,11,2,0,0,0,0,0,0,0,0,0,0,0,0
2021-04-15,pfizer,1605,1492,107,6,958,534,647,172,46,417,373,248,122,214,123,140,100,56,362,104,31,243,194,141,75,116,93,75,50,33
2021-04-15,sinovac,66,60,6,0,60,0,29,5,2,22,27,10,9,13,6,6,5,2,0,0,0,0,0,0,0,0,0,0,0,0
2021-04-16,pfizer,784,708,76,0,557,151,376,94,27,234,230,150,73,124,50,102,60,23,106,36,11,70,65,35,20,37,22,37,22,6
2021-04-16,sinovac,60,55,5,0,55,0,18,4,2,24,24,11,3,16,3,11,6,3,0,0,0,0,0,0,0,0,0,0,0,0
2021-04-17,pfizer,325,323,2,0,299,24,213,46,11,107,126,66,37,60,22,43,20,10,21,5,2,14,12,8,5,7,2,6,4,0
2021-04-17,sinovac,5,5,0,0,5,0,0,0,0,3,2,2,1,2,1,1,0,0,0,0,0,0,0,0,0,0,0,0,0,0
2021-04-18,pfizer,657,611,45,1,400,211,284,47,18,159,134,78,31,69,29,53,34,17,147,22,13,91,72,37,19,43,21,24,20,12
2021-04-18,sinovac,36,28,7,1,28,0,9,1,3,16,10,9,5,11,3,2,2,0,0,0,0,0,0,0,0,0,0,0,0,0
2021-04-19,pfizer,1201,1088,111,2,814,274,550,137,30,353,287,206,84,197,80,125,84,29,190,52,9,114,105,70,28,66,34,45,31,16
2021-04-19,sinovac,17,5,11,1,5,0,2,0,0,4,1,3,1,0,0,0,0,0,0,0,0,0,0,0,0,0,0,0,0,0
2021-04-20,pfizer,1185,1125,57,3,772,353,556,125,43,369,278,207,88,182,98,125,85,26,255,60,19,188,135,105,32,84,49,50,36,16
2021-04-20,sinovac,219,217,2,0,142,75,47,7,2,69,74,29,18,44,15,26,6,7,30,5,2,39,41,14,14,23,9,0,0,0
2021-04-21,pfizer,1110,992,118,0,580,412,415,81,22,292,226,154,71,152,82,85,69,18,312,60,16,216,165,113,51,112,67,59,50,13
2021-04-21,sinovac,374,362,12,0,194,168,72,11,5,90,88,43,31,39,19,37,13,13,60,9,3,81,74,38,28,33,17,28,10,0
2021-04-22,pfizer,1590,1497,90,3,870,627,629,157,27,382,326,245,108,228,132,121,78,31,458,111,23,282,247,175,74,163,101,24,20,12
2021-04-22,sinovac,316,308,8,0,176,132,55,4,5,92,62,32,24,50,16,24,11,9,42,4,5,65,46,25,15,37,11,20,8,0
2021-04-23,pfizer,690,654,32,4,382,272,289,68,25,184,140,99,47,106,58,47,41,14,212,54,15,137,109,75,36,72,49,92,46,41
2021-04-23,sinovac,275,273,1,1,154,119,51,4,4,79,56,37,21,40,17,19,10,9,39,2,3,65,45,28,15,33,15,17,6,7
2021-04-24,pfizer,277,225,51,1,135,90,114,25,8,64,35,22,14,32,21,15,13,4,84,20,6,46,22,16,11,28,16,11,9,4
2021-04-24,sinovac,45,44,1,0,30,14,12,0,1,20,13,7,3,10,2,5,4,1,5,0,1,8,5,2,1,1,1,0,3,1
2021-04-25,pfizer,623,607,16,0,346,261,280,80,31,152,106,95,42,66,49,33,42,16,226,67,27,114,77,73,35,50,38,24,33,0
2021-04-25,sinovac,137,134,3,0,74,60,19,5,0,38,36,16,18,21,10,16,4,8,15,4,0,31,29,12,13,14,8,14,4,0
2021-04-26,pfizer,825,742,78,5,474,268,344,75,22,214,170,143,60,113,77,72,53,18,210,51,16,131,96,89,37,66,57,36,38,10
2021-04-26,sinovac,653,648,5,0,355,293,119,9,3,164,136,58,47,97,31,33,25,15,95,6,3,134,115,41,38,78,23,23,18,11
2021-04-27,pfizer,1023,918,98,7,552,366,419,101,35,243,210,158,72,145,90,81,69,25,297,70,24,178,162,115,54,107,75,58,54,16
2021-04-27,sinovac,463,441,22,0,248,193,90,11,9,126,97,58,31,80,32,39,30,11,71,9,7,100,76,52,24,67,23,30,27,7
2021-04-28,pfizer,1048,982,63,3,605,377,437,102,36,273,203,135,78,154,62,77,71,30,291,62,25,175,131,86,53,108,45,51,48,14
2021-04-28,sinovac,598,574,23,1,303,271,98,14,10,159,153,53,45,73,34,64,32,13,85,12,10,141,141,46,37,63,31,59,28,11
2021-04-29,pfizer,475,420,49,6,278,142,204,45,11,147,96,70,44,72,40,34,33,15,108,21,6,73,44,39,25,37,19,19,16,7
2021-04-29,sinovac,403,395,7,1,245,150,76,7,3,120,114,53,37,73,21,56,22,12,38,3,2,78,75,32,21,53,16,40,17,7
2021-04-30,pfizer,679,613,61,5,388,225,284,77,19,187,134,94,51,99,51,40,37,21,167,50,8,117,82,63,34,60,40,24,26,13
2021-04-30,sinovac,265,250,15,0,152,98,53,6,3,70,66,29,29,42,19,24,14,7,33,5,3,44,45,20,19,23,11,14,10,4
2021-05-01,pfizer,264,243,20,1,149,94,116,23,15,60,41,39,20,29,16,15,8,6,74,14,12,38,28,27,16,21,9,10,4,4
2021-05-01,sinovac,179,178,1,0,177,1,100,5,2,95,71,40,24,54,18,19,10,4,0,0,0,0,1,0,0,0,0,0,0,0
2021-05-02,pfizer,971,960,7,4,576,384,439,132,54,264,209,147,75,140,68,89,48,37,305,84,37,177,131,98,48,89,42,53,34,21
2021-05-02,sinovac,147,147,0,0,126,21,61,4,6,71,45,32,13,28,15,15,13,11,7,0,0,6,9,6,4,4,6,4,3,6
2021-05-03,pfizer,3601,3452,147,2,1889,1563,1337,395,103,879,732,546,282,505,253,262,199,90,1130,330,77,728,600,453,219,399,210,206,159,71
2021-05-03,sinovac,454,448,6,0,233,215,93,12,6,120,89,54,39,81,30,32,23,8,84,11,5,107,81,49,33,70,25,29,18,6
2021-05-04,pfizer,2884,2790,86,8,1509,1281,1133,330,98,738,516,429,209,429,187,163,163,51,989,295,85,631,430,362,186,360,165,133,141,40
2021-05-04,sinovac,801,782,19,0,418,364,180,22,10,202,192,79,63,119,49,64,39,14,159,17,9,177,170,73,55,106,42,54,32,9
2021-05-05,astrazeneca,139,139,0,0,139,0,76,7,2,73,62,40,19,51,57,16,62,2,0,0,0,0,0,0,0,0,0,0,0,0
2021-05-05,pfizer,3901,3804,86,11,2017,1787,1517,450,127,974,759,569,304,552,251,263,231,102,1348,408,111,867,679,503,266,481,216,228,199,80
2021-05-05,sinovac,424,416,6,2,256,160,119,12,6,129,101,46,40,76,24,41,25,12,74,10,5,89,65,33,28,55,18,24,15,9
2021-05-06,astrazeneca,95,94,1,0,94,0,52,7,2,71,37,26,20,42,48,10,47,2,0,0,0,0,0,0,0,0,0,0,0,0
2021-05-06,pfizer,2311,2198,109,4,1186,1012,898,256,72,586,434,359,184,340,211,161,196,52,781,233,63,509,364,324,161,287,183,135,170,42
2021-05-06,sinovac,505,494,11,0,292,202,127,15,7,142,120,59,37,79,30,37,26,10,85,8,5,108,82,45,27,51,22,25,16,8
2021-05-07,astrazeneca,86,86,0,0,86,0,46,5,2,55,39,32,27,38,44,7,41,2,0,0,0,0,0,0,0,0,0,0,0,0
2021-05-07,pfizer,2255,2109,141,5,1148,961,872,249,80,565,436,368,201,354,223,152,214,62,740,211,70,476,375,308,164,292,186,125,187,49
2021-05-07,sinovac,571,562,9,0,329,233,147,18,7,162,135,80,55,91,32,50,37,14,97,13,5,121,98,57,41,66,21,41,24,12
2021-05-08,astrazeneca,134,134,0,0,134,0,71,5,3,83,53,39,30,55,67,5,56,2,0,0,0,0,0,0,0,0,0,0,0,0
2021-05-08,pfizer,1239,1210,29,0,646,564,480,135,33,267,211,187,100,155,84,80,58,27,423,124,30,233,187,161,88,137,77,77,54,23
2021-05-08,sinovac,163,161,2,0,86,75,30,7,5,54,34,19,13,33,13,12,7,5,26,5,5,45,31,17,12,26,13,11,7,3
2021-05-09,astrazeneca,72,72,0,0,72,0,48,7,1,43,39,24,17,30,39,5,33,1,0,0,0,0,0,0,0,0,0,0,0,0
2021-05-09,pfizer,871,852,16,3,465,387,341,93,22,224,145,126,63,128,70,60,62,15,297,82,20,197,121,108,52,107,61,44,55,11
2021-05-09,sinovac,68,65,3,0,39,26,20,2,2,27,17,8,5,18,6,6,6,3,12,2,0,21,13,6,4,13,4,6,5,2
2021-05-10,astrazeneca,72,72,0,0,72,0,76,48,7,1,43,39,24,17,30,39,5,33,0,0,0,0,0,0,0,0,0,0,0,0
2021-05-10,pfizer,3108,2890,215,3,1567,1323,1159,331,73,814,500,441,248,470,240,195,194,59,1007,287,57,696,403,369,206,397,205,163,163,50
2021-05-10,sinovac,224,211,13,0,124,87,45,8,4,58,54,25,17,25,17,20,12,5,30,4,2,46,39,20,12,22,10,0,0,0
2021-05-11,astrazeneca,293,293,0,0,293,0,72,15,253,211,160,118,182,228,66,182,40,1,0,0,0,0,0,0,0,0,0,0,0,0
2021-05-11,pfizer,1835,1759,73,3,1028,731,776,215,63,487,338,282,145,287,147,135,112,37,559,165,41,353,246,202,108,201,106,92,81,26
2021-05-11,sinovac,260,249,10,1,151,98,48,9,2,80,59,33,17,48,23,30,14,7,32,5,2,54,36,24,14,32,14,18,8,7
2021-05-12,astrazeneca,75,74,1,0,74,0,181,49,7,3,48,27,31,20,36,33,8,30,0,0,0,0,0,0,0,0,0,0,0,0
2021-05-12,pfizer,731,651,78,2,431,220,334,68,21,192,129,116,62,105,59,43,54,8,172,37,14,94,59,58,29,50,31,17,24,6
2021-05-12,sinovac,75,57,18,0,43,14,23,3,2,20,20,8,8,12,6,8,3,2,7,0,0,7,4,2,2,3,1,2,0,0
2021-05-13,astrazeneca,0,0,0,0,0,0,0,0,0,0,0,0,0,0,0,0,0,0,0,0,0,0,0,0,0,0,0,0,0,0
2021-05-13,pfizer,4,0,2,2,0,0,0,0,0,0,0,0,0,0,0,0,0,0,0,0,0,0,0,0,0,0,0,0,0,0
2021-05-13,sinovac,3,2,0,1,1,1,1,0,0,0,1,0,0,0,0,0,0,0,1,0,0,0,1,0,0,0,0,0,0,0
2021-05-14,astrazeneca,1,0,1,0,0,0,0,0,0,0,0,0,0,0,0,0,0,0,0,0,0,0,0,0,0,0,0,0,0,0
2021-05-14,pfizer,14,1,11,2,1,0,0,0,0,1,0,0,0,0,0,0,0,0,0,0,0,0,0,0,0,0,0,0,0,0
2021-05-14,sinovac,2,0,2,0,0,0,0,0,0,0,0,0,0,0,0,0,0,0,0,0,0,0,0,0,0,0,0,0,0,0
2021-05-15,astrazeneca,235,235,0,0,235,0,140,15,3,127,92,90,48,99,102,23,87,4,0,0,0,0,0,0,0,0,0,0,0,0
2021-05-15,pfizer,47,42,4,1,33,9,25,3,1,12,10,6,3,5,5,2,1,0,5,1,1,3,3,3,1,2,3,0,0,0
2021-05-15,sinovac,0,0,0,0,0,0,0,0,0,0,0,0,0,0,0,0,0,0,0,0,0,0,0,0,0,0,0,0,0,0
2021-05-16,astrazeneca,205,198,7,0,198,0,111,21,6,120,90,86,58,91,84,24,78,5,0,0,0,0,0,0,0,0,0,0,0,0
2021-05-16,pfizer,34,18,16,0,11,7,7,3,0,0,3,4,2,1,4,3,2,1,3,0,0,3,4,2,1,4,3,2,1,1
2021-05-16,sinovac,2,2,0,0,1,1,1,0,1,0,0,0,0,0,0,0,0,0,1,0,1,0,0,0,0,0,0,0,0,0
2021-05-17,astrazeneca,198,197,1,0,197,0,107,18,8,128,95,69,56,99,87,25,80,6,0,0,0,0,0,0,0,0,0,0,0,0
2021-05-17,pfizer,2019,1979,40,0,1195,784,877,224,65,534,359,326,156,308,177,145,129,42,583,150,45,370,222,212,105,195,118,87,81,24
2021-05-17,sinovac,119,114,5,0,80,34,35,6,3,46,41,19,15,24,10,12,10,0,16,3,1,17,18,8,5,10,6,4,7,0
2021-05-18,astrazeneca,120,114,6,0,114,0,63,9,3,74,47,35,25,50,42,12,52,2,0,0,0,0,0,0,0,0,0,0,0,0
2021-05-18,pfizer,1958,1923,34,1,1090,833,807,222,62,449,303,272,132,251,153,97,114,38,623,183,52,354,234,221,107,191,130,72,95,29
2021-05-18,sinovac,207,203,4,0,120,83,40,9,2,54,36,23,13,28,14,16,12,4,28,8,2,38,26,17,9,23,10,11,7,2
2021-05-19,astrazeneca,138,137,1,0,137,0,85,12,6,71,61,43,37,62,51,16,60,4,0,0,0,0,0,0,0,0,0,0,0,0
2021-05-19,pfizer,2664,2616,45,3,1462,1154,1156,318,89,635,381,378,201,357,232,132,207,45,911,260,78,527,301,316,155,286,187,103,175,37
2021-05-19,sinovac,217,209,7,1,130,79,49,9,5,63,66,28,26,32,21,20,11,8,31,6,4,47,42,22,21,27,15,12,6,6
2021-05-20,astrazeneca,105,104,1,0,104,0,38,7,1,61,51,30,26,49,44,12,42,2,0,0,0,0,0,0,0,0,0,0,0,0
2021-05-20,pfizer,1538,1482,49,7,851,631,639,148,38,382,256,231,115,227,160,101,115,32,489,119,32,297,190,180,86,172,125,77,93,30
2021-05-20,sinovac,128,118,9,1,88,30,41,5,2,41,42,17,9,22,6,14,4,1,13,1,1,18,15,8,6,6,2,6,0,0
2021-05-21,astrazeneca,147,144,3,0,144,0,93,7,5,92,68,58,42,67,61,13,68,0,0,0,0,0,0,0,0,0,0,0,0,0
2021-05-21,pfizer,1223,1183,34,6,669,514,531,129,32,319,207,170,85,183,99,64,69,27,418,104,28,258,157,134,69,141,80,53,53,21
2021-05-21,sinovac,101,96,5,0,71,25,26,2,1,37,35,8,9,20,9,17,8,5,8,1,0,15,14,5,6,10,5,6,3,4
2021-05-22,astrazeneca,117,117,0,0,117,0,77,7,1,65,57,41,26,58,58,10,50,0,0,0,0,0,0,0,0,0,0,0,0,0
2021-05-22,pfizer,168,161,5,2,105,56,76,15,2,44,35,19,12,23,18,17,18,0,42,9,1,27,16,13,8,15,8,12,10,0
2021-05-22,sinovac,109,107,1,1,91,16,54,3,1,38,27,11,10,17,8,11,8,2,13,1,0,4,2,3,3,2,2,0,0,1
2021-05-23,astrazeneca,171,170,1,0,170,0,117,14,6,91,81,59,41,73,77,16,68,0,0,0,0,0,0,0,0,0,0,0,0,0
2021-05-23,pfizer,300,265,35,0,151,114,104,16,8,70,51,35,22,33,25,17,16,3,85,13,8,57,39,27,18,27,24,14,14,2
2021-05-23,sinovac,102,91,11,0,67,24,35,1,2,27,20,16,8,10,7,9,2,2,8,0,0,12,9,6,3,3,4,5,1,2
2021-05-24,astrazeneca,228,227,1,0,227,0,145,20,6,142,107,84,61,116,102,29,74,3,0,0,0,0,0,0,0,0,0,0,0,0
2021-05-24,pfizer,1487,1333,151,3,752,581,568,138,44,345,232,184,89,174,89,85,59,28,457,111,35,257,163,150,70,137,69,66,52,19
2021-05-24,sinovac,192,180,12,0,125,55,54,6,6,47,34,18,13,34,12,14,7,4,25,3,3,29,13,8,6,19,7,4,5,3
2021-05-25,astrazeneca,205,200,4,1,200,0,105,14,6,112,96,66,50,84,84,27,74,3,0,0,0,0,0,0,0,0,0,0,0,0
2021-05-25,pfizer,1315,1226,86,3,711,515,518,135,38,312,223,177,87,185,100,78,77,36,390,109,31,235,153,143,69,137,81,63,63,27
2021-05-25,sinovac,357,347,9,1,215,132,90,10,6,81,83,44,32,34,19,29,15,10,55,5,3,46,51,30,20,17,10,17,9,9
2021-05-26,astrazeneca,272,272,0,0,272,0,174,22,10,166,126,92,66,131,139,28,115,2,0,0,0,0,0,0,0,0,0,0,0,0
2021-05-26,pfizer,91,87,1,3,46,41,36,9,2,17,13,14,8,11,8,4,4,0,33,9,2,15,10,13,8,10,8,3,4,0
2021-05-26,sinovac,25,24,1,0,19,5,11,0,2,11,4,5,1,2,1,3,1,0,4,0,1,5,1,1,0,0,0,2,0,0
2021-05-27,astrazeneca,268,268,0,0,268,0,160,31,9,145,127,114,79,116,126,34,141,4,0,0,0,0,0,0,0,0,0,0,0,0
2021-05-27,pfizer,760,707,48,5,424,283,189,23,14,199,172,67,43,98,42,49,36,12,127,16,10,130,112,49,31,59,27,31,24,8
2021-05-27,sinovac,733,707,26,0,424,283,189,23,14,199,172,67,43,98,42,49,36,12,127,16,10,130,112,49,31,59,27,31,24,8
2021-05-28,astrazeneca,309,304,5,0,304,0,174,18,6,173,169,96,77,136,135,30,118,6,0,0,0,0,0,0,0,0,0,0,0,0
2021-05-28,pfizer,572,530,42,0,519,11,409,102,25,223,144,130,71,115,68,44,44,7,8,2,1,4,2,3,1,1,2,2,1,1
2021-05-28,sinovac,332,325,6,1,317,8,140,11,6,148,124,74,39,79,33,36,32,17,2,1,0,5,2,2,0,2,0,0,0,0
2021-05-29,astrazeneca,354,353,1,0,353,0,220,40,9,221,178,139,93,184,162,38,139,4,0,0,0,0,0,0,0,0,0,0,0,0
2021-05-29,pfizer,314,310,4,0,304,6,249,48,12,131,70,57,26,69,40,23,28,4,5,1,0,3,1,1,0,1,1,1,0,0
2021-05-29,sinovac,107,105,1,1,105,0,51,5,1,52,37,19,12,32,8,11,7,2,0,0,0,0,0,0,0,0,0,0,0,0
2021-05-30,astrazeneca,273,273,0,0,273,0,156,12,7,153,137,84,67,119,112,33,93,5,0,0,0,0,0,0,0,0,0,0,0,0
2021-05-30,pfizer,300,265,34,1,254,11,182,49,17,101,58,51,31,59,31,23,19,17,6,2,1,2,3,1,0,2,1,1,1,1
2021-05-30,sinovac,114,106,7,1,104,2,47,7,4,49,43,17,18,30,10,13,11,7,1,0,0,0,1,0,0,0,0,0,0,0
2021-05-31,astrazeneca,215,213,1,1,213,0,125,24,7,102,111,71,49,89,75,27,75,4,0,0,0,0,0,0,0,0,0,0,0,0
2021-05-31,pfizer,857,765,88,4,729,36,515,145,41,288,224,153,76,163,75,78,57,26,26,9,1,16,11,10,7,14,7,4,4,3
2021-05-31,sinovac,201,184,17,0,180,4,65,10,3,60,59,37,24,35,23,17,7,11,1,0,0,1,2,0,1,0,0,1,0,0
2021-06-01,astrazeneca,264,261,2,1,261,0,165,21,9,144,119,92,66,109,112,27,82,3,0,0,0,0,0,0,0,0,0,0,0,0
2021-06-01,pfizer,836,754,79,3,728,26,546,113,26,276,178,137,67,124,61,48,45,19,22,6,2,10,6,7,8,6,7,3,5,0
2021-06-01,sinovac,172,143,27,2,136,7,50,4,2,57,53,21,12,32,18,20,8,4,3,1,0,3,4,2,0,1,0,0,0,0
2021-06-02,astrazeneca,174,168,6,0,168,0,93,15,2,95,82,56,41,70,72,20,60,2,0,0,0,0,0,0,0,0,0,0,0,0
2021-06-02,pfizer,495,440,52,3,437,3,326,77,17,175,123,74,48,91,44,33,30,10,3,0,0,2,1,1,1,1,1,0,0,0
2021-06-02,sinovac,163,149,13,1,149,0,62,5,2,77,64,29,20,37,15,24,5,3,0,0,0,0,0,0,0,0,0,0,0,0
2021-06-03,astrazeneca,230,229,1,0,229,0,128,15,6,139,115,88,66,97,109,24,96,1,0,0,0,0,0,0,0,0,0,0,0,0
2021-06-03,pfizer,407,331,67,9,327,4,227,48,16,130,111,66,33,65,24,26,25,13,4,3,0,3,2,3,2,3,1,0,3,0
2021-06-03,sinovac,260,239,19,2,239,0,95,9,4,97,107,37,24,57,18,38,10,6,0,0,0,0,0,0,0,0,0,0,0,0
2021-06-04,astrazeneca,264,260,4,0,260,0,153,21,6,132,144,86,64,110,97,40,95,7,0,0,0,0,0,0,0,0,0,0,0,0
2021-06-04,pfizer,243,194,47,2,191,3,128,23,6,64,61,36,19,32,12,20,13,5,3,2,0,1,1,1,0,0,0,0,0,0
2021-06-04,sinovac,235,222,12,1,218,4,83,8,2,94,80,27,17,42,14,28,11,10,2,0,0,3,0,3,0,1,1,0,1,0
2021-06-05,astrazeneca,253,253,0,0,253,0,161,25,6,145,132,84,64,118,110,35,97,3,0,0,0,0,0,0,0,0,0,0,0,0
2021-06-05,pfizer,292,288,4,0,287,1,218,40,6,116,93,53,36,62,30,28,23,4,1,0,0,0,0,1,1,0,0,0,0,0
2021-06-05,sinovac,79,70,9,0,70,0,24,1,1,24,31,9,4,13,6,11,2,4,0,0,0,0,0,0,0,0,0,0,0,0
2021-06-06,astrazeneca,149,147,2,0,147,0,80,17,4,86,88,50,45,77,71,19,66,3,0,0,0,0,0,0,0,0,0,0,0,0
2021-06-06,pfizer,145,136,9,0,134,2,96,16,4,56,37,35,22,37,16,6,9,5,1,0,0,0,0,0,0,0,1,0,0,0
2021-06-06,sinovac,79,76,3,0,76,0,23,5,0,28,32,5,7,8,4,12,6,1,0,0,0,0,0,0,0,0,0,0,0,0
2021-06-07,astrazeneca,51,51,0,0,51,0,26,4,3,26,22,10,4,15,20,5,14,1,0,0,0,0,0,0,0,0,0,0,0,0
2021-06-07,pfizer,127,107,19,1,103,4,61,10,4,38,34,21,14,20,7,14,6,2,4,1,0,3,1,2,3,3,1,0,2,1
2021-06-07,sinovac,135,135,0,0,133,2,67,5,2,55,56,22,18,31,14,15,14,5,2,0,0,2,2,1,0,2,1,1,1,0
2021-06-08,astrazeneca,100,91,9,0,91,0,45,4,3,47,51,23,14,33,34,14,29,5,0,0,0,0,0,0,0,0,0,0,0,0
2021-06-08,pfizer,1386,1332,49,5,1288,44,961,228,55,507,383,260,135,248,172,113,137,30,28,7,2,18,14,10,5,13,10,7,5,1
2021-06-08,sinovac,385,370,14,1,357,13,161,18,8,165,135,63,45,80,33,38,51,12,8,0,0,6,7,2,2,4,2,3,1,0
2021-06-09,astrazeneca,59,53,6,0,53,0,23,5,1,32,27,14,11,25,20,6,19,1,0,0,0,0,0,0,0,0,0,0,0,0
2021-06-09,pfizer,1375,1277,94,4,1239,38,952,229,65,447,381,245,162,231,135,104,124,36,29,6,4,17,13,7,3,5,3,4,4,0
2021-06-09,sinovac,453,423,30,0,413,10,166,19,12,199,155,76,53,90,43,46,42,19,4,0,0,2,3,1,1,1,3,1,0,0
2021-06-10,astrazeneca,125,120,4,1,120,0,58,8,1,73,52,28,19,36,42,10,41,1,0,0,0,0,0,0,0,0,0,0,0,0
2021-06-10,pfizer,1304,1243,56,5,1190,53,930,196,46,470,363,244,128,254,151,85,105,29,39,8,4,22,19,20,10,16,11,8,10,1
2021-06-10,sinovac,534,507,25,2,490,17,207,21,10,212,190,85,48,108,61,49,37,22,11,0,0,5,7,5,4,5,0,3,3,0
2021-06-11,astrazeneca,396,391,4,1,391,0,155,14,9,180,150,75,51,95,48,36,44,16,0,0,0,0,0,0,0,0,0,0,0,0
2021-06-11,pfizer,774,725,44,5,701,24,565,130,32,274,196,150,75,144,98,50,75,17,19,7,0,16,12,6,5,8,0,0,0,0
2021-06-11,sinovac,440,406,30,4,391,15,155,14,9,180,150,75,51,95,48,36,44,16,8,0,0,5,5,2,0,1,0,1,1,0
2021-06-12,astrazeneca,122,120,1,1,120,0,75,14,4,72,58,34,23,45,54,14,45,0,0,0,0,0,0,0,0,0,0,0,0,0
2021-06-12,pfizer,377,371,5,1,362,9,271,46,15,143,129,77,36,70,46,35,30,10,7,1,2,5,3,1,2,1,0,1,1,0
2021-06-12,sinovac,394,392,2,0,378,14,153,17,5,163,154,73,48,89,37,42,35,13,11,1,0,6,5,2,1,2,2,2,1,0
2021-06-13,astrazeneca,227,225,2,0,225,0,138,24,4,132,106,82,60,108,111,23,94,1,0,0,0,0,0,0,0,0,0,0,0,0
2021-06-13,pfizer,389,360,26,3,354,6,254,47,13,144,101,80,35,75,32,38,30,13,5,0,0,2,1,0,0,0,1,2,0,0
2021-06-13,sinovac,283,271,10,2,264,7,117,12,9,124,115,51,34,63,35,31,24,8,4,0,1,2,1,0,0,0,0,0,0,0
2021-06-14,astrazeneca,204,186,14,4,186,0,106,22,1,99,96,54,39,74,84,29,67,2,0,0,0,0,0,0,0,0,0,0,0,0
2021-06-14,pfizer,771,701,63,7,676,25,473,100,25,291,223,135,70,141,71,68,42,28,17,3,2,12,6,5,4,4,2,4,3,1
2021-06-14,sinovac,509,492,16,1,477,15,196,15,13,209,165,80,53,110,55,63,40,24,8,1,0,5,2,1,0,5,1,3,1,1
2021-06-15,astrazeneca,221,211,9,1,211,0,111,21,1,133,93,75,53,97,98,24,87,5,0,0,0,0,0,0,0,0,0,0,0,0
2021-06-15,pfizer,1300,1239,56,5,1222,17,926,220,58,503,350,263,150,261,115,97,94,28,11,3,0,9,7,3,5,5,6,1,3,1
2021-06-15,sinovac,747,730,15,2,721,9,299,35,15,361,283,141,85,178,87,78,49,31,4,0,0,3,4,1,0,2,0,2,0,0
2021-06-16,astrazeneca,239,237,1,1,237,0,118,8,1,122,102,74,43,107,108,27,99,4,0,0,0,0,0,0,0,0,0,0,0,0
2021-06-16,pfizer,448,385,60,3,383,2,277,57,15,162,140,80,41,87,44,45,26,10,2,1,0,1,1,1,0,1,0,0,1,0
2021-06-16,sinovac,443,415,27,1,410,5,193,22,10,181,138,75,39,87,33,43,27,11,2,0,0,2,0,2,0,2,0,0,0,0
2021-06-17,astrazeneca,249,234,12,3,234,0,126,12,3,121,112,70,53,91,101,30,102,8,0,0,0,0,0,0,0,0,0,0,0,0
2021-06-17,pfizer,926,856,65,5,832,24,650,142,37,338,244,194,99,164,110,75,75,22,16,2,0,9,10,6,4,5,5,4,5,0
2021-06-17,sinovac,788,763,20,5,741,22,295,38,14,357,305,142,99,200,84,82,77,33,13,4,2,10,10,9,2,5,4,3,5,3
2021-06-18,astrazeneca,299,292,7,0,292,0,156,20,5,165,137,105,63,114,148,34,119,3,0,0,0,0,0,0,0,0,0,0,0,0
2021-06-18,pfizer,546,496,48,2,484,12,362,74,21,193,174,101,63,106,60,44,38,12,6,3,1,4,5,3,5,3,4,1,2,0
2021-06-18,sinovac,515,507,7,1,501,6,210,22,12,213,193,88,56,99,60,52,26,30,4,0,0,3,1,1,1,4,0,0,1,0
2021-06-19,astrazeneca,234,231,3,0,231,0,140,28,4,115,103,68,52,89,93,12,83,1,0,0,0,0,0,0,0,0,0,0,0,0
2021-06-19,pfizer,447,442,5,0,431,11,318,54,14,194,114,76,33,80,42,43,32,13,9,0,0,9,3,3,2,6,4,2,3,0
2021-06-19,sinovac,360,359,1,0,355,4,146,17,12,150,156,70,46,95,44,46,32,15,2,0,0,2,2,1,1,0,0,0,0,0
2021-06-20,astrazeneca,203,203,0,0,203,0,127,12,4,112,98,62,39,78,90,13,85,4,0,0,0,0,0,0,0,0,0,0,0,0
2021-06-20,pfizer,443,427,16,0,421,6,334,61,23,158,114,101,41,70,38,30,25,6,3,1,0,2,4,0,0,1,1,1,1,0
2021-06-20,sinovac,508,500,7,1,492,8,184,20,7,230,193,92,74,134,58,59,42,16,4,0,0,3,3,2,2,2,1,0,1,0
2021-06-21,astrazeneca,337,322,14,1,322,0,190,29,5,194,150,126,77,147,154,41,135,3,0,0,0,0,0,0,0,0,0,0,0,0
2021-06-21,pfizer,1085,995,86,4,961,34,741,173,28,375,280,219,116,186,107,85,78,28,26,5,0,14,12,9,5,7,12,4,3,2
2021-06-21,sinovac,960,915,41,4,899,16,360,48,20,435,359,167,128,219,94,96,69,34,7,0,0,8,8,6,3,6,1,2,0,1
2021-06-22,astrazeneca,235,219,15,1,219,0,135,26,4,131,123,82,59,99,114,34,93,4,0,0,0,0,0,0,0,0,0,0,0,0
2021-06-22,pfizer,697,640,51,6,619,21,443,106,28,235,193,134,69,128,60,53,41,21,15,3,1,11,7,6,1,5,2,1,2,3
2021-06-22,sinovac,755,727,27,1,713,14,330,16,13,325,296,129,81,154,70,70,50,24,6,1,1,5,3,3,2,2,2,3,2,2
2021-06-23,astrazeneca,265,256,8,1,256,0,164,26,8,158,138,99,68,120,121,27,99,2,0,0,0,0,0,0,0,0,0,0,0,0
2021-06-23,pfizer,1092,1017,67,8,984,33,781,172,43,391,270,239,109,208,98,67,61,23,19,6,1,16,11,9,2,11,1,3,3,0
2021-06-23,sinovac,1373,1327,38,8,1273,54,553,54,21,631,499,251,125,322,128,168,102,43,28,1,0,14,22,3,3,4,4,7,2,2
2021-06-24,astrazeneca,231,221,10,0,221,0,142,19,10,133,110,84,59,103,112,25,92,4,0,0,0,0,0,0,0,0,0,0,0,0
2021-06-24,pfizer,912,860,45,7,844,16,616,146,38,345,269,184,104,164,95,71,65,29,9,2,1,7,7,4,2,3,3,3,3,1
2021-06-24,sinovac,1264,1209,52,3,1157,52,514,53,22,514,486,219,148,296,128,151,78,54,27,2,1,25,23,11,4,15,8,9,6,3
2021-06-25,astrazeneca,235,228,6,1,228,0,146,24,11,148,113,94,74,134,122,28,104,3,0,0,0,0,0,0,0,0,0,0,0,0
2021-06-25,pfizer,1478,1392,83,3,1377,15,1088,257,74,550,409,291,134,266,153,101,89,30,6,1,1,9,8,2,4,2,1,4,4,1
2021-06-25,sinovac,1505,1462,40,3,1430,32,593,60,29,679,564,274,199,338,138,147,81,62,16,3,0,8,16,3,3,3,1,3,4,3
2021-06-26,astrazeneca,171,170,0,1,170,0,100,17,4,95,87,54,38,76,78,25,73,2,0,0,0,0,0,0,0,0,0,0,0,0
2021-06-26,pfizer,743,719,22,2,705,14,539,108,32,273,180,167,85,140,71,47,49,17,9,1,0,6,3,4,2,6,2,2,1,0
2021-06-26,sinovac,776,767,8,1,756,11,311,29,18,371,314,149,93,187,81,96,49,28,5,1,0,3,5,3,2,3,1,0,2,0
2021-06-27,astrazeneca,152,147,5,0,147,0,84,12,2,80,68,63,28,63,70,15,71,2,0,0,0,0,0,0,0,0,0,0,0,0
2021-06-27,pfizer,498,485,13,0,477,8,354,80,30,206,171,120,58,103,51,47,41,24,6,1,0,3,5,2,2,3,1,0,1,0
2021-06-27,sinovac,694,682,12,0,672,10,285,27,13,314,261,133,77,150,78,76,64,17,8,2,1,5,3,1,0,3,0,0,0,2
2021-06-28,astrazeneca,235,225,9,1,225,0,133,20,4,126,122,100,59,94,108,31,108,1,0,0,0,0,0,0,0,0,0,0,0,0
2021-06-28,pfizer,823,719,98,6,705,14,539,108,32,273,180,167,85,140,71,47,49,17,9,1,0,6,3,4,2,6,2,2,1,0
2021-06-28,sinovac,925,870,52,3,860,10,359,36,24,406,375,162,87,215,91,94,85,31,5,0,0,4,3,0,1,2,0,0,0,0
2021-06-29,astrazeneca,252,249,2,1,249,0,146,19,11,142,136,100,66,109,121,25,111,3,0,0,0,0,0,0,0,0,0,0,0,0
2021-06-29,pfizer,1663,1573,81,9,1548,25,1249,245,65,627,434,331,180,326,214,116,165,37,15,4,0,8,9,4,1,5,4,6,4,2
2021-06-29,sinovac,1497,1438,53,6,1416,22,607,59,27,674,551,280,198,357,166,151,146,43,8,4,1,7,7,4,2,2,4,1,1,1
2021-06-30,astrazeneca,306,291,11,4,291,0,173,34,13,158,161,102,85,132,150,36,136,6,0,0,0,0,0,0,0,0,0,0,0,0
2021-06-30,pfizer,1656,1557,92,7,1528,29,1218,298,77,624,492,327,163,325,185,113,142,45,15,4,1,12,11,6,0,7,6,4,1,3
2021-06-30,sinovac,1352,1267,71,14,1258,9,556,56,33,637,466,251,137,326,136,131,137,45,5,1,0,2,1,3,0,0,0,0,0,1
2021-07-01,astrazeneca,293,281,9,3,281,0,188,24,9,179,130,120,75,135,129,34,119,6,0,0,0,0,0,0,0,0,0,0,0,0
2021-07-01,pfizer,842,773,63,6,750,23,538,123,19,285,241,156,93,166,90,76,82,32,13,4,1,7,7,4,3,4,2,4,1,1
2021-07-01,sinovac,1179,1138,38,3,1125,13,497,56,17,520,452,222,126,271,128,123,144,44,7,0,0,3,5,1,1,3,1,1,1,0
2021-07-02,astrazeneca,290,279,10,1,279,0,165,30,7,164,143,109,73,116,155,37,126,3,0,0,0,0,0,0,0,0,0,0,0,0
2021-07-02,pfizer,1120,1098,21,1,1081,17,857,194,37,499,320,276,160,251,152,95,118,33,14,2,2,12,4,4,1,4,2,2,1,1
2021-07-02,sinovac,1606,1565,30,11,1540,25,627,61,33,752,636,289,180,350,177,160,169,45,18,2,0,14,8,4,4,7,4,4,1,1
2021-07-03,astrazeneca,229,229,0,0,229,0,129,27,2,137,126,83,58,92,97,24,85,4,0,0,0,0,0,0,0,0,0,0,0,0
2021-07-03,pfizer,889,874,9,6,850,24,689,148,35,333,248,168,87,160,85,57,59,21,14,4,2,8,10,3,0,2,4,5,1,1
2021-07-03,sinovac,1183,1171,9,3,1156,15,513,61,30,554,489,254,145,263,141,105,119,32,10,3,1,6,6,1,0,3,2,2,2,1
2021-07-04,astrazeneca,349,332,16,1,332,0,209,30,5,182,167,102,88,135,151,33,137,8,0,0,0,0,0,0,0,0,0,0,0,0
2021-07-04,pfizer,830,817,12,1,799,18,615,119,24,314,234,183,95,163,96,66,86,22,12,6,1,10,3,3,3,5,2,4,3,2
2021-07-04,sinovac,1113,1102,7,4,1092,10,459,45,33,535,473,232,137,259,150,116,137,44,6,0,0,5,2,3,1,3,0,2,0,0
2021-07-05,astrazeneca,578,567,10,1,567,0,368,61,19,356,296,244,156,277,296,71,260,14,0,0,0,0,0,0,0,0,0,0,0,0
2021-07-05,pfizer,2271,2156,109,6,2118,38,1700,390,93,918,652,509,288,486,262,170,192,56,27,5,1,16,12,9,4,7,6,2,6,2
2021-07-05,sinovac,2229,2156,69,4,2140,16,945,91,59,1093,835,448,278,546,253,219,189,77,7,0,0,5,7,1,2,2,0,4,0,1
2021-07-06,astrazeneca,306,293,11,2,293,0,167,26,6,178,167,97,78,129,114,31,129,1,0,0,0,0,0,0,0,0,0,0,0,0
2021-07-06,pfizer,2195,2105,80,10,2048,57,1632,399,99,900,613,508,295,487,265,178,225,58,38,5,4,20,16,12,9,14,9,10,3,2
2021-07-06,sinovac,2738,2670,65,3,2622,48,1131,106,62,1314,1033,514,307,632,333,270,265,90,27,3,1,21,15,12,10,7,2,5,4,1
2021-07-07,astrazeneca,2229,2221,7,1,2208,13,1543,283,107,1449,1219,938,643,1057,1304,210,1138,35,9,0,0,9,6,1,0,1,2,0,5,1
2021-07-07,pfizer,1767,1716,47,4,1677,39,1332,322,69,736,527,386,210,372,198,145,146,38,27,6,0,15,14,11,5,12,2,4,6,2
2021-07-07,sinovac,2796,2739,44,13,2694,45,1180,121,68,1349,1055,533,329,673,321,293,250,101,25,3,1,20,18,10,3,12,2,5,1,1
2021-07-08,astrazeneca,1590,1579,10,1,1575,4,1131,231,86,1057,877,686,475,781,940,192,835,42,1,0,0,1,1,0,1,1,1,0,1,0
2021-07-08,pfizer,1166,1101,63,2,1074,27,808,191,45,453,329,260,139,224,149,81,98,33,16,2,3,11,12,9,3,7,5,3,3,1
2021-07-08,sinovac,2092,2005,83,4,1966,39,851,92,51,969,802,400,256,491,226,227,210,70,20,1,2,16,13,7,4,9,2,1,3,3
2021-07-09,astrazeneca,1692,1688,4,0,1680,8,1212,257,113,1176,958,725,523,864,994,163,826,43,6,1,1,5,5,2,1,3,3,3,3,1
2021-07-09,pfizer,1464,1429,29,6,1405,24,1119,277,56,588,462,322,170,319,167,114,140,34,13,4,0,8,8,4,1,3,2,5,4,0
2021-07-09,sinovac,2844,2778,61,5,2754,24,1249,126,72,1371,1090,549,334,649,315,279,248,96,15,5,1,13,11,4,2,6,3,2,1,3
2021-07-10,astrazeneca,1815,1813,2,0,1808,5,1326,267,132,1206,1080,783,561,916,1153,193,883,44,5,0,0,2,0,1,1,1,0,0,0,1
2021-07-10,pfizer,1329,1326,2,1,1311,15,1065,237,62,556,396,284,138,248,141,103,93,36,13,4,2,6,5,5,4,5,2,2,3,0
2021-07-10,sinovac,1707,1695,12,0,1674,21,745,84,44,822,711,331,198,390,180,192,164,65,11,1,0,11,8,2,0,5,2,1,0,0
2021-07-11,astrazeneca,1732,1730,2,0,1719,11,1240,279,129,1130,988,781,539,870,1077,203,873,48,4,1,1,3,3,0,0,2,2,0,0,0
2021-07-11,pfizer,1274,1262,11,1,1248,14,1037,231,76,522,359,275,141,259,154,123,136,31,9,1,0,8,4,5,1,4,1,2,2,0
2021-07-11,sinovac,2269,2252,13,4,2233,19,1018,94,46,1157,918,504,289,548,262,220,282,69,15,1,1,11,9,5,3,6,3,2,5,1
2021-07-12,astrazeneca,1595,1585,9,1,1575,10,1114,218,85,1046,887,678,454,759,952,158,725,45,6,1,1,4,5,2,3,2,2,3,1,0
2021-07-12,pfizer,1595,1513,77,5,1477,36,1126,225,55,639,524,323,166,339,156,133,139,43,27,4,0,13,5,4,3,9,2,3,0,1
2021-07-12,sinovac,3241,3172,57,12,3098,74,1467,166,80,1599,1318,639,368,765,378,369,366,115,48,5,3,39,29,23,14,21,9,8,10,4
2021-07-13,astrazeneca,1625,1620,5,0,1604,16,1110,219,82,1041,872,639,479,761,980,148,744,30,11,1,0,7,5,1,3,2,2,1,1,0
2021-07-13,pfizer,2008,1926,78,4,1906,20,1503,359,92,872,663,452,236,494,231,172,217,38,13,1,0,5,9,5,2,5,5,2,5,0
2021-07-13,sinovac,4477,4383,84,10,4319,64,2151,200,101,2284,1769,902,560,1102,535,444,434,128,41,6,2,32,24,13,4,14,10,8,6,2
2021-07-14,astrazeneca,1607,1597,10,0,1588,9,1146,216,94,1024,862,698,461,756,881,183,692,38,8,2,2,6,4,4,3,5,1,0,1,0
2021-07-14,pfizer,1781,1706,72,3,1664,42,1295,235,69,724,577,382,173,388,169,157,181,46,28,3,2,15,15,9,4,11,8,8,7,2
2021-07-14,sinovac,3306,3188,110,8,3139,49,1507,144,76,1634,1268,667,379,782,393,376,360,97,30,6,2,25,18,13,3,10,5,5,5,3
2021-07-15,astrazeneca,306,297,7,2,297,0,175,31,8,153,155,105,70,121,129,30,102,8,0,0,0,0,0,0,0,0,0,0,0,0
2021-07-15,pfizer,1895,1806,82,7,1778,28,1323,314,66,798,653,419,214,390,177,188,131,45,18,5,3,12,7,10,5,7,8,2,6,1
2021-07-15,sinovac,3042,2958,70,14,2906,52,1363,137,65,1499,1184,552,356,729,344,276,264,119,29,0,3,28,22,9,5,16,5,5,7,2
2021-07-16,astrazeneca,243,238,4,1,238,0,141,31,9,122,122,77,66,104,117,26,101,5,0,0,0,0,0,0,0,0,0,0,0,0
2021-07-16,pfizer,1557,1519,36,2,1491,28,1093,248,60,637,521,353,193,325,154,153,103,44,21,4,3,14,12,7,6,9,4,0,4,0
2021-07-16,sinovac,2657,2598,57,2,2556,42,1198,122,64,1260,1006,531,300,606,277,268,189,93,21,3,1,19,21,11,6,12,5,5,6,1
2021-07-17,astrazeneca,3921,3919,2,0,3895,24,2888,621,291,2671,2260,1773,1168,1987,2434,424,1751,114,19,3,1,14,12,6,5,5,6,2,2,0
2021-07-17,pfizer,1690,1678,9,3,1638,40,1232,294,73,696,608,373,182,388,146,186,114,35,30,7,4,20,20,7,6,12,7,7,4,1
2021-07-17,sinovac,2070,2056,12,2,2008,48,941,93,50,1023,835,378,254,463,213,216,175,68,27,4,2,23,20,14,4,6,2,0,1,1
2021-07-18,astrazeneca,4143,4131,12,0,4110,21,3100,708,284,2824,2442,1965,1362,2229,2582,501,2123,114,16,3,2,16,7,8,4,10,4,2,4,1
2021-07-18,pfizer,1632,1606,22,4,1582,24,1207,239,55,734,577,358,175,332,128,144,88,43,21,6,3,13,8,10,4,10,6,6,6,1
2021-07-18,sinovac,2004,1979,21,4,1951,28,943,100,47,998,795,448,287,451,241,207,222,64,15,3,0,13,12,5,1,8,0,5,1,1
2021-07-19,astrazeneca,4099,4087,11,1,4073,14,3027,664,246,2659,2346,1883,1320,2088,2539,469,2194,124,12,0,1,8,5,4,2,4,6,1,4,0
2021-07-19,pfizer,2464,2383,75,6,2342,41,1815,434,104,1040,830,544,278,537,255,205,200,59,30,5,1,16,17,14,8,9,9,2,6,2
2021-07-19,sinovac,3381,3316,58,7,3283,33,1485,141,76,1737,1388,686,448,843,460,334,444,101,16,1,0,11,15,4,1,4,0,7,2,0
2021-07-20,astrazeneca,3927,3922,4,1,3913,9,2918,693,289,2609,2308,1782,1280,2040,2448,435,2165,122,3,1,0,3,3,0,0,1,0,3,1,0
2021-07-20,pfizer,1392,1373,17,2,1350,23,1088,229,57,577,407,264,119,281,130,104,137,25,17,6,1,12,10,6,5,11,4,4,6,0
2021-07-20,sinovac,2785,2767,17,1,2751,16,1284,117,57,1445,1132,589,368,714,370,285,420,78,11,3,2,8,7,2,0,2,2,1,1,1
2021-07-21,astrazeneca,3837,3824,12,1,3805,19,2870,691,284,2496,2272,1761,1220,1944,2329,469,2068,113,12,3,0,8,4,3,2,5,3,2,3,0
2021-07-21,pfizer,1814,1763,44,7,1717,46,1278,299,77,724,596,382,182,360,180,170,137,38,36,8,1,14,17,9,6,13,1,7,6,1
2021-07-21,sinovac,2701,2598,96,7,2544,54,1210,110,63,1405,1082,544,336,697,358,282,308,117,34,3,2,26,23,11,8,13,3,6,4,1
2021-07-22,astrazeneca,3822,3815,5,2,3794,21,2866,676,264,2505,2218,1679,1176,1843,2362,388,1806,119,13,2,2,15,8,5,1,9,4,1,3,0
2021-07-22,pfizer,1784,1727,53,4,1660,67,1246,280,74,704,565,359,177,352,143,136,105,44,41,9,2,24,32,19,10,16,8,8,3,2
2021-07-22,sinovac,2719,2637,78,4,2530,107,1138,123,64,1314,1058,514,320,639,337,287,328,127,53,8,4,49,45,20,13,23,8,8,10,2
2021-07-23,astrazeneca,4091,4082,8,1,4043,39,3144,787,293,2695,2376,1787,1304,2030,2556,480,1975,120,27,3,1,17,15,4,4,11,7,5,3,0
2021-07-23,pfizer,1842,1794,43,5,1726,68,1273,298,77,725,599,416,202,385,183,156,127,41,49,13,2,27,26,14,12,18,5,8,3,2
2021-07-23,sinovac,2294,2241,46,7,2189,52,974,93,57,1130,885,447,268,536,269,234,240,100,30,1,2,26,23,16,5,10,3,8,2,3
2021-07-24,astrazeneca,4063,4061,2,0,4050,11,3230,809,293,2783,2595,1836,1363,2256,2810,565,2006,104,5,0,0,3,6,3,0,2,2,1,0,0
2021-07-24,pfizer,1361,1358,3,0,1339,19,1006,221,61,582,426,275,144,284,124,120,89,31,18,8,1,8,7,9,5,7,2,2,1,0
2021-07-24,sinovac,1368,1358,10,0,1339,19,1006,221,61,582,426,275,144,284,124,120,89,31,18,8,1,8,7,9,5,7,2,2,1,0
2021-07-25,astrazeneca,4258,4257,0,1,4236,21,3276,791,325,2883,2680,2031,1427,2325,2830,598,1969,122,16,7,0,15,11,7,6,8,6,1,1,1
2021-07-25,pfizer,1464,1453,8,3,1432,21,1082,230,45,633,505,323,147,314,135,119,103,27,17,5,1,9,4,8,3,5,0,2,1,1
2021-07-25,sinovac,1481,1461,16,4,1443,18,668,70,35,750,611,320,196,388,170,141,165,65,13,0,0,7,10,5,2,5,0,1,1,0
2021-07-26,astrazeneca,5226,5214,8,4,5160,54,3927,934,347,3462,3107,2419,1671,2710,3270,666,2342,141,33,3,2,28,24,7,10,20,10,5,8,1
2021-07-26,pfizer,2505,2412,87,6,2312,100,1758,372,85,1061,910,539,247,543,230,214,196,52,67,18,10,57,46,28,19,32,19,14,12,4
2021-07-26,sinovac,2322,2229,80,13,2189,40,976,106,53,1124,962,472,290,568,296,240,290,94,18,1,2,17,13,7,3,8,1,3,1,3
2021-07-27,astrazeneca,5033,5021,10,2,4994,27,3839,3839,927,349,3249,2963,2262,1641,2561,3206,637,146,20,5,2,10,14,8,7,5,6,3,2,0
2021-07-27,pfizer,2955,2848,96,11,2754,94,2149,473,110,1268,919,659,348,642,289,249,237,75,73,13,6,41,31,18,14,22,11,13,11,3
2021-07-27,sinovac,2765,2664,92,9,2620,44,1214,109,61,1305,1115,539,338,663,359,282,330,147,24,1,2,19,12,6,7,13,2,3,2,2
2021-07-28,astrazeneca,4632,4623,8,1,4578,45,3459,882,286,2982,2798,2143,1519,2417,2987,573,2388,135,34,4,3,22,24,12,5,10,5,6,7,1
2021-07-28,pfizer,2518,2442,69,7,2366,76,1785,392,97,1089,865,566,279,563,230,228,178,56,55,9,2,25,27,18,8,24,14,6,5,0
2021-07-28,sinovac,2523,2479,38,6,2437,42,1106,113,65,1301,1043,525,316,635,320,300,234,119,23,6,1,17,22,7,3,9,4,7,1,1
2021-07-29,astrazeneca,5429,5420,7,2,5373,47,4168,986,404,3553,3281,2543,1826,2841,3463,637,2678,139,32,7,5,22,20,10,7,16,4,6,4,3
2021-07-29,pfizer,2680,2615,60,5,2549,66,1941,468,109,1126,986,608,315,603,265,248,200,69,49,10,6,31,23,18,11,18,6,8,9,3
2021-07-29,sinovac,2912,2866,39,7,2832,34,1319,160,84,1464,1199,683,390,719,405,293,307,147,18,4,4,16,13,4,4,7,6,4,3,2
2021-07-30,astrazeneca,5032,5026,4,2,4990,36,3816,1047,353,3225,3064,2233,1635,2595,3243,633,2359,158,25,4,2,16,19,7,6,12,6,2,6,2
2021-07-30,pfizer,2666,2602,60,4,2515,87,1921,442,112,1144,897,599,298,611,269,269,265,74,62,12,6,36,34,21,8,21,14,7,10,3
2021-07-30,sinovac,2543,2472,59,12,2442,30,1122,126,62,1239,1020,511,303,589,318,261,255,149,16,1,1,7,11,4,2,4,3,3,1,2
2021-07-31,astrazeneca,5706,5705,1,0,5653,52,4500,1228,440,3767,3543,2638,1921,3105,3807,746,2689,166,35,7,2,22,29,8,8,10,7,3,6,0
2021-07-31,pfizer,2638,2597,39,2,2464,133,1886,456,138,1079,874,605,300,582,263,217,206,55,85,24,4,49,55,22,18,28,16,19,12,4
2021-07-31,sinovac,2211,2187,20,4,2150,37,1019,117,64,1130,958,469,290,598,324,243,288,118,25,3,1,14,14,3,4,4,4,2,2,0
2021-08-01,astrazeneca,5350,5347,3,0,5318,29,4173,1115,436,3585,3340,2498,1885,2934,3573,782,2526,162,24,2,1,11,14,8,3,7,4,6,2,1
2021-08-01,pfizer,2300,2266,30,4,2191,75,1696,388,105,997,798,527,257,550,259,218,226,53,59,13,4,36,24,24,17,22,11,7,8,1
2021-08-01,sinovac,2598,2576,19,3,2573,3,1200,159,81,1401,1145,648,403,722,400,311,433,151,1,1,1,2,1,2,1,2,0,0,0,0
2021-08-02,astrazeneca,5109,5099,10,0,5070,29,3960,1043,373,3434,3121,2371,1805,2790,3371,661,2267,151,19,3,1,13,12,10,3,11,4,7,4,1
2021-08-02,pfizer,3867,3766,92,9,3568,198,2802,698,180,1689,1358,860,440,886,521,372,482,105,158,33,11,103,85,48,24,50,20,16,15,3
2021-08-02,sinovac,4029,3955,64,10,3936,19,1945,206,111,2186,1796,901,529,1122,576,523,584,191,9,2,1,7,8,1,0,5,2,3,1,1
2021-08-03,astrazeneca,5018,5015,3,0,4982,33,3880,1007,372,3306,3053,2393,1781,2662,3161,654,2213,147,21,5,3,11,10,6,4,5,3,2,4,2
2021-08-03,pfizer,4403,4324,68,11,4078,246,3237,841,187,1957,1467,999,481,1037,537,383,527,99,189,43,5,129,91,57,34,82,49,25,26,8
2021-08-03,sinovac,4023,3965,45,13,3932,33,1921,194,113,2201,1790,941,580,1150,634,471,668,217,19,2,1,14,15,5,5,9,2,2,3,2
2021-08-04,astrazeneca,5194,5185,6,3,5159,26,4015,1030,396,3444,3206,2447,1783,2793,3322,664,2318,142,20,3,0,13,9,9,4,8,5,2,3,0
2021-08-04,pfizer,4675,4597,74,4,4339,258,3449,818,192,2084,1624,1132,550,1110,574,413,558,132,195,32,14,117,117,59,23,57,31,26,30,8
2021-08-04,sinovac,2788,2726,53,9,2680,46,1311,164,84,1457,1224,604,383,731,417,316,379,108,25,2,1,15,16,11,6,7,7,6,4,3
2021-08-05,astrazeneca,5446,5433,8,5,5383,50,4202,1101,357,3566,3370,2507,1860,2837,3474,710,2414,163,36,6,3,21,23,11,7,16,8,7,10,1
2021-08-05,pfizer,7570,7473,89,8,7109,364,5947,1645,389,3243,2457,1749,862,1681,955,581,630,173,267,65,19,169,145,79,50,99,50,37,33,8
2021-08-05,sinovac,3662,3608,37,17,3562,46,1742,207,101,1997,1588,754,506,987,514,359,396,148,32,4,2,19,23,6,3,4,4,1,0,0
2021-08-06,astrazeneca,6076,6071,4,1,6032,39,4760,1250,483,3965,3741,2788,2136,3240,3834,806,2762,187,22,4,0,19,17,7,3,10,11,3,8,1
2021-08-06,pfizer,3801,3732,65,4,3519,213,2708,744,168,1633,1279,888,507,858,434,358,291,127,150,27,12,94,90,46,38,62,30,25,22,7
2021-08-06,sinovac,1880,1847,26,7,1820,27,850,104,45,960,783,409,284,477,237,208,157,107,13,1,1,14,13,6,5,8,2,3,4,0
2021-08-07,astrazeneca,5964,5963,1,0,5929,34,4631,1262,468,3904,3710,2717,2091,3212,3803,758,2866,168,28,4,2,13,17,9,3,7,9,1,3,0
2021-08-07,pfizer,3251,3246,5,0,3075,171,2374,672,188,1383,1117,760,392,752,333,305,208,94,123,29,6,74,67,38,23,35,24,22,21,6
2021-08-07,sinovac,1446,1441,5,0,1436,5,668,74,36,717,592,326,217,377,200,166,133,90,4,0,1,1,0,0,0,0,0,1,0,2
2021-08-08,astrazeneca,3529,3525,3,1,3509,16,2562,698,277,2251,2034,1509,1132,1738,2148,437,1597,102,13,3,1,4,6,6,2,3,3,2,4,0
2021-08-08,pfizer,3169,3136,30,3,2986,150,2307,605,155,1425,1143,763,394,731,337,284,242,100,113,28,8,60,53,35,24,31,18,11,13,4
2021-08-08,sinovac,1380,1359,17,4,1355,4,694,101,40,717,585,349,211,362,180,175,124,78,1,1,0,2,1,1,1,1,0,1,0,0
2021-08-09,astrazeneca,4123,4119,3,1,4099,20,2679,613,260,2494,2116,1628,1212,1782,2315,445,1618,134,14,1,1,9,7,5,4,5,1,0,2,1
2021-08-09,pfizer,4226,4152,70,4,3881,271,3033,795,164,1804,1410,971,485,949,494,366,265,145,203,45,12,131,116,87,60,84,48,34,29,9
2021-08-09,sinovac,746,695,43,8,657,38,304,39,25,351,292,155,117,176,94,87,74,34,20,4,0,15,18,8,4,8,3,2,2,1
2021-08-10,astrazeneca,3899,3895,3,1,3877,18,2576,614,237,2319,2029,1548,1189,1710,2294,423,1533,127,10,0,0,10,5,6,5,5,3,5,6,0
2021-08-10,pfizer,2357,2353,4,0,2287,66,1814,412,97,1086,783,550,250,567,264,185,163,54,51,10,4,35,26,16,11,17,9,5,10,3
2021-08-10,sinovac,2422,2416,2,4,2344,72,1218,164,76,1255,1050,556,327,684,346,282,224,126,43,6,3,39,22,15,9,15,5,4,7,3
2021-08-11,astrazeneca,2588,2575,12,1,2568,7,1597,343,124,1503,1239,889,670,995,1339,221,909,74,4,1,1,4,1,2,0,0,1,0,0,0
2021-08-11,pfizer,4268,4188,72,8,3927,261,3009,768,174,1743,1425,919,495,890,462,358,261,130,184,41,9,113,99,55,28,49,36,31,20,15
2021-08-11,sinovac,2970,2905,58,7,2657,248,1313,145,98,1408,1247,626,413,759,357,335,222,156,153,18,12,114,96,46,26,57,24,26,19,12
2021-08-12,astrazeneca,4334,4321,11,2,4307,14,2866,581,256,2639,2142,1640,1157,1797,2394,376,1864,108,7,2,0,10,2,5,3,5,5,1,3,1
2021-08-12,pfizer,4672,4593,69,10,4263,330,3314,846,200,1926,1493,1013,553,1009,509,358,287,150,236,57,19,168,134,84,40,84,43,29,24,8
2021-08-12,sinovac,3093,3008,79,6,2772,236,1316,197,74,1462,1331,652,476,789,350,360,244,185,147,9,7,106,97,42,28,55,19,21,6,6
2021-08-13,astrazeneca,6806,6794,9,3,6772,22,5035,1180,544,4394,3920,2948,2037,3274,4235,721,3422,215,14,1,1,11,4,6,3,4,3,1,0,0
2021-08-13,pfizer,4116,4026,87,3,3795,231,2993,739,198,1712,1337,950,519,911,483,342,294,128,149,30,18,88,102,45,27,43,27,16,17,9
2021-08-13,sinovac,2659,2624,27,8,2433,191,1160,160,73,1207,1134,549,377,648,350,327,219,149,125,12,7,87,78,41,28,41,11,25,5,8
2021-08-14,astrazeneca,4420,4417,3,0,4387,30,3046,664,268,2749,2349,1731,1285,1930,2570,445,2024,103,23,2,1,11,10,8,5,4,4,2,4,1
2021-08-14,pfizer,3775,3762,12,1,3486,276,2772,697,210,1513,1217,821,409,775,365,258,224,127,190,46,16,109,114,67,40,76,39,36,27,14
2021-08-14,sinovac,2511,2501,9,1,2310,191,1161,149,78,1186,1025,588,352,637,312,270,194,125,125,30,17,90,76,52,38,52,24,18,18,7
2021-08-15,astrazeneca,5668,5658,9,1,5626,32,4136,909,338,3671,3293,2537,1695,2711,3530,683,2764,146,22,2,0,12,11,8,7,7,6,5,4,0
2021-08-15,pfizer,3565,3543,19,3,3293,250,2649,649,173,1545,1226,885,459,819,412,286,273,117,173,33,15,128,103,74,28,76,40,15,30,6
2021-08-15,sinovac,2499,2476,23,0,2298,178,1127,143,73,1198,1085,572,366,652,348,300,222,148,112,15,9,73,84,44,27,53,24,30,23,6
2021-08-16,astrazeneca,6794,6784,8,2,6726,58,4958,993,408,4377,3858,2994,2141,3280,4129,757,3207,169,41,10,6,22,18,13,3,15,8,4,13,0
2021-08-16,pfizer,4793,4708,80,5,4202,506,3291,822,212,2016,1684,1082,547,1063,612,401,372,152,356,80,19,230,226,106,69,112,69,51,51,9
2021-08-16,sinovac,2883,2836,41,6,2558,278,1307,191,85,1358,1239,601,419,760,352,344,269,129,203,32,19,123,136,70,41,75,35,35,33,14
2021-08-17,astrazeneca,6889,6872,17,0,6809,63,5092,1106,464,4575,3950,3114,2204,3319,4182,724,3333,165,46,4,2,33,25,17,7,12,14,5,17,1
2021-08-17,pfizer,5565,5487,73,5,4775,712,3849,1011,223,2216,1777,1256,698,1251,690,463,467,177,514,126,38,344,306,201,110,205,111,89,116,18
2021-08-17,sinovac,2972,2940,23,9,2622,318,1365,173,88,1366,1183,598,398,725,334,332,270,138,213,39,13,150,142,62,43,83,45,40,34,15
2021-08-18,astrazeneca,54,38,14,2,37,1,30,7,2,24,23,15,13,22,25,7,18,0,1,0,0,0,0,0,0,0,1,1,1,0
2021-08-18,pfizer,150,64,79,7,53,11,43,12,2,16,12,15,7,12,6,2,0,4,7,4,0,5,5,7,2,5,6,1,4,1
2021-08-18,sinovac,83,37,42,4,32,5,15,1,1,14,14,6,4,7,8,1,3,2,5,0,0,1,2,0,0,2,0,0,0,0
2021-08-19,astrazeneca,7163,7134,27,2,7085,49,5360,1234,539,4667,4241,3255,2258,3549,4570,847,3808,170,37,4,3,23,21,9,5,11,9,2,5,1
2021-08-19,pfizer,5483,5397,81,5,4869,528,3885,1002,270,2199,1813,1240,647,1211,652,435,474,162,409,95,40,260,223,136,69,159,85,55,98,13
2021-08-19,sinovac,2944,2881,54,9,2674,207,1380,190,85,1386,1195,621,380,726,392,330,264,118,137,20,16,107,86,52,30,58,19,21,28,6
2021-08-20,astrazeneca,7519,7510,8,1,7438,72,5733,1240,508,4834,4412,3331,2273,3610,4693,816,3702,154,46,12,2,30,23,18,14,12,9,5,8,2
2021-08-20,pfizer,5202,5160,40,2,4656,504,3688,913,232,2162,1786,1170,646,1225,679,460,498,150,370,91,37,242,217,123,86,164,85,64,75,19
2021-08-20,sinovac,2530,2503,20,7,2237,266,1179,155,84,1142,1074,532,336,625,356,297,277,116,171,22,13,116,120,59,44,75,26,43,30,10
2021-08-21,astrazeneca,5439,5439,0,0,5399,40,4141,967,376,3459,3325,2453,1769,2662,3515,679,2914,124,28,5,1,18,18,7,5,9,5,3,6,0
2021-08-21,pfizer,4773,4766,7,0,4476,290,3553,871,225,1968,1570,1123,558,1057,594,354,406,130,222,55,21,133,136,78,53,81,56,36,53,8
2021-08-21,sinovac,2411,2400,7,4,2221,179,1135,151,60,1145,1052,574,342,627,351,254,217,106,123,18,12,78,92,41,31,47,24,29,21,10
2021-08-22,astrazeneca,5211,5203,7,1,5167,36,3933,841,303,3347,3079,2341,1636,2537,3373,654,2889,131,25,3,2,20,12,8,7,11,5,6,7,0
2021-08-22,pfizer,4374,4366,7,1,3927,439,3152,807,185,1856,1455,1012,534,1018,525,337,425,87,345,77,26,215,189,131,64,112,67,42,54,6
2021-08-22,sinovac,2390,2378,10,2,2095,283,1143,168,70,1135,988,495,295,618,348,277,265,110,196,36,20,135,123,55,34,78,28,31,37,14
2021-08-23,astrazeneca,8905,8881,20,4,8810,71,6854,1499,547,5883,5438,4281,2960,4545,5773,1089,4634,230,51,8,4,35,28,24,8,19,8,9,10,3
2021-08-23,pfizer,4810,4702,107,1,4254,448,3366,872,192,1982,1652,1062,559,1081,590,430,420,112,328,87,35,213,205,115,74,121,68,50,61,20
2021-08-23,sinovac,1440,1371,61,8,1204,167,656,86,44,672,530,290,177,351,179,131,137,60,125,18,15,74,63,46,23,37,18,18,18,9
2021-08-24,astrazeneca,7056,7042,11,3,6996,46,5410,1178,413,4754,4246,3310,2285,3593,4641,803,3460,145,36,4,0,20,15,8,6,10,9,2,7,0
2021-08-24,pfizer,5827,5760,61,6,5216,544,4175,1039,232,2369,1874,1327,655,1271,687,475,501,169,397,87,22,243,236,139,77,132,72,53,82,17
2021-08-24,sinovac,1268,1234,27,7,1115,119,582,85,32,613,520,260,166,321,181,149,109,59,84,11,5,53,52,27,20,27,19,20,19,7
2021-08-25,astrazeneca,7214,7207,7,0,7169,38,5705,1325,450,4854,4505,3435,2427,3688,4731,884,3347,170,28,7,3,22,15,10,6,8,8,2,11,3
2021-08-25,pfizer,6002,5926,70,6,5504,422,4402,1067,253,2526,2006,1399,688,1351,689,502,519,162,308,65,26,202,179,90,44,106,60,44,43,11
2021-08-25,sinovac,774,731,41,2,661,70,313,48,21,347,314,153,102,210,108,90,71,45,46,15,9,37,39,17,21,31,15,13,13,7
2021-08-26,astrazeneca,7328,7307,20,1,7248,59,5794,1374,523,4944,4498,3443,2354,3745,4767,867,3389,164,48,6,0,32,30,14,6,14,10,5,9,0
2021-08-26,pfizer,4856,4778,73,5,4303,475,3354,817,224,1941,1591,1032,535,996,579,394,357,135,343,85,24,223,190,116,62,109,79,36,57,14
2021-08-26,sinovac,1116,1078,33,5,937,141,503,91,35,481,431,249,153,276,149,138,114,60,92,21,6,62,68,43,21,42,14,12,14,6
2021-08-27,astrazeneca,6848,6844,4,0,6812,32,5420,1328,469,4671,4310,3313,2273,3573,4488,857,3431,135,23,3,0,12,10,7,3,8,4,5,7,0
2021-08-27,pfizer,4152,4078,72,2,3848,230,3031,780,178,1744,1395,965,511,917,481,373,341,99,169,40,15,106,90,53,33,64,40,19,24,7
2021-08-27,sinovac,759,712,42,5,627,85,319,48,13,315,286,128,88,161,87,80,69,39,59,5,5,34,43,22,12,13,6,7,5,1
2021-08-28,astrazeneca,4721,4717,4,0,4703,14,3737,907,323,3072,2997,2185,1585,2435,3129,579,2395,105,10,1,0,5,5,1,0,3,1,0,1,0
2021-08-28,pfizer,3165,3150,14,1,2986,164,2337,572,152,1322,1053,703,386,678,338,263,253,107,123,25,12,74,78,45,33,41,24,18,18,5
2021-08-28,cansino,0,0,0,0,0,0,0,0,0,0,0,0,0,0,0,0,0,0,0,0,0,0,0,0,0,0,0,0,0,0
2021-08-28,sinovac,824,816,7,1,734,82,354,65,26,368,340,162,127,208,122,90,89,47,60,8,7,31,30,18,11,20,13,9,9,6
2021-08-29,astrazeneca,4606,4591,15,0,4580,11,3595,845,317,2956,2906,2187,1544,2351,3110,590,2477,103,9,3,0,4,4,4,1,1,4,0,1,0
2021-08-29,pfizer,2274,2240,34,0,2147,93,1666,372,111,950,850,543,292,533,261,203,223,61,64,14,5,39,32,21,16,19,10,4,12,4
2021-08-29,cansino,0,0,0,0,0,0,0,0,0,0,0,0,0,0,0,0,0,0,0,0,0,0,0,0,0,0,0,0,0,0
2021-08-29,sinovac,947,944,3,0,879,65,459,61,29,470,367,228,128,234,117,102,109,36,39,8,5,24,28,15,9,15,4,13,8,6
2021-08-30,astrazeneca,3607,3598,9,0,3412,186,2698,682,152,1525,1256,822,452,785,432,303,273,107,131,34,5,81,67,43,16,50,27,21,26,3
2021-08-30,pfizer,3687,3598,84,5,3412,186,2698,682,152,1525,1256,822,452,785,432,303,273,107,131,34,5,81,67,43,16,50,27,21,26,3
2021-08-30,cansino,0,0,0,0,0,0,0,0,0,0,0,0,0,0,0,0,0,0,0,0,0,0,0,0,0,0,0,0,0,0
2021-08-30,sinovac,786,738,43,5,680,58,341,47,20,331,309,160,104,202,102,75,78,42,38,4,5,21,27,12,7,9,4,11,2,4
2021-08-31,astrazeneca,5947,5945,2,0,5896,49,4636,1029,338,3952,3767,2904,1997,3080,4005,764,3353,136,33,6,2,22,18,14,9,11,7,5,7,1
2021-08-31,pfizer,2642,2618,22,2,2378,240,1958,456,121,1140,839,571,282,567,305,200,219,59,174,36,11,108,96,47,28,61,35,25,28,9
2021-08-31,cansino,0,0,0,0,0,0,0,0,0,0,0,0,0,0,0,0,0,0,0,0,0,0,0,0,0,0,0,0,0,0
2021-08-31,sinovac,626,614,11,1,529,85,254,36,16,283,249,127,88,161,107,77,78,32,54,12,9,36,38,23,12,23,10,16,9,7
2021-09-01,astrazeneca,5280,5265,14,1,5218,47,4095,972,294,3559,3433,2565,1923,2846,3606,739,2758,136,40,5,2,20,28,18,10,16,7,8,11,1
2021-09-01,pfizer,4126,4044,79,3,3750,294,2968,726,182,1710,1436,912,481,921,464,335,334,98,207,55,20,137,130,86,48,82,34,27,28,8
2021-09-01,cansino,0,0,0,0,0,0,0,0,0,0,0,0,0,0,0,0,0,0,0,0,0,0,0,0,0,0,0,0,0,0
2021-09-01,sinovac,1051,994,54,3,860,134,428,59,30,435,407,198,147,258,137,112,97,43,85,12,9,63,63,22,12,35,17,14,9,4
2021-09-02,astrazeneca,4137,4105,32,0,4053,52,3161,816,290,2698,2606,2005,1421,2164,2665,617,2147,143,45,6,3,25,24,17,11,17,14,5,12,1
2021-09-02,pfizer,3288,3201,83,4,3027,174,2341,609,154,1374,1140,712,385,773,375,291,307,90,130,28,11,86,69,43,28,60,27,23,33,2
2021-09-02,cansino,0,0,0,0,0,0,0,0,0,0,0,0,0,0,0,0,0,0,0,0,0,0,0,0,0,0,0,0,0,0
2021-09-02,sinovac,1251,1205,43,3,1085,120,563,71,38,553,517,276,189,295,146,124,102,59,85,14,5,50,52,27,18,28,16,13,10,5
2021-09-03,astrazeneca,4105,4089,16,0,4033,56,3176,796,289,2690,2631,1922,1392,2127,2758,561,2131,119,38,5,1,27,30,19,7,15,17,7,14,0
2021-09-03,pfizer,2427,2355,68,4,2233,122,1740,423,98,937,847,543,283,542,281,202,247,62,91,31,15,51,62,33,17,38,29,14,26,5
2021-09-03,cansino,0,0,0,0,0,0,0,0,0,0,0,0,0,0,0,0,0,0,0,0,0,0,0,0,0,0,0,0,0,0
2021-09-03,sinovac,1170,1150,17,3,991,159,489,66,35,481,468,213,150,281,172,127,129,69,108,10,8,78,60,37,16,35,11,13,14,6
2021-09-04,astrazeneca,3218,3216,2,0,3166,50,2526,621,208,2082,2098,1489,1122,1686,2135,477,1709,97,38,4,2,24,24,8,5,15,8,6,5,1
2021-09-04,pfizer,1848,1839,7,2,1765,74,1376,357,89,752,640,435,249,417,201,154,181,40,56,8,7,36,32,18,17,24,12,8,10,3
2021-09-04,cansino,0,0,0,0,0,0,0,0,0,0,0,0,0,0,0,0,0,0,0,0,0,0,0,0,0,0,0,0,0,0
2021-09-04,sinovac,1281,1271,9,1,1168,103,597,83,48,584,535,269,178,345,198,146,169,58,55,8,5,48,36,16,11,31,8,9,8,8
2021-09-05,astrazeneca,3144,3138,5,1,3101,37,2380,602,182,2025,2015,1496,1096,1629,2043,447,1742,104,27,4,2,15,16,8,5,7,8,5,5,0
2021-09-05,pfizer,1468,1442,25,1,1376,66,1079,262,70,601,511,366,218,340,175,106,155,31,48,11,4,37,25,16,8,21,12,6,9,2
2021-09-05,cansino,0,0,0,0,0,0,0,0,0,0,0,0,0,0,0,0,0,0,0,0,0,0,0,0,0,0,0,0,0,0
2021-09-05,sinovac,1177,1169,7,1,1053,116,513,68,30,511,461,225,143,273,156,108,135,68,81,19,13,52,50,38,25,39,14,16,13,13
2021-09-06,astrazeneca,3516,3511,5,0,3457,54,2681,621,220,2301,2212,1680,1203,1836,2279,494,1963,125,40,8,3,37,30,13,12,22,8,6,6,0
2021-09-06,pfizer,1579,1500,76,3,1418,82,1097,298,90,668,576,367,203,410,235,146,196,57,56,18,8,40,41,19,14,27,16,16,13,5
2021-09-06,cansino,0,0,0,0,0,0,0,0,0,0,0,0,0,0,0,0,0,0,0,0,0,0,0,0,0,0,0,0,0,0
2021-09-06,sinovac,1764,1742,19,3,1555,187,813,93,53,769,742,354,240,427,246,199,234,69,118,13,7,88,77,48,27,47,18,20,14,11
2021-09-07,astrazeneca,3467,3454,12,1,3418,36,2654,653,234,2234,2250,1615,1173,1831,2217,472,1933,112,22,4,0,16,13,9,5,11,14,6,10,1
2021-09-07,pfizer,1719,1558,159,2,1493,65,1175,284,55,657,567,391,190,403,221,150,209,33,49,13,8,31,32,18,13,23,14,6,7,2
2021-09-07,cansino,0,0,0,0,0,0,0,0,0,0,0,0,0,0,0,0,0,0,0,0,0,0,0,0,0,0,0,0,0,0
2021-09-07,sinovac,2218,2188,26,4,1989,199,1024,130,58,964,902,404,295,558,284,252,298,102,118,15,14,90,87,45,25,46,21,23,14,11
2021-09-08,astrazeneca,3571,3568,3,0,3511,57,2710,657,218,2346,2339,1706,1257,1908,2355,538,1972,108,33,7,4,21,29,10,6,10,11,2,13,1
2021-09-08,pfizer,1354,1291,61,2,1191,100,883,239,69,542,474,303,177,332,193,122,167,49,76,19,5,43,49,25,12,34,18,12,14,6
2021-09-08,cansino,0,0,0,0,0,0,0,0,0,0,0,0,0,0,0,0,0,0,0,0,0,0,0,0,0,0,0,0,0,0
2021-09-08,sinovac,2294,2269,22,3,1938,331,1000,148,71,914,895,444,281,487,284,197,328,91,234,37,22,142,142,64,41,68,20,37,26,15
2021-09-09,astrazeneca,3488,3478,9,1,3443,35,2682,656,219,2267,2241,1692,1261,1876,2310,500,1858,104,26,3,2,12,10,6,5,8,12,3,6,0
2021-09-09,pfizer,1494,1452,39,3,1416,36,1111,277,63,605,496,341,196,338,195,133,174,49,26,3,1,18,19,4,3,7,4,4,5,1
2021-09-09,cansino,0,0,0,0,0,0,0,0,0,0,0,0,0,0,0,0,0,0,0,0,0,0,0,0,0,0,0,0,0,0
2021-09-09,sinovac,1734,1712,17,5,1536,176,808,125,50,771,731,361,243,447,261,188,227,72,115,10,6,81,69,39,17,39,12,16,8,6
2021-09-10,astrazeneca,3512,3509,1,2,3472,37,2713,643,218,2284,2230,1666,1162,1806,2292,475,1903,91,26,5,4,24,22,13,10,16,10,9,9,2
2021-09-10,pfizer,2116,2067,46,3,1985,82,1587,390,119,840,722,508,271,470,294,181,294,48,58,12,1,37,35,24,12,22,12,11,9,3
2021-09-10,cansino,0,0,0,0,0,0,0,0,0,0,0,0,0,0,0,0,0,0,0,0,0,0,0,0,0,0,0,0,0,0
2021-09-10,sinovac,936,914,20,2,859,55,440,47,25,429,396,214,150,229,157,118,136,48,36,6,3,25,26,11,5,8,4,4,5,2
2021-09-11,astrazeneca,2794,2794,0,0,2768,26,2213,539,207,1779,1807,1323,972,1431,1889,411,1654,72,18,2,1,18,17,8,5,11,7,5,5,0
2021-09-11,pfizer,2115,2112,3,0,2021,91,1595,427,89,891,732,479,272,468,276,169,251,47,69,12,2,40,28,25,15,22,17,4,13,1
2021-09-11,cansino,0,0,0,0,0,0,0,0,0,0,0,0,0,0,0,0,0,0,0,0,0,0,0,0,0,0,0,0,0,0
2021-09-11,sinovac,668,666,2,0,640,26,314,39,21,322,303,170,120,187,93,97,87,42,15,2,1,10,11,9,4,4,1,2,2,1
2021-09-12,astrazeneca,2578,2575,2,1,2552,23,1953,520,175,1698,1694,1228,909,1399,1700,371,1543,74,17,5,1,16,11,7,4,7,6,4,1,0
2021-09-12,pfizer,2043,2018,21,4,1936,82,1517,369,86,892,703,484,265,509,255,179,236,68,60,12,4,34,32,18,11,20,11,9,12,1
2021-09-12,cansino,0,0,0,0,0,0,0,0,0,0,0,0,0,0,0,0,0,0,0,0,0,0,0,0,0,0,0,0,0,0
2021-09-12,sinovac,484,469,14,1,458,11,220,37,10,233,217,119,87,163,92,74,72,35,8,0,0,4,6,2,1,2,3,1,2,0
2021-09-13,astrazeneca,3112,3104,7,1,3077,27,2402,528,192,1994,2017,1558,1085,1640,2014,408,1806,101,20,4,1,14,9,3,4,6,5,1,5,1
2021-09-13,pfizer,2454,2354,94,6,2256,98,1760,464,108,1011,872,611,327,566,331,214,290,75,75,21,5,39,38,18,15,24,12,11,15,8
2021-09-13,cansino,0,0,0,0,0,0,0,0,0,0,0,0,0,0,0,0,0,0,0,0,0,0,0,0,0,0,0,0,0,0
2021-09-13,sinovac,423,397,25,1,380,17,204,26,11,189,181,95,64,118,76,63,52,19,10,3,0,8,7,2,1,3,3,3,1,1
2021-09-14,astrazeneca,2890,2883,5,2,2852,31,2172,506,168,1865,1861,1345,968,1486,1839,373,1739,82,22,5,0,16,19,10,5,13,10,6,8,0
2021-09-14,pfizer,2597,2545,49,3,2410,135,1899,449,92,1025,836,598,318,593,341,202,381,49,102,28,7,64,52,36,25,32,24,11,17,2
2021-09-14,cansino,0,0,0,0,0,0,0,0,0,0,0,0,0,0,0,0,0,0,0,0,0,0,0,0,0,0,0,0,0,0
2021-09-14,sinovac,403,391,12,0,366,25,179,28,8,184,178,92,67,115,69,51,62,23,14,1,0,10,11,4,3,3,0,1,1,0
2021-09-15,astrazeneca,3087,3082,4,1,3050,32,2333,580,218,2025,1979,1493,1101,1697,2059,473,1793,77,25,4,2,12,10,6,3,3,4,5,3,1
2021-09-15,pfizer,2655,2588,63,4,2457,131,1881,503,124,1113,912,635,351,631,372,225,343,100,104,27,12,65,54,36,21,34,24,17,18,6
2021-09-15,cansino,1,0,1,0,0,0,0,0,0,0,0,0,0,0,0,0,0,0,0,0,0,0,0,0,0,0,0,0,0,0
2021-09-15,sinovac,410,378,31,1,359,19,173,21,10,182,173,84,52,98,53,50,51,26,13,2,2,14,8,3,5,12,3,2,2,3
2021-09-16,astrazeneca,3017,3017,0,0,2995,22,2334,561,189,1975,1912,1451,1060,1627,1970,430,1468,89,14,4,2,13,10,6,3,7,5,1,3,0
2021-09-16,pfizer,1882,1881,1,0,1818,63,1436,388,90,820,665,462,285,468,233,158,185,45,49,13,3,28,25,18,9,16,10,9,12,1
2021-09-16,cansino,0,0,0,0,0,0,0,0,0,0,0,0,0,0,0,0,0,0,0,0,0,0,0,0,0,0,0,0,0,0
2021-09-16,sinovac,339,336,3,0,327,9,181,22,9,175,157,84,61,101,54,47,48,29,6,1,1,5,5,0,1,3,0,1,2,0
2021-09-17,astrazeneca,2382,2381,1,0,2358,23,1830,426,143,1559,1520,1084,823,1293,1521,331,1117,84,17,0,0,10,7,6,3,8,7,0,4,0
2021-09-17,pfizer,2586,2572,13,1,2413,159,1876,474,122,1053,896,595,302,572,305,212,241,83,130,27,9,66,54,32,21,36,23,9,9,1
2021-09-17,cansino,0,0,0,0,0,0,0,0,0,0,0,0,0,0,0,0,0,0,0,0,0,0,0,0,0,0,0,0,0,0
2021-09-17,sinovac,284,283,1,0,262,21,140,26,5,127,100,62,51,74,37,30,36,14,14,2,0,7,10,5,1,4,1,3,1,2
2021-09-18,astrazeneca,2600,2600,0,0,2579,21,2015,503,174,1689,1707,1280,893,1340,1744,385,1231,76,15,3,0,6,8,6,2,6,3,4,4,0
2021-09-18,pfizer,2067,2057,9,1,1981,76,1557,421,131,862,742,511,306,508,271,185,197,57,61,11,3,29,29,15,11,26,13,9,11,1
2021-09-18,cansino,1,0,1,0,0,0,0,0,0,0,0,0,0,0,0,0,0,0,0,0,0,0,0,0,0,0,0,0,0,0
2021-09-18,sinovac,299,294,5,0,281,13,131,24,8,146,125,77,62,89,55,34,42,17,9,0,0,5,4,2,1,1,2,1,0,0
2021-09-19,astrazeneca,2949,2947,2,0,2921,26,2283,581,219,1893,1903,1427,1011,1560,1951,440,1372,96,17,6,2,14,10,5,6,9,5,3,5,0
2021-09-19,pfizer,2095,2070,19,6,2001,69,1582,377,87,838,744,492,296,473,274,176,242,66,49,14,6,27,25,17,12,21,13,6,11,2
2021-09-19,cansino,0,0,0,0,0,0,0,0,0,0,0,0,0,0,0,0,0,0,0,0,0,0,0,0,0,0,0,0,0,0
2021-09-19,sinovac,291,278,8,5,265,13,142,16,8,135,126,72,43,77,47,31,49,15,6,0,0,6,5,1,3,2,0,1,1,1
2021-09-20,astrazeneca,2873,2861,10,2,2819,42,2247,552,207,1943,1834,1388,1033,1557,1886,390,1370,98,30,8,2,23,23,17,11,16,11,7,8,0
2021-09-20,pfizer,3124,3025,91,8,2840,185,2186,561,119,1230,1083,650,384,687,349,243,315,73,128,43,12,86,88,42,31,58,28,20,24,7
2021-09-20,cansino,2,0,2,0,0,0,0,0,0,0,0,0,0,0,0,0,0,0,0,0,0,0,0,0,0,0,0,0,0,0
2021-09-20,sinovac,219,197,18,4,186,11,90,15,5,96,89,46,32,53,31,35,22,17,6,1,0,6,1,1,1,3,1,1,1,0
2021-09-21,astrazeneca,2468,2457,11,0,2432,25,1868,450,167,1641,1583,1200,855,1352,1629,358,1143,91,19,4,0,17,13,5,4,8,7,2,6,0
2021-09-21,pfizer,2612,2537,72,3,2442,95,1916,518,115,1092,943,616,335,614,365,199,284,47,76,22,4,43,41,28,14,27,13,9,9,2
2021-09-21,cansino,0,0,0,0,0,0,0,0,0,0,0,0,0,0,0,0,0,0,0,0,0,0,0,0,0,0,0,0,0,0
2021-09-21,sinovac,133,119,14,0,113,6,60,15,2,65,51,38,25,46,15,15,16,7,5,1,0,3,1,1,0,1,0,0,1,0
2021-09-22,astrazeneca,2908,2901,6,1,2857,44,2257,604,215,1954,1904,1435,1063,1589,1911,445,1298,107,33,6,2,20,19,8,6,16,9,6,5,2
2021-09-22,pfizer,3225,3179,43,3,2951,228,2266,574,154,1343,1204,758,416,780,421,306,358,88,172,42,21,107,120,61,40,67,37,33,23,9
2021-09-22,cansino,0,0,0,0,0,0,0,0,0,0,0,0,0,0,0,0,0,0,0,0,0,0,0,0,0,0,0,0,0,0
2021-09-22,sinovac,186,173,9,4,162,11,75,15,4,87,77,49,37,60,26,22,27,9,9,2,3,4,4,4,3,4,4,2,2,1
2021-09-23,astrazeneca,2904,2901,3,0,2862,39,2234,540,180,1911,1851,1365,1008,1533,1847,434,1272,95,27,7,2,21,17,8,7,9,7,3,3,1
2021-09-23,pfizer,3204,3146,53,5,2909,237,2262,592,156,1294,1103,702,433,730,397,262,383,97,174,41,13,97,102,54,27,56,48,28,24,6
2021-09-23,cansino,0,0,0,0,0,0,0,0,0,0,0,0,0,0,0,0,0,0,0,0,0,0,0,0,0,0,0,0,0,0
2021-09-23,sinovac,171,163,6,2,146,17,70,6,2,70,73,36,33,44,33,18,26,9,11,1,1,5,6,5,2,3,2,2,2,1
2021-09-24,astrazeneca,2618,2615,3,0,2583,32,2034,464,139,1732,1664,1261,932,1370,1712,389,1253,92,23,4,3,22,18,16,11,19,11,8,13,3
2021-09-24,pfizer,2593,2562,26,5,2438,124,1851,484,132,1089,970,594,314,627,298,202,277,72,90,21,7,52,51,23,20,27,17,12,11,6
2021-09-24,cansino,0,0,0,0,0,0,0,0,0,0,0,0,0,0,0,0,0,0,0,0,0,0,0,0,0,0,0,0,0,0
2021-09-24,sinovac,173,165,8,0,153,12,64,13,7,72,75,37,30,49,29,19,23,15,7,2,3,6,5,2,3,3,2,3,1,1
2021-09-25,astrazeneca,2186,2186,0,0,2160,26,1698,388,137,1443,1413,1014,780,1219,1429,325,1019,68,18,0,0,15,12,4,4,12,5,2,1,0
2021-09-25,pfizer,1892,1887,5,0,1820,67,1424,374,97,797,670,473,258,468,229,168,182,52,54,16,8,35,36,15,14,18,11,9,7,6
2021-09-25,cansino,0,0,0,0,0,0,0,0,0,0,0,0,0,0,0,0,0,0,0,0,0,0,0,0,0,0,0,0,0,0
2021-09-25,sinovac,163,163,0,0,156,7,82,17,14,78,87,39,25,54,27,22,25,11,4,1,0,1,3,0,1,1,2,0,1,0
2021-09-26,astrazeneca,2316,2314,2,0,2290,24,1770,490,179,1481,1509,1133,899,1268,1548,347,1119,76,16,2,1,9,12,8,5,6,5,1,3,1
2021-09-26,pfizer,1953,1936,15,2,1835,101,1405,356,82,831,716,495,286,484,235,163,159,52,71,28,15,46,37,31,23,34,20,19,18,10
2021-09-26,cansino,0,0,0,0,0,0,0,0,0,0,0,0,0,0,0,0,0,0,0,0,0,0,0,0,0,0,0,0,0,0
2021-09-26,sinovac,175,170,4,1,163,7,78,13,5,88,78,53,38,58,31,20,30,6,4,0,0,3,4,1,2,0,0,0,1,0
2021-09-27,astrazeneca,2510,2505,5,0,2471,34,1899,433,155,1608,1624,1195,876,1327,1647,394,1196,92,26,3,1,16,18,9,6,11,7,4,4,3
2021-09-27,pfizer,2240,2152,84,4,2027,125,1559,411,113,951,826,543,299,543,290,216,223,54,88,21,15,55,63,39,24,45,18,13,16,5
2021-09-27,cansino,0,0,0,0,0,0,0,0,0,0,0,0,0,0,0,0,0,0,0,0,0,0,0,0,0,0,0,0,0,0
2021-09-27,sinovac,176,160,16,0,152,8,67,8,9,78,77,47,31,49,38,20,17,13,5,0,1,5,3,2,2,4,0,3,0,1
2021-09-28,astrazeneca,2381,2377,4,0,2345,32,1779,449,136,1506,1550,1153,894,1303,1555,377,1162,81,22,5,2,14,16,5,4,9,9,3,7,1
2021-09-28,pfizer,2313,2244,69,0,2118,126,1637,426,99,952,776,530,259,529,295,179,201,45,90,19,7,63,52,32,22,38,24,17,12,6
2021-09-28,cansino,2,0,2,0,0,0,0,0,0,0,0,0,0,0,0,0,0,0,0,0,0,0,0,0,0,0,0,0,0,0
2021-09-28,sinovac,171,165,6,0,149,16,64,13,8,81,69,37,28,57,34,20,25,14,10,3,2,7,4,4,3,4,4,2,1,2
2021-09-29,astrazeneca,1321,1320,0,1,1294,26,927,275,67,788,855,610,527,680,858,218,662,43,16,6,4,14,11,9,7,10,9,6,7,1
2021-09-29,pfizer,2240,2151,81,8,2007,144,1553,417,103,932,769,525,279,521,288,171,217,74,90,21,11,63,72,44,29,42,32,22,21,5
2021-09-29,cansino,1,0,1,0,0,0,0,0,0,0,0,0,0,0,0,0,0,0,0,0,0,0,0,0,0,0,0,0,0,0
2021-09-29,sinovac,158,144,11,3,131,13,61,8,6,60,62,44,29,45,27,18,17,12,10,3,1,5,2,4,2,6,2,1,0,0
