date,daily_partial,daily_full,daily,daily_partial_child,daily_full_child,daily_booster,cumul_partial,cumul_full,cumul,cumul_partial_child,cumul_full_child,cumul_booster,pfizer1,pfizer2,pfizer3,sinovac1,sinovac2,sinovac3,astra1,astra2,astra3,sinopharm1,sinopharm2,sinopharm3,cansino,cansino3,pending1,pending2,pending3
2021-02-24,62,3,65,0,0,0,62,3,65,0,0,0,61,1,0,0,2,0,0,0,0,0,0,0,0,0,1,0,0
2021-02-25,1149,2,1151,0,0,0,1211,5,1216,0,0,0,1147,0,0,0,2,0,0,0,0,0,0,0,0,0,2,0,0
2021-02-26,4065,3,4068,0,0,0,5276,8,5284,0,0,0,4057,1,0,0,2,0,1,0,0,0,0,0,0,0,7,0,0
2021-02-27,6710,6,6716,0,0,0,11986,14,12000,0,0,0,6692,1,0,0,5,0,0,0,0,0,0,0,0,0,18,0,0
2021-02-28,6712,5,6717,0,0,0,18698,19,18717,0,0,0,6708,1,0,0,4,0,0,0,0,0,0,0,0,0,4,0,0
2021-03-01,15384,6,15390,0,0,0,34082,25,34107,0,0,0,15384,4,0,0,2,0,0,0,0,0,0,0,0,0,0,0,0
2021-03-02,21681,5,21686,0,0,0,55763,30,55793,0,0,0,21681,3,0,0,2,0,0,0,0,0,0,0,0,0,0,0,0
2021-03-03,22686,6,22692,0,0,0,78449,36,78485,0,0,0,22681,4,0,2,2,0,0,0,0,0,0,0,0,0,3,0,0
2021-03-04,19542,15,19557,0,0,0,97991,51,98042,0,0,0,19536,9,0,3,3,0,0,0,0,0,0,0,0,0,3,3,0
2021-03-05,14366,7,14373,0,0,0,112357,58,112415,0,0,0,14362,4,0,1,3,0,0,0,0,0,0,0,0,0,3,0,0
2021-03-06,15832,3,15835,2,0,0,128189,61,128250,2,0,0,15590,1,0,200,2,0,0,0,0,0,0,0,0,0,42,0,0
2021-03-07,12580,6,12586,0,0,0,140769,67,140836,2,0,0,12565,4,0,3,2,0,0,0,0,0,0,0,0,0,12,0,0
2021-03-08,27190,14,27204,0,0,0,167959,81,168040,2,0,0,27180,8,0,8,6,0,0,0,0,0,0,0,0,0,2,0,0
2021-03-09,30065,62,30127,0,0,0,198024,143,198167,2,0,0,30032,10,0,30,52,0,0,0,0,0,0,0,0,0,3,0,0
2021-03-10,28770,11,28781,1,0,0,226794,154,226948,3,0,0,28766,7,0,0,4,0,0,0,0,0,0,0,0,0,4,0,0
2021-03-11,26507,8,26515,0,0,0,253305,162,253463,3,0,0,26505,1,0,1,3,0,0,0,0,0,0,0,4,0,1,0,0
2021-03-12,26115,9,26124,1,1,0,279420,171,279587,4,1,0,26114,4,0,0,5,0,0,0,0,0,0,0,0,0,1,0,0
2021-03-13,17058,2,17060,0,0,0,296478,173,296647,4,1,0,17052,0,0,0,2,0,0,0,0,0,0,0,0,0,6,0,0
2021-03-14,10301,4,10305,7,0,0,306779,177,306952,11,1,0,10299,2,0,2,2,0,0,0,0,0,0,0,0,0,0,0,0
2021-03-15,20386,3,20389,1,0,0,327165,180,327341,12,1,0,20168,1,0,0,2,0,0,0,0,0,0,0,0,0,218,0,0
2021-03-16,25473,6,25479,0,0,0,352638,186,352820,12,1,0,25352,4,0,1,2,0,0,0,0,0,0,0,0,0,120,0,0
2021-03-17,20791,63,20854,0,0,0,373429,249,373674,12,1,0,20789,61,0,2,2,0,0,0,0,0,0,0,0,0,0,0,0
2021-03-18,17313,797,18110,0,0,0,390742,1046,391784,12,1,0,17300,795,0,12,2,0,0,0,0,0,0,0,0,0,1,0,0
2021-03-19,10739,3834,14573,1,0,0,401481,4880,406357,13,1,0,10739,3831,0,0,2,0,0,0,0,0,0,0,0,0,0,1,0
2021-03-20,7705,6102,13807,0,0,0,409186,10982,420164,13,1,0,7703,6100,0,0,2,0,0,0,0,0,0,0,0,0,2,0,0
2021-03-21,9711,5842,15553,1,0,0,418897,16824,435717,14,1,0,9711,5835,0,0,2,0,0,0,0,0,0,0,0,0,0,5,0
2021-03-22,9719,14577,24296,0,0,0,428616,31401,460013,14,1,0,9717,14571,0,0,4,0,0,0,0,0,0,0,0,0,2,2,0
2021-03-23,8304,20874,29178,0,0,0,436920,52275,489191,14,1,0,8301,20870,0,1,2,0,0,0,0,0,0,0,0,0,2,2,0
2021-03-24,6288,22820,29108,1,0,0,443208,75095,518299,15,1,0,6287,22815,0,0,2,0,0,0,0,0,0,0,0,0,1,3,0
2021-03-25,6434,19368,25802,0,0,0,449642,94463,544101,15,1,0,6350,19362,0,81,2,0,0,0,0,0,0,0,0,0,3,4,0
2021-03-26,3937,12810,16747,0,0,0,453579,107273,560848,15,1,0,3760,12761,0,170,2,0,0,0,0,0,0,0,0,0,7,47,0
2021-03-27,1707,14435,16142,0,0,0,455286,121708,576990,15,1,0,1234,14424,0,473,8,0,0,0,0,0,0,0,0,0,0,3,0
2021-03-28,3680,12927,16607,2,0,0,458966,134635,593597,17,1,0,3407,12909,0,272,3,0,0,0,0,0,0,0,0,0,1,15,0
2021-03-29,7867,27373,35240,2,0,0,466833,162008,628837,19,1,0,6309,27363,0,1552,4,0,0,0,0,0,0,0,0,0,6,6,0
2021-03-30,11524,29405,40929,3,0,0,478357,191413,669766,22,1,0,9361,29402,0,2156,2,0,0,0,0,0,0,0,0,0,7,1,0
2021-03-31,9950,27519,37469,2,1,0,488307,218932,707235,24,2,0,6584,27513,0,3345,2,0,0,0,0,0,0,0,0,0,21,4,0
2021-04-01,15905,26557,42462,6,0,0,504212,245489,749697,30,2,0,11180,26550,0,4696,3,0,0,0,0,0,0,0,0,0,29,4,0
2021-04-02,7581,22902,30483,0,0,0,511793,268391,780180,30,2,0,3927,22897,0,3651,4,0,0,0,0,0,0,0,0,0,3,1,0
2021-04-03,2679,14745,17424,0,0,0,514472,283136,797604,30,2,0,1519,14741,0,1141,2,0,0,0,0,0,0,0,0,0,19,2,0
2021-04-04,6027,9153,15180,1,1,0,520499,292289,812784,31,3,0,3140,9149,0,2808,4,0,0,0,0,0,0,0,0,0,79,0,0
2021-04-05,9197,19505,28702,5,1,0,529696,311794,841486,36,4,0,4220,19286,0,4977,5,0,0,0,0,0,0,0,0,0,0,214,0
2021-04-06,11008,21698,32706,11,0,0,540704,333492,874192,47,4,0,6576,21572,0,4432,6,0,0,0,0,0,0,0,0,0,0,120,0
2021-04-07,12697,18320,31017,10,2,0,553401,351812,905209,57,6,0,6456,18315,0,6239,4,0,0,0,0,0,0,0,0,0,2,1,0
2021-04-08,12090,14807,26897,7,0,0,565491,366619,932106,64,6,0,5881,14783,0,6206,23,0,0,0,0,0,0,0,0,0,3,1,0
2021-04-09,7227,14390,21617,3,0,0,572718,381009,953723,67,6,0,4365,14368,0,2861,22,0,0,0,0,0,0,0,0,0,1,0,0
2021-04-10,5672,10066,15738,1,0,0,578390,391075,969461,68,6,0,3856,10022,0,1815,44,0,0,0,0,0,0,0,0,0,1,0,0
2021-04-11,12477,10714,23191,6,9,0,590867,401789,992652,74,15,0,10221,10705,0,2255,9,0,0,0,0,0,0,0,0,0,1,0,0
2021-04-12,25359,13956,39315,20,0,0,616226,415745,1031967,94,15,0,22572,13953,0,2787,2,0,0,0,0,0,0,0,0,0,0,1,0
2021-04-13,16817,7700,24517,7,1,0,633043,423445,1056484,101,16,0,12127,7696,0,4690,3,0,0,0,0,0,0,0,0,0,0,1,0
2021-04-14,20940,7749,28689,5,1,0,653983,431194,1085173,106,17,0,17522,7745,0,3418,4,0,0,0,0,0,0,0,0,0,0,0,0
2021-04-15,18099,9168,27267,12,0,0,672082,440362,1112440,118,17,0,13922,9086,0,4177,81,0,0,0,0,0,0,0,0,0,0,1,0
2021-04-16,15629,3922,19551,6,0,0,687711,444284,1131991,124,17,0,12556,3630,0,3072,292,0,0,0,0,0,0,0,0,0,1,0,0
2021-04-17,8571,1113,9684,4,0,0,696282,445397,1141675,128,17,0,7024,654,0,1547,458,0,0,0,0,0,0,0,0,0,0,1,0
2021-04-18,6093,3764,9857,1,2,0,702375,449161,1151532,129,19,0,5349,3541,0,743,221,0,0,0,0,0,0,0,0,0,1,2,0
2021-04-19,24665,8489,33154,16,3,0,727040,457650,1184686,145,22,0,22978,7110,0,1686,1374,0,1,0,0,0,0,0,0,0,0,5,0
2021-04-20,22083,11284,33367,11,2,0,749123,468934,1218053,156,24,0,18620,9241,0,3462,2039,0,0,0,0,0,0,0,0,0,1,4,0
2021-04-21,15823,11873,27696,14,3,0,764946,480807,1245749,170,27,0,14725,7946,0,1097,3921,0,0,0,0,0,0,0,0,0,1,6,0
2021-04-22,14390,15185,29575,2,5,0,779336,495992,1275324,172,32,0,13324,10743,0,1066,4430,0,0,0,0,0,0,0,0,0,0,12,0
2021-04-23,12217,6691,18908,9,0,0,791553,502683,1294232,181,32,0,10911,4115,0,1305,2574,0,0,0,0,0,0,0,0,0,1,2,0
2021-04-24,7986,3492,11478,2,0,0,799539,506175,1305710,183,32,0,7650,1927,0,335,1447,0,0,0,0,0,0,0,0,0,1,118,0
2021-04-25,9107,5726,14833,1,1,0,808646,511901,1320543,184,33,0,9031,3234,0,76,2491,0,0,0,0,0,0,0,0,0,0,1,0
2021-04-26,21363,8942,30305,14,4,0,830009,520843,1350848,198,37,0,20520,4585,0,843,4357,0,0,0,0,0,0,0,0,0,0,0,0
2021-04-27,22820,11872,34692,12,8,0,852829,532715,1385540,210,45,0,21941,6813,0,879,5057,0,0,0,0,0,0,0,0,0,0,2,0
2021-04-28,26459,13236,39695,13,7,0,879288,545951,1425235,223,52,0,25042,6242,0,1417,6990,0,0,0,0,0,0,0,0,0,0,4,0
2021-04-29,6467,6064,12531,0,5,0,885755,552015,1437766,223,57,0,6207,3297,0,260,2767,0,0,0,0,0,0,0,0,0,0,0,0
2021-04-30,17781,8917,26698,8,1,0,903536,560932,1464464,231,58,0,17155,5810,0,625,3106,0,0,0,0,0,0,0,0,0,1,1,0
2021-05-01,2928,2569,5497,1,1,0,906464,563501,1469961,232,59,0,2367,2546,0,561,22,0,0,0,0,0,0,0,0,0,0,1,0
2021-05-02,7654,8123,15777,0,3,0,914118,571624,1485738,232,62,0,6631,7354,0,1023,768,0,0,0,0,0,0,0,0,0,0,1,0
2021-05-03,24529,26742,51271,10,9,0,938647,598366,1537009,242,71,0,22905,22130,0,907,4611,0,717,0,0,0,0,0,0,0,0,1,0
2021-05-04,30137,19703,49840,7,15,0,968784,618069,1586849,249,86,0,27655,14704,0,2481,4999,0,1,0,0,0,0,0,0,0,0,0,0
2021-05-05,32097,22907,55004,13,2,0,1000881,640976,1641853,262,88,0,22173,19733,0,5335,3173,0,4588,0,0,0,0,0,0,0,1,1,0
2021-05-06,37067,18784,55851,14,10,0,1037948,659760,1697704,276,98,0,26282,13806,0,7212,4978,0,3573,0,0,0,0,0,0,0,0,0,0
2021-05-07,32351,15489,47840,23,4,0,1070299,675249,1745544,299,102,0,17406,11272,0,11365,4215,0,3580,0,0,0,0,0,0,0,0,2,0
2021-05-08,18695,8443,27138,14,3,0,1088994,683692,1772682,313,105,0,12338,7115,0,2715,1326,0,3640,1,0,0,0,0,0,0,2,1,0
2021-05-09,25896,6606,32502,12,3,0,1114892,690298,1805184,325,108,0,17332,5832,0,4972,771,0,3592,0,0,0,0,0,2,0,0,1,0
2021-05-10,36719,24865,61584,23,13,0,1151611,715163,1866768,348,121,0,26102,21889,0,7061,2976,0,3551,0,0,0,0,0,0,0,5,0,0
2021-05-11,30522,18457,48979,17,21,0,1182133,733620,1915747,365,142,0,21758,16369,0,5126,2087,0,3637,0,0,0,0,0,0,0,1,1,0
2021-05-12,10331,7826,18157,13,3,0,1192464,741446,1933904,378,145,0,5403,7564,0,1476,262,0,3452,0,0,0,0,0,0,0,0,0,0
2021-05-13,112,10,122,0,0,0,1192576,741456,1934026,378,145,0,1,4,0,111,6,0,0,0,0,0,0,0,0,0,0,0,0
2021-05-14,60,9,69,1,0,0,1192636,741465,1934095,379,145,0,0,0,0,60,9,0,0,0,0,0,0,0,0,0,0,0,0
2021-05-15,10326,604,10930,13,4,0,1202962,742069,1945025,392,149,0,440,597,0,152,6,0,9733,1,0,0,0,0,0,0,1,0,0
2021-05-16,9988,334,10322,26,0,0,1212950,742403,1955347,418,149,0,11,203,0,8,131,0,9969,0,0,0,0,0,0,0,0,0,0
2021-05-17,32479,28208,60687,31,17,0,1245429,770611,2016034,449,166,0,19904,26863,0,2080,1344,0,10494,0,0,0,0,0,0,0,1,1,0
2021-05-18,45805,32387,78192,28,18,0,1291234,802998,2094226,477,184,0,30638,29974,0,4647,2411,0,10518,1,0,0,0,0,0,0,2,1,0
2021-05-19,50213,34140,84353,41,15,0,1341447,837138,2178579,518,199,0,30345,32323,0,9313,1816,0,10550,1,0,0,0,0,0,0,5,0,0
2021-05-20,59260,21999,81259,40,2,0,1400707,859137,2259838,558,201,0,32927,20814,0,15256,1183,0,11071,1,0,0,0,0,0,0,6,1,0
2021-05-21,42226,18896,61122,28,8,0,1442933,878033,2320960,586,209,0,19119,18235,0,12062,660,0,11044,0,0,0,0,0,0,0,1,1,0
2021-05-22,43317,3356,46673,23,1,0,1486250,881389,2367633,609,210,0,14051,2520,0,19717,834,0,9435,0,0,0,0,0,0,0,114,2,0
2021-05-23,38024,8419,46443,27,0,0,1524274,889808,2414076,636,210,0,12254,7147,0,15196,1269,0,10563,1,0,0,0,0,0,0,11,2,0
2021-05-24,69718,26133,95851,44,11,0,1593992,915941,2509927,680,221,0,25336,24794,0,31010,1337,0,13369,1,0,0,0,0,0,0,3,1,0
2021-05-25,69846,30783,100629,33,6,0,1663838,946724,2610556,713,227,0,23913,27724,0,32638,3056,0,13288,0,0,0,0,0,0,0,7,3,0
2021-05-26,20502,1909,22411,27,2,0,1684340,948633,2632967,740,229,0,2639,1632,0,4132,276,0,13730,1,0,0,0,0,0,0,1,0,0
2021-05-27,58897,49642,108539,46,10,0,1743237,998275,2741506,786,239,0,19029,41680,0,26500,7958,0,13358,0,0,0,0,0,0,0,10,4,0
2021-05-28,46947,27580,74527,29,28,0,1790184,1025855,2816033,815,267,0,14772,18516,0,18721,9063,0,13450,0,0,0,0,0,0,0,4,1,0
2021-05-29,51101,15076,66177,36,8,0,1841285,1040931,2882210,851,275,0,17745,12335,0,19792,2741,0,13555,0,0,0,0,0,0,0,9,0,0
2021-05-30,38404,24426,62830,21,8,0,1879689,1065357,2945040,872,283,0,9728,17160,0,15350,7265,0,13325,1,0,0,0,0,0,0,1,0,0
2021-05-31,67654,28711,96365,34,8,0,1947343,1094068,3041405,906,291,0,24490,24469,0,29582,4234,0,13581,3,0,0,0,0,0,0,1,5,0
2021-06-01,75466,24460,99926,38,7,0,2022809,1118528,3141331,944,298,0,30728,21245,0,30692,3212,0,14035,2,0,0,0,0,0,0,11,1,0
2021-06-02,97052,9898,106950,42,9,0,2119861,1128426,3248281,986,307,0,36255,8009,0,46263,1886,0,14519,1,0,0,0,0,0,0,15,2,0
2021-06-03,111430,7870,119300,56,6,0,2231291,1136296,3367581,1042,313,0,38886,3256,0,57726,4613,0,14800,0,0,0,0,0,0,0,18,1,0
2021-06-04,86463,4984,91447,37,2,0,2317754,1141280,3459028,1079,315,0,27583,2738,0,43061,2244,0,15809,1,0,0,0,0,0,0,10,1,0
2021-06-05,72206,1401,73607,36,0,0,2389960,1142681,3532635,1115,315,0,34176,1335,0,22735,65,0,15276,0,0,0,0,0,0,0,19,1,0
2021-06-06,81177,1614,82791,37,2,0,2471137,1144295,3615426,1152,317,0,38647,1519,0,28471,95,0,14038,0,0,0,0,0,0,0,21,0,0
2021-06-07,60814,5100,65914,49,4,0,2531951,1149395,3681340,1201,321,0,11287,3571,0,31263,1529,0,18251,0,0,0,0,0,0,0,13,0,0
2021-06-08,108514,46398,154912,38,6,0,2640465,1195793,3836252,1239,327,0,51218,41337,0,36626,5013,0,20645,2,0,0,0,0,0,0,25,46,0
2021-06-09,116330,40777,157107,48,15,0,2756795,1236570,3993359,1287,342,0,61396,31618,0,38978,9153,0,15930,1,0,0,0,0,0,0,26,5,0
2021-06-10,113786,47468,161254,69,14,0,2870582,1284038,4154613,1356,356,0,52119,32850,0,40008,14607,0,21654,3,0,0,0,0,1,0,5,7,0
2021-06-11,96349,30283,126632,73,5,0,2966931,1314321,4281245,1429,361,0,30977,18679,0,40659,11598,0,24415,1,0,0,0,0,0,0,298,5,0
2021-06-12,103396,34181,137577,90,13,0,3070327,1348502,4418822,1519,374,0,40158,14442,0,42617,19630,0,20585,2,0,0,0,0,0,0,36,107,0
2021-06-13,104976,27000,131976,86,5,0,3175303,1375502,4550798,1605,379,0,43121,12535,0,40087,14455,0,21725,0,0,0,0,0,0,0,43,10,0
2021-06-14,147979,55926,203905,115,13,0,3323282,1431428,4754703,1720,392,0,54859,25280,0,68029,30642,0,25036,1,0,0,0,0,0,0,55,3,0
2021-06-15,167029,56215,223244,128,17,0,3490311,1487643,4977947,1848,409,0,59809,24114,0,82453,32094,0,24425,0,0,0,0,0,0,0,342,7,0
2021-06-16,206227,8283,214510,231,4,0,3696538,1495926,5192457,2079,413,0,70795,3402,0,111324,4877,0,23877,2,0,0,0,0,0,0,231,2,0
2021-06-17,185057,44417,229474,213,12,0,3881595,1540343,5421931,2292,425,0,59717,18742,0,99478,25666,0,25738,0,0,0,0,0,0,0,124,9,0
2021-06-18,153028,32752,185780,171,9,0,4034623,1573095,5607711,2463,434,0,40816,14571,0,86738,18175,0,25261,0,0,0,0,0,0,0,213,6,0
2021-06-19,135706,36305,172011,191,15,0,4170329,1609400,5779722,2654,449,0,51805,16485,0,63958,19816,0,19856,0,0,0,0,0,0,0,87,4,0
2021-06-20,122453,24243,146696,135,10,0,4292782,1633643,5926418,2789,459,0,37401,8947,0,65988,15294,0,19000,0,0,0,0,0,0,0,64,2,0
2021-06-21,190543,54727,245270,320,14,0,4483325,1688370,6171688,3109,473,0,47644,25243,0,116726,29478,0,25784,3,0,0,0,0,0,0,389,3,0
2021-06-22,199098,61032,260130,404,19,0,4682423,1749402,6431818,3513,492,0,48448,30718,0,127027,30302,0,23560,7,0,0,0,0,0,0,63,5,0
2021-06-23,185130,80143,265273,324,21,0,4867553,1829545,6697091,3837,513,0,38716,35296,0,123182,44833,0,22976,1,0,0,0,0,0,0,256,13,0
2021-06-24,182866,94797,277663,284,35,0,5050420,1924342,6974754,4121,548,0,32816,37733,0,126949,57001,0,23026,7,0,0,0,0,1,0,75,55,0
2021-06-25,154234,68289,222523,255,25,0,5204654,1992631,7197277,4376,573,0,28734,26443,0,103535,41831,0,21945,4,0,0,0,0,0,0,20,11,0
2021-06-26,141858,56363,198221,350,18,0,5346513,2048994,7395498,4726,591,0,34073,34378,0,89178,21964,0,18329,0,0,0,0,0,1,0,278,20,0
2021-06-27,111692,66205,177897,216,24,0,5458205,2115199,7573395,4942,615,0,22561,38395,0,72603,27800,0,16460,1,0,0,0,0,0,0,68,9,0
2021-06-28,166328,43639,209967,305,39,0,5624533,2158838,7783362,5247,654,0,41668,11611,0,103678,31998,0,20824,4,0,0,0,0,0,0,158,26,0
2021-06-29,158851,85481,244332,281,34,0,5783384,2244319,8027694,5528,688,0,31136,49326,0,106621,36136,0,20978,3,0,0,0,0,0,0,116,16,0
2021-06-30,173851,96801,270652,286,44,0,5957235,2341120,8298346,5814,732,0,27924,58470,0,124576,38297,0,21276,7,0,0,0,0,0,0,75,27,0
2021-07-01,183647,86562,270209,285,44,0,6140883,2427682,8568555,6099,776,0,27345,47602,0,134889,38939,0,21397,13,0,0,0,0,1,0,16,7,0
2021-07-02,170133,70676,240809,395,48,0,6311016,2498358,8809364,6494,824,0,28233,30095,0,119831,40562,0,21991,16,0,0,0,0,0,0,78,3,0
2021-07-03,144742,79342,224084,271,61,0,6455758,2577700,9033448,6765,885,0,25945,38816,0,100138,40488,0,18608,7,0,0,0,0,0,0,51,31,0
2021-07-04,135004,80802,215806,193,64,0,6590762,2658502,9249254,6958,949,0,27183,42623,0,88843,38125,0,18928,6,0,0,0,0,0,0,50,48,0
2021-07-05,206511,121400,327911,338,88,0,6797273,2779902,9577165,7296,1037,0,34617,54097,0,150174,66570,0,21643,700,0,0,0,0,0,0,77,33,0
2021-07-06,216977,139194,356171,311,96,0,7014250,2919096,9933336,7607,1133,0,38321,57496,0,156855,81558,0,21783,22,0,0,0,0,0,0,18,118,0
2021-07-07,218739,176472,395211,363,175,0,7232989,3095568,10328547,7970,1308,0,39827,63088,0,157331,108873,0,21546,4363,0,0,0,0,0,0,35,148,0
2021-07-08,229923,160528,390451,349,179,0,7462912,3256096,10718998,8319,1487,0,40540,58812,0,167723,98286,0,21614,3349,0,0,0,0,0,0,46,81,0
2021-07-09,220595,129743,350338,507,129,0,7683507,3385839,11069336,8826,1616,0,43457,40857,0,155204,85295,0,21918,3439,0,0,0,0,0,0,16,152,0
2021-07-10,219652,116546,336198,525,151,0,7903159,3502385,11405534,9351,1767,0,51571,49593,0,149613,63420,0,18457,3503,0,0,0,0,0,0,11,30,0
2021-07-11,194654,103382,298036,433,109,0,8097813,3605767,11703570,9784,1876,0,50706,37503,0,125573,62416,0,18370,3427,0,0,0,0,0,0,5,36,0
2021-07-12,271775,162430,434205,580,246,0,8369588,3768197,12137775,10364,2122,0,74370,46002,0,176201,112958,0,21101,3418,0,0,0,0,0,0,103,52,0
2021-07-13,268382,171326,439708,647,325,0,8637970,3939523,12577483,11011,2447,0,70289,46532,0,179423,121234,0,18604,3504,0,0,0,0,0,0,66,56,0
2021-07-14,295100,163864,458964,828,262,0,8933070,4103387,13036447,11839,2709,0,81974,39972,0,192005,120504,0,21030,3337,0,0,0,0,0,0,91,51,0
2021-07-15,317636,160886,478522,757,217,0,9250706,4264273,13514969,12596,2926,0,101588,36268,0,192584,124566,0,23337,32,0,0,0,0,0,0,127,20,0
2021-07-16,283665,133938,417603,958,203,0,9534372,4398211,13932572,13554,3129,0,95855,32071,0,165075,101780,0,22560,64,0,0,0,0,1,0,175,22,0
2021-07-17,264570,131717,396287,1267,281,0,9798942,4529928,14328859,14821,3410,0,97010,35241,0,148609,86923,0,18601,9370,0,0,0,0,0,0,350,183,0
2021-07-18,252411,104008,356419,872,180,0,10051353,4633936,14685278,15693,3590,0,98562,24899,0,134339,69470,0,19249,9572,0,0,0,0,0,0,261,67,0
2021-07-19,288514,154468,442982,752,275,0,10339867,4788404,15128260,16445,3865,0,129630,39092,0,137313,105041,0,21483,10157,0,0,0,0,0,0,88,178,0
2021-07-20,208333,103404,311737,375,167,0,10548201,4891808,15439997,16820,4032,0,71542,11713,0,117936,81497,0,18808,10165,0,0,0,0,1,0,47,28,0
2021-07-21,288853,170393,459246,909,258,0,10837055,5062201,15899243,17729,4290,0,124067,32483,0,144360,127612,0,20143,10287,0,0,0,0,1,0,283,10,0
2021-07-22,343036,176719,519755,819,254,0,11180091,5238920,16418998,18548,4544,0,170443,33384,0,151983,132656,0,20584,10656,0,0,0,0,0,0,26,23,0
2021-07-23,314254,164469,478723,767,341,0,11494345,5403389,16897721,19315,4885,0,148756,31823,0,145745,121944,0,19720,10643,0,0,0,0,0,0,33,59,0
2021-07-24,295732,137571,433303,1322,237,0,11790077,5540960,17331024,20637,5122,0,148634,26956,0,129503,101438,0,17550,9113,0,0,0,0,0,0,45,64,0
2021-07-25,292276,125011,417287,1070,159,0,12082353,5665971,17748311,21707,5281,0,138142,26956,0,135986,87677,0,18118,10297,0,0,0,0,0,0,30,81,0
2021-07-26,342489,195573,538062,904,287,0,12424842,5861544,18286373,22611,5568,0,191685,35629,0,132586,146973,0,18155,12925,0,0,0,0,0,0,63,46,0
2021-07-27,366278,205807,572085,1093,266,0,12791120,6067351,18858458,23704,5834,0,214151,38702,0,133683,154109,0,18342,12969,0,0,0,0,0,0,102,27,0
2021-07-28,375015,207040,582055,1120,289,0,13166138,6274391,19440513,24824,6123,0,205985,39020,0,156836,154427,0,12090,13564,0,0,0,0,3,0,104,26,0
2021-07-29,362816,218547,581363,1153,295,0,13528958,6492938,20021876,25977,6418,0,212840,42083,0,136082,163323,0,13838,13093,0,0,0,0,4,0,56,44,0
2021-07-30,332655,202958,535613,1100,408,0,13861613,6695896,20557489,27077,6826,0,168824,42830,0,148677,147075,0,15056,13038,0,0,0,0,0,0,98,15,0
2021-07-31,336302,207538,543840,1288,414,0,14197917,6903434,21101329,28365,7240,0,170645,49390,0,150765,145226,0,14385,12893,0,0,0,0,2,0,507,27,0
2021-08-01,310293,185528,495821,854,359,0,14508212,7088962,21597150,29219,7599,0,156303,48786,0,141240,123858,0,12700,12869,0,0,0,0,2,0,50,13,0
2021-08-02,236797,252116,488913,947,467,0,14745009,7341078,22086063,30166,8066,0,157233,71419,0,75508,167579,0,4045,13014,0,0,0,0,0,0,11,104,0
2021-08-03,253874,250899,504773,1117,502,0,14998883,7591977,22590836,31283,8568,0,179690,67950,0,69979,169667,0,4085,13202,0,0,0,0,0,0,120,80,0
2021-08-04,242764,273338,516102,903,637,0,15241649,7865315,23106938,32186,9205,0,179651,78717,0,58731,180880,0,4367,13653,0,0,0,0,2,0,15,86,0
2021-08-05,235877,302774,538651,897,671,0,15477529,8168089,23645589,33083,9876,0,164918,99211,0,66554,189851,0,4296,13685,0,0,0,0,3,0,109,24,0
2021-08-06,205132,265744,470876,694,805,0,15682662,8433833,24116465,33777,10681,0,125713,93267,0,64937,157617,0,14465,14839,0,0,0,0,1,0,17,20,0
2021-08-07,204881,247111,451992,789,976,0,15887544,8680944,24568457,34566,11657,0,110226,89076,0,72297,143474,0,22302,14528,0,0,0,0,1,0,56,32,0
2021-08-08,172226,239587,411813,615,711,0,16059771,8920531,24980270,35181,12368,0,79929,93815,0,68275,131699,0,24001,14052,0,0,0,0,1,0,21,20,0
2021-08-09,203319,284543,487862,673,729,0,16263094,9205074,25468132,35854,13097,0,98850,128611,0,66658,136155,0,37741,19735,0,0,0,0,4,0,70,38,0
2021-08-10,176935,201640,378575,1370,295,0,16440031,9406714,25846707,37224,13392,0,77044,69864,0,65339,113248,0,34536,18149,0,0,0,0,2,0,16,377,0
2021-08-11,244922,274574,519496,1128,796,0,16684957,9681288,26366203,38352,14188,0,101571,122698,0,99763,136147,0,43583,15671,0,0,0,0,4,0,5,54,0
2021-08-12,218438,333747,552185,1006,650,0,16903398,10015035,26918388,39358,14838,0,85182,166380,0,95751,145985,0,37448,21329,0,0,0,0,3,0,57,50,0
2021-08-13,185873,310984,496857,1199,654,0,17089274,10326019,27415245,40557,15492,0,55376,144858,0,104996,141855,0,25479,24102,0,0,0,0,3,0,22,166,0
2021-08-14,181244,289529,470773,984,1148,0,17270518,10615548,27886018,41541,16640,0,40732,144386,0,114631,124698,0,25750,20407,0,0,0,0,0,0,131,38,0
2021-08-15,158465,281626,440091,837,858,0,17428984,10897174,28326109,42378,17498,0,35435,130511,0,103780,129809,0,18893,21270,0,0,0,0,1,0,357,35,0
2021-08-16,191128,335086,526214,1353,724,0,17620112,11232260,28852323,43731,18222,0,39462,180664,0,131527,129175,0,20082,25174,0,0,0,0,0,0,57,73,0
2021-08-17,199226,350049,549275,1130,911,0,17819342,11582309,29401598,44861,19133,0,36122,197938,0,143480,128175,0,19570,23862,0,0,0,0,4,0,54,70,0
2021-08-18,207365,364586,571951,1240,888,0,18026713,11946895,29973549,46101,20021,0,32972,187377,0,155012,153359,0,19292,23806,0,0,0,0,6,0,89,38,0
2021-08-19,197154,351761,548915,1063,969,0,18223873,12298656,30522464,47164,20990,0,37394,190996,0,141194,135602,0,18553,25090,0,0,0,0,6,0,13,67,0
2021-08-20,173180,341288,514468,1065,981,0,18397054,12639944,31036932,48229,21971,0,65612,167715,0,97958,148460,0,9552,25053,0,0,0,0,1,0,58,59,0
2021-08-21,175406,325599,501005,1070,996,0,18572470,12965543,31537937,49299,22967,0,76705,157997,0,88971,147471,0,9722,20051,0,0,0,0,10,0,8,70,0
2021-08-22,151073,314303,465376,990,706,0,18723545,13279846,32003313,50289,23673,0,75939,154345,0,66517,140676,0,8589,19225,0,0,0,0,2,0,28,55,0
2021-08-23,162556,256333,418889,1009,709,0,18886102,13536179,32422202,51298,24382,0,101950,156420,0,49208,74116,0,11383,25779,0,0,0,0,1,0,15,17,0
2021-08-24,170036,276465,446501,1280,772,0,19056139,13812644,32868703,52578,25154,0,104813,183192,0,52952,70106,0,12265,23097,0,0,0,0,1,0,6,69,0
2021-08-25,176555,275066,451621,1341,775,0,19232695,14087710,33320324,53919,25929,0,111274,189319,0,55107,62727,0,10163,22999,0,0,0,0,1,0,11,20,0
2021-08-26,172590,266930,439520,1408,743,0,19407248,14354640,33759844,55327,26672,0,110895,169893,0,49636,72166,0,11874,22845,0,0,0,0,1963,0,185,63,0
2021-08-27,159333,218000,377333,1449,647,0,19567959,14572640,34137177,56776,27319,0,101701,128202,0,47118,66836,0,10506,21550,0,0,0,0,1378,0,8,34,0
2021-08-28,163019,210204,373223,1992,597,0,19737914,14782844,34510400,58768,27916,0,104049,108093,0,46490,76630,0,12476,18502,0,0,0,0,6936,0,4,43,0
2021-08-29,154204,177911,332115,1504,520,0,19899838,14960755,34842515,60272,28436,0,107289,80158,0,34234,73731,0,12655,16286,0,0,0,0,7720,0,26,16,0
2021-08-30,196220,195765,391985,2381,507,0,20100321,15156520,35234500,62653,28943,0,152520,100663,0,32672,69903,0,10996,20922,0,0,0,0,4263,0,32,14,0
2021-08-31,129265,158118,287383,1712,674,0,20232143,15314638,35521883,64365,29617,0,103865,70552,0,16632,64007,0,8712,20986,0,0,0,0,2557,0,56,16,0
2021-09-01,201791,229116,430907,2557,770,0,20436680,15543754,35952790,66922,30387,0,157087,106898,0,31964,97919,0,12340,21513,0,0,0,0,2746,0,400,40,0
2021-09-02,196983,207431,404414,2582,632,0,20637303,15751185,36357204,69504,31019,0,160430,86691,0,23223,95491,0,13199,21584,0,0,0,0,3640,0,131,25,0
2021-09-03,156935,202013,358948,2252,1206,0,20800076,15953198,36716152,71756,32225,0,125223,63141,0,25331,110912,0,6288,22098,0,0,0,0,5838,0,93,24,0
2021-09-04,148056,187563,335619,2435,653,0,20955570,16140761,37051771,74191,32878,0,114672,46606,0,24076,114747,0,9284,18752,0,0,0,0,7438,0,24,20,0
2021-09-05,145754,170827,316581,2325,617,0,21108415,16311588,37368352,76516,33495,0,115648,42253,0,21311,102063,0,8773,19096,0,0,0,0,7091,0,22,324,0
2021-09-06,143297,199891,343188,2564,997,0,21254694,16511479,37711540,79080,34492,0,118462,46810,0,19118,128187,0,5660,21867,0,0,0,0,2982,0,57,45,0
2021-09-07,144488,207284,351772,2622,693,0,21401693,16718763,38063312,81702,35185,0,122483,41050,0,19836,141544,0,2125,22115,0,0,0,0,2511,0,44,64,0
2021-09-08,138898,213044,351942,8514,721,0,21542812,16931807,38415254,90216,35906,0,110949,38042,0,24193,151162,0,3556,21573,0,0,0,0,2221,0,200,46,0
2021-09-09,145398,207795,353193,14525,720,0,21692300,17139602,38768447,104741,36626,0,117865,42577,0,23624,139217,0,3697,21893,0,0,0,0,4090,0,212,18,0
2021-09-10,119858,197706,317564,21884,935,0,21818504,17337308,39086011,126625,37561,0,97035,68773,0,19499,100300,0,3148,22259,0,0,0,0,6346,0,176,28,0
2021-09-11,96494,189557,286051,23140,783,0,21922576,17526865,39372062,149765,38344,0,76498,75772,0,18635,87261,0,1353,18908,0,0,0,0,7578,0,8,38,0
2021-09-12,84361,166603,250964,17120,729,0,22012879,17693468,39623026,166885,39073,0,69325,75249,0,13932,66786,0,1029,18610,0,0,0,0,5942,0,75,16,0
2021-09-13,78422,173031,251453,6513,846,0,22095395,17866499,39874479,173398,39919,0,61247,97262,0,16011,50385,0,1087,21285,0,0,0,0,4094,0,77,5,0
2021-09-14,78264,189253,267517,7445,1079,0,22179363,18055752,40141996,180843,40998,0,60284,108160,0,17260,56473,0,718,18896,0,0,0,0,5704,0,2,20,0
2021-09-15,74625,199128,273753,8580,1090,0,22257699,18254880,40415749,189423,42088,0,60506,116196,0,13054,57907,0,1065,21306,0,0,0,0,3711,0,0,8,0
2021-09-16,66260,154130,220390,21312,870,0,22327047,18409010,40636139,210735,42958,0,55494,82719,0,10331,45205,0,435,23103,0,0,0,0,3088,0,0,15,0
2021-09-17,81100,181880,262980,34275,1279,0,22411634,18590890,40899119,245010,44237,0,69726,104129,0,10768,51789,0,606,22443,0,0,0,0,3487,0,0,32,0
2021-09-18,78989,176027,255016,32352,1616,0,22495182,18766917,41154135,277362,45853,0,68254,104191,0,10008,48492,0,693,18775,0,32,0,0,4559,0,2,10,0
2021-09-19,66554,171551,238105,30240,1298,0,22564844,18938468,41392240,307602,47151,0,58013,110264,0,8360,37641,0,153,20531,0,28,0,0,3108,0,0,7,0
2021-09-20,101445,211013,312458,61957,1847,0,22668878,19149481,41704698,369559,48998,0,91239,149771,0,9936,36234,0,165,22396,0,104,0,0,2589,0,1,23,0
2021-09-21,127477,148201,275678,93402,1399,0,22800091,19297682,41980376,462961,50397,0,119067,103824,0,7692,20184,0,590,20436,0,127,0,0,3736,0,1,21,0
2021-09-22,126806,214400,341206,94853,1797,0,22932024,19512082,42321582,557814,52194,0,118599,153654,0,8024,34027,0,52,21563,0,130,0,0,5127,0,1,29,0
2021-09-23,139148,208595,347743,107599,1906,0,23073341,19720677,42669325,665413,54100,0,131198,158917,0,7691,26254,0,59,21235,0,200,0,0,2169,0,0,20,0
2021-09-24,123507,168612,292119,98805,1701,0,23198064,19889289,42961444,764218,55801,0,115967,120103,0,7327,27458,0,77,19817,0,135,1,0,1216,0,1,17,0
2021-09-25,120120,158076,278196,100243,1901,0,23320523,20047365,43239640,864461,57702,0,114248,111015,0,5248,26734,0,557,17970,0,67,0,0,2339,0,0,18,0
2021-09-26,121086,162311,283397,100589,1873,0,23443449,20209676,43523037,965050,59575,0,114998,112576,0,5574,24080,0,465,23802,0,49,0,0,1840,0,0,13,0
2021-09-27,176103,161866,337969,152778,2029,0,23620621,20371542,43861006,1117828,61604,0,169994,115305,0,5683,22065,0,329,23411,0,95,0,0,1069,0,2,16,0
2021-09-28,173859,170368,344227,150838,2201,0,23797078,20541910,44205233,1268666,63805,0,168499,121570,0,4947,22472,0,355,23677,0,57,0,0,2598,0,1,51,0
2021-09-29,197189,158400,355589,175067,7559,0,23995653,20700310,44560822,1443733,71364,0,191507,113498,0,4797,23992,0,763,19503,0,120,0,0,1386,0,2,21,0
2021-09-30,171508,172081,343589,149384,13541,0,24171013,20872391,44904411,1593117,84905,0,165833,121685,0,5244,25704,0,287,20753,0,143,0,0,3852,0,1,87,0
2021-10-01,105794,143347,249161,90065,20231,20,24278415,21015738,45153572,1683182,105136,20,102305,87048,16,3257,19740,4,86,34928,0,138,1,0,1608,0,8,22,0
2021-10-02,92808,130971,223783,82787,21705,4,24372991,21146709,45377355,1765969,126841,24,89319,76678,4,3251,19407,0,119,33089,0,116,0,0,1768,0,3,29,0
2021-10-03,99461,118782,218248,88731,17097,5,24473227,21265491,45595603,1854700,143938,29,96351,70576,5,2957,13849,0,17,33566,0,133,0,0,775,0,3,16,0
2021-10-04,130112,106483,236715,113975,6255,120,24604875,21371974,45832318,1968675,150193,149,126093,63008,120,3724,14660,0,150,27265,0,142,0,0,1536,0,3,14,0
2021-10-05,126014,108702,234820,108585,7163,104,24733067,21480676,46067138,2077260,157356,253,122194,62276,103,3563,17302,1,136,26919,0,118,0,0,2178,0,3,27,0
2021-10-06,115597,103892,219525,99840,8998,36,24851168,21584568,46286663,2177100,166354,289,112120,63380,36,3135,13377,0,168,24602,0,171,0,0,2504,0,3,29,0
2021-10-07,110080,95019,205165,93151,19876,66,24963346,21679587,46491828,2270251,186230,355,106009,56717,66,3834,10802,0,22,25387,0,210,0,0,2098,0,5,15,0
2021-10-08,75969,108051,184626,63179,31318,606,25041086,21787638,46676454,2333430,217548,961,71860,68635,603,3858,12282,3,26,25308,0,221,0,0,1771,0,4,55,0
2021-10-09,41092,110243,151354,32357,29971,19,25083643,21897881,46827808,2365787,247519,980,38132,61433,4,2717,13312,14,79,33964,0,164,23,0,1465,0,0,46,1
2021-10-10,33070,104083,137155,24126,30653,2,25117549,22001964,46964963,2389913,278172,982,30716,59742,1,2172,10166,1,19,33290,0,162,28,0,836,0,1,21,0
2021-10-11,54185,142169,196392,40251,56108,38,25173590,22144133,47161355,2430164,334280,1020,50877,89206,37,3019,11887,1,86,39087,0,202,104,0,1856,0,1,29,0
2021-10-12,57343,159819,217229,43258,90692,67,25232740,22303952,47378584,2473422,424972,1087,53994,119324,51,3119,10505,16,72,28029,0,157,126,0,1807,0,1,28,0
2021-10-13,53243,162390,217817,38843,87659,2184,25287496,22466342,47596401,2512265,512631,3271,50248,115593,2169,2718,10408,15,54,34704,0,220,136,0,1513,0,3,36,0
2021-10-14,42320,171025,216648,27340,101953,3303,25331926,22637367,47813049,2539605,614584,6574,39005,131742,3283,2925,9408,13,54,27518,7,334,184,0,2110,0,2,63,0
2021-10-15,37106,138145,185599,25074,90688,10348,25370857,22775512,47998648,2564679,705272,16922,33833,110924,10314,3034,8623,29,30,16584,5,202,126,0,1825,0,7,63,0
2021-10-16,16390,118063,138046,11159,83308,3593,25387954,22893575,48136694,2575838,788580,20515,14084,97464,3569,2057,5247,24,9,14537,0,239,74,0,707,0,1,34,0
2021-10-17,16987,122822,142527,12027,94548,2718,25406194,23016397,48279221,2587865,883128,23233,15238,108034,2716,1553,4869,0,2,8607,0,194,40,0,1253,0,0,19,2
2021-10-18,32883,174706,216812,21235,139330,9223,25440339,23191103,48496033,2609100,1022458,32456,29539,157840,9196,2989,5678,27,15,9781,0,330,88,0,1262,0,10,57,0
2021-10-19,15190,123320,139912,8443,101812,1402,25456515,23314423,48635945,2617543,1124270,33858,13202,112304,1402,1793,2348,0,2,7619,0,191,36,0,986,0,2,27,0
2021-10-20,30914,220367,268563,18387,183482,17282,25488727,23534790,48904508,2635930,1307752,51140,28292,203947,17261,2267,4841,16,85,10077,1,263,155,0,1298,1,7,49,3
2021-10-21,32428,194175,247098,19042,155344,20495,25522802,23728965,49151606,2654972,1463096,71635,29269,175105,20484,2818,5375,7,7,11880,1,328,125,0,1647,1,6,43,2
2021-10-22,27952,119969,166744,17209,92838,18823,25552806,23848934,49318350,2672181,1555934,90458,24937,106616,18764,2703,4175,48,8,6982,1,287,125,0,2052,0,17,19,10
2021-10-23,11940,100594,121076,6736,81803,8542,25565338,23949528,49439426,2678917,1637737,99000,10047,89200,8532,1696,3938,5,3,6733,2,187,98,1,592,0,7,33,2
2021-10-24,11388,112068,132212,5888,93545,8756,25577629,24061596,49571638,2684805,1731282,107756,9182,101787,8747,2020,2689,1,13,6566,1,167,90,0,903,7,6,33,0
2021-10-25,23962,146709,193047,15062,120989,22376,25602929,24208305,49764685,2699867,1852271,130132,21527,134830,22352,2144,4310,11,4,6090,5,278,126,0,1338,0,9,15,8
2021-10-26,25092,141687,189739,14828,114579,22960,25629152,24349992,49954424,2714695,1966850,153092,22608,129421,22901,2193,6109,28,6,4861,5,256,130,0,1131,3,29,35,23
2021-10-27,19674,128426,176560,11185,103680,28460,25650148,24478418,50130984,2725880,2070530,181552,17331,117074,26961,1962,5892,35,5,3894,14,366,193,3,1322,0,10,51,1447
2021-10-28,19820,120690,193587,10407,96794,53077,25671281,24599108,50324571,2736287,2167324,234629,17613,110289,49952,1930,5749,102,7,3110,5,257,197,41,1313,0,13,32,2977
2021-10-29,15577,84452,145681,8106,66769,45652,25687569,24683560,50470252,2744393,2234093,280281,13312,77302,44850,1980,4293,72,1,1919,1,279,196,19,711,1,5,31,709
2021-10-30,7153,51880,80155,3153,37187,21122,25695275,24735440,50550407,2747546,2271280,301403,5113,43756,20859,1820,3162,61,0,4235,0,217,153,19,553,1,3,21,182
2021-10-31,6520,44013,67421,3142,29954,16888,25702203,24779453,50617828,2750688,2301234,318291,4815,36249,16671,1549,2211,41,0,4997,0,155,136,5,408,0,1,12,171
2021-11-01,9670,58313,112517,3887,40904,44534,25712419,24837766,50730345,2754575,2342138,362825,7746,50536,43475,1625,3429,143,4,3578,0,293,208,15,546,0,2,16,901
2021-11-02,9597,58970,126287,3437,42707,57720,25722785,24896736,50856632,2758012,2384845,420545,8018,52445,56545,1239,3575,254,8,2005,0,331,154,15,769,1,1,22,905
2021-11-03,8634,45072,119163,2979,28051,65457,25731893,24941808,50975795,2760991,2412896,486002,6990,39960,63296,1332,3121,441,0,1250,1,307,252,30,474,0,5,15,1689
2021-11-04,3070,19609,44063,1071,11065,21384,25735205,24961417,51019858,2762062,2423961,507386,2242,15755,20623,705,1766,202,0,1568,0,123,271,0,242,0,0,7,559
2021-11-05,5825,31925,86130,1762,17927,48380,25741205,24993342,51105988,2763824,2441888,555766,4403,25757,47024,1208,3392,406,0,2406,0,212,187,50,175,0,2,8,900
2021-11-06,4921,14042,44819,1721,6304,25856,25746355,25007384,51150807,2765545,2448192,581622,3349,9078,24844,1358,1979,492,56,2547,1,154,204,27,229,0,4,5,492
2021-11-07,3605,14782,41083,1069,7774,22696,25750161,25022166,51191890,2766614,2455966,604318,2451,11654,21812,1054,1559,417,0,1240,0,98,115,13,201,0,2,13,454
2021-11-08,6518,45782,112544,2087,31571,60244,25756986,25067948,51304434,2768701,2487537,664562,5292,40782,58202,1061,3322,557,3,1056,1,158,299,18,307,0,4,16,1466
2021-11-09,8250,31809,119244,2301,21987,79185,25765684,25099757,51423678,2771002,2509524,743747,6714,28016,76173,1290,2376,572,1,746,0,242,220,30,448,0,3,3,2410
2021-11-10,7994,39968,135439,2905,26595,87477,25774099,25139725,51559117,2773907,2536119,831224,6616,35636,85675,1182,2757,716,4,845,0,189,299,13,421,0,3,10,1073
2021-11-11,8783,45137,148555,3609,29243,94635,25783510,25184862,51707672,2777516,2565362,925859,7467,39121,92328,1124,3221,857,0,1828,2,192,308,39,628,11,0,31,1398
2021-11-12,7535,35029,118385,2302,23301,75821,25791348,25219891,51826057,2779818,2588663,1001680,6074,30017,73955,1033,2844,1034,1,1591,0,425,264,41,303,0,2,10,791
2021-11-13,3410,16649,58932,911,9892,38873,25795150,25236540,51884989,2780729,2598555,1040553,2395,13476,37553,841,1800,948,2,784,0,171,190,42,392,0,1,7,330
2021-11-14,3276,11551,46205,1140,6234,31378,25798851,25248091,51931194,2781869,2604789,1071931,2603,8965,30595,556,1736,507,4,248,13,113,174,18,425,0,0,3,245
2021-11-15,6129,27665,106051,1921,18145,72257,25805459,25275756,52037245,2783790,2622934,1144188,4737,23703,69679,846,2477,1484,404,683,11,142,229,34,479,0,0,94,1049
2021-11-16,6869,26827,124412,2143,16076,90716,25812824,25302583,52161657,2785933,2639010,1234904,5768,21744,88070,929,2640,1364,16,1682,36,155,255,34,496,0,1,10,1212
2021-11-17,6386,21471,121859,2064,11976,94002,25819462,25324054,52283516,2787997,2650986,1328906,5117,17703,90785,1018,2343,1537,20,789,19,228,378,47,252,0,3,6,1614
2021-11-18,7140,21701,127519,2555,11555,98678,25826960,25345755,52411035,2790552,2662541,1427584,6097,18090,95725,830,2498,1693,9,491,10,198,254,35,358,0,6,10,1215
2021-11-19,6650,17953,108467,2318,9351,83864,25834093,25363708,52519502,2792870,2671892,1511448,5576,14526,80887,907,2356,1940,11,282,7,153,300,65,483,0,3,6,965
2021-11-20,2925,6645,47630,1369,2128,38060,25837191,25370353,52567132,2794239,2674020,1549508,2301,3861,36004,518,1803,1726,13,629,6,93,164,70,173,0,0,15,254
2021-11-21,2520,5217,38724,763,2194,30987,25839747,25375570,52605856,2795002,2676214,1580495,1807,3526,25488,366,1325,1292,241,184,12,93,145,36,36,0,13,1,4159
2021-11-22,5164,12430,112314,1490,5698,94720,25844925,25388000,52718170,2796492,2681912,1675215,3939,9724,91077,877,2019,2422,163,395,34,184,278,94,14,0,1,0,1093
2021-11-23,5480,11036,139134,1710,4508,122618,25850430,25399036,52857304,2798202,2686420,1797833,4383,8898,117964,759,1676,2934,191,190,22,146,247,55,25,0,1,0,1643
2021-11-24,5355,9054,142555,1575,2927,128146,25855813,25408090,52999859,2799777,2689347,1925979,4197,6836,121111,774,1716,4395,221,163,17,163,310,90,28,0,0,1,2533
2021-11-25,5965,6311,143261,1888,1978,130985,25861830,25414401,53143120,2801665,2691325,2056964,4720,4103,124499,637,1214,4401,465,752,118,143,190,118,52,0,0,0,1849
2021-11-26,4991,6989,116181,1425,2058,104201,25866840,25421390,53259301,2803090,2693383,2161165,3972,4858,97463,759,1582,5120,125,321,168,135,209,100,19,0,0,0,1350
2021-11-27,2532,5522,56382,621,2139,48328,25869387,25426912,53315683,2803711,2695522,2209493,1775,3656,41584,515,1605,6072,146,71,129,96,175,98,15,0,0,0,445
2021-11-28,2112,3795,43578,571,1087,37671,25871728,25430707,53359261,2804282,2696609,2247164,1699,2467,33668,333,945,3439,0,37,185,80,110,119,229,0,0,7,260
2021-11-29,4583,7033,111487,1664,2253,99871,25876451,25437740,53470748,2805946,2698862,2347035,3847,5161,92188,593,1316,6439,40,273,385,103,142,146,140,1,0,1,712
2021-11-30,4750,8937,138560,1733,2479,124873,25881766,25446677,53609308,2807679,2701341,2471908,3992,6628,116082,658,1380,7121,0,151,300,100,212,130,565,0,0,1,1240
2021-12-01,4797,8306,145786,1949,2668,132683,25887401,25454983,53755094,2809628,2704009,2604591,3926,6010,119990,764,1136,12047,0,139,512,107,182,110,838,1,0,1,23
2021-12-02,5470,9192,153906,2183,3330,139244,25893117,25464175,53909000,2811811,2707339,2743835,4555,7263,123936,802,1249,14907,2,212,258,111,221,107,246,2,0,1,34
2021-12-03,4447,7033,128543,1710,2229,117063,25897746,25471208,54037543,2813521,2709568,2860898,3490,5265,100601,824,1079,16143,0,119,176,133,388,134,182,0,0,0,9
2021-12-04,3241,4200,70720,1657,1480,63279,25901131,25475408,54108263,2815178,2711048,2924177,2611,2972,48587,504,832,13707,9,71,864,117,181,114,144,0,0,0,7
2021-12-05,1720,2808,56356,607,955,51828,25902973,25478216,54164619,2815785,2712003,2976005,1226,2141,41785,400,429,9128,6,1,798,88,115,115,122,0,0,0,2
2021-12-06,4824,6450,101070,1943,2195,89796,25908072,25484666,54265689,2817728,2714198,3065801,3999,4855,70588,674,1029,18248,0,141,745,129,150,204,275,0,22,0,11
2021-12-07,4706,6995,127759,1710,2182,116058,25913061,25491661,54393448,2819438,2716380,3181859,3879,5457,93739,721,1020,21255,1,110,867,103,122,187,283,0,2,3,10
2021-12-08,4753,6674,129128,1853,2167,117701,25918063,25498335,54522576,2821291,2718547,3299560,3922,5028,93608,706,1155,22530,0,84,1292,125,157,247,249,12,0,1,12
2021-12-09,4867,7827,143855,1926,2754,131161,25923182,25506162,54666431,2823217,2721301,3430721,4098,6200,104960,657,1010,25045,0,141,1007,112,215,124,252,4,0,9,21
2021-12-10,3849,6951,126364,1307,2254,115564,25927262,25513113,54792795,2824524,2723555,3546285,3183,5419,90484,565,1075,22107,0,64,1533,94,160,128,231,0,7,2,1312
2021-12-11,1395,2445,72026,345,1143,68186,25928686,25515558,54864821,2824869,2724698,3614471,935,1871,50134,393,465,16862,8,22,530,58,58,88,29,0,1,0,572
2021-12-12,1444,2123,68238,481,716,64671,25930207,25517681,54933059,2825350,2725414,3679142,1106,1621,49756,284,340,13763,2,8,662,51,73,47,77,4,1,4,439
2021-12-13,4019,5178,130968,1561,1798,121771,25934348,25522859,55064027,2826911,2727212,3800913,3364,3966,99494,574,802,19608,4,136,1573,76,152,103,122,0,1,0,993
2021-12-14,4030,5293,163497,1482,1630,154174,25938570,25528152,55227524,2828393,2728842,3955087,3376,4056,128767,588,773,20786,2,136,1684,61,135,67,192,0,3,1,2870
2021-12-15,4115,5417,170384,1598,1588,160852,25942985,25533569,55397908,2829991,2730430,4115939,3412,3984,2737,606,905,1135,12,64,72,85,163,16,300,0,0,1,156892
2021-12-16,4354,6153,173458,1801,2148,162951,25947488,25539722,55571366,2831792,2732578,4278890,3681,5039,9268,555,725,2185,5,82,213,108,146,14,149,1,5,12,151270
2021-12-17,3035,4797,161314,962,1429,153482,25950659,25544519,55732680,2832754,2734007,4432372,2377,3605,2895,542,847,962,25,72,32,91,137,24,136,0,0,0,149569
2021-12-18,1115,2051,71683,225,415,68517,25951907,25546570,55804363,2832979,2734422,4500889,668,1178,1428,404,629,654,0,35,53,43,75,7,133,1,0,1,66374
2021-12-19,1325,1971,78205,445,548,74909,25953422,25548541,55882568,2833424,2734970,4575798,878,1064,52800,204,226,9241,4,18,2057,7,35,33,190,1,232,438,10777
