date,0,1,2,3,4,5,6,7,8,9,10,11,12,13,14,15,16,17,18,19,20,21,22,23,24,25,26,27,28,29,30,31,32,33,34,35,36,37,38,39,40,41,42,43,44,45,46,47
2020-12-01,6395,4052,2611,2005,1660,1574,1371,1421,1736,3316,7961,25196,52503,130025,260459,487275,589956,622652,607775,601831,622364,615467,627128,669364,801754,831169,848726,696972,649743,613763,587982,549878,528499,497217,541013,591255,630124,602570,533079,499436,484926,400220,287114,165690,95964,58921,34247,15906
2020-12-02,6615,3957,2682,1974,1721,1581,1438,1480,1867,3378,8253,26497,56792,139687,277312,508220,612710,645687,613719,601815,619992,617798,631502,674280,811867,837592,851573,696530,652126,618349,595056,556019,527820,502556,550235,596717,639260,611787,539724,503532,483593,397703,287540,165463,96497,60809,35813,16608
2020-12-03,6920,3943,2936,2150,1755,1490,1499,1590,1842,3500,8169,25687,55644,135933,268926,487973,584597,610616,589348,586045,608647,604825,617892,659293,792076,818396,836594,682480,636611,594575,568155,538281,507600,475773,515214,556486,589587,570865,521526,492463,468638,381225,275301,159941,95561,61119,36086,17350
2020-12-04,7404,4759,3064,2223,1791,1699,1543,1614,2115,3511,8441,27177,57741,136834,269189,483225,586855,625518,608907,608809,635336,631601,644903,683592,825833,923503,884577,689087,647664,620169,607824,582090,555542,522614,559748,603054,645704,636042,587843,562922,552979,464684,347722,211850,128239,81293,48715,23330
2020-12-05,9520,5907,3871,2662,2181,1769,1727,1718,2237,3696,8345,25391,53247,121701,223646,373478,470743,537549,589369,627339,695612,710804,743547,780108,852867,843240,845548,792314,771881,749059,731588,706541,692332,659717,681027,704550,726066,699774,638364,607971,597757,501530,375434,229508,138917,89817,53057,26056
2020-12-06,10576,6160,4108,2880,2135,1722,1547,1616,2126,3087,7001,21496,41632,88940,162494,279722,373038,449743,528517,598322,683071,715697,750685,783420,816496,820549,813084,758420,752518,738206,724723,696985,671664,641708,659220,684291,696475,659566,591162,553031,525195,425285,305157,175093,100901,63201,36418,17190
2020-12-07,6427,3917,2559,1972,1601,1385,1216,1415,1917,3390,7470,25665,54740,130902,261962,494276,595631,628253,606168,601730,628089,627310,643445,686982,820224,855972,878133,720919,672652,633596,598233,535560,492469,470668,525449,578041,615227,596581,543380,509581,500643,417229,303309,177030,104886,66033,38675,18542
2020-12-08,6677,3905,2774,1962,1635,1435,1362,1548,2136,3573,8292,26418,58595,140196,278144,517488,624352,651995,622174,610764,634217,628392,639859,686594,826354,859421,879312,715444,668002,630706,602185,564621,534002,500491,538806,582586,621206,605829,551180,521754,514082,424398,310028,181445,109545,68386,41109,19499
2020-12-09,7293,4150,2768,2089,1645,1478,1438,1607,2213,3677,8521,26391,59880,143102,285569,528613,638660,663422,630118,618241,637805,631047,643129,689891,832388,866572,882470,715880,665295,628573,595813,554264,521086,490534,537825,592864,631983,602236,538863,511082,504799,428687,313172,187088,112736,72031,43041,20354
2020-12-10,7721,4377,2963,2155,1869,1657,1399,1589,2104,3533,8575,26169,58706,138523,274604,510352,608299,638068,616124,603653,628639,622765,637756,683266,819707,841052,838182,668708,620877,586527,565793,542638,524999,496588,528477,568955,611798,597670,552921,520017,512845,435958,328880,201179,125283,82230,49542,24501
2020-12-11,9428,5800,3874,2731,2263,1989,1905,1983,2464,3966,9189,26836,58183,130192,251596,441191,538846,580172,590540,608530,659804,667797,690231,735608,861882,938535,901191,724307,704482,681270,667151,637464,606885,568794,598262,634810,666772,659860,620869,587752,586976,501650,383339,239711,150732,100285,61315,29114
2020-12-12,11545,6710,4290,3026,2210,1841,1662,1888,2312,3712,8548,24713,54422,117062,215628,361921,460263,529309,582582,622022,695372,716197,752557,797578,877510,877180,881230,826776,805851,783379,766509,729678,697737,654154,664672,682707,694382,660238,605237,586559,576108,480726,359850,226529,139999,95490,58236,29283
2020-12-13,12273,7109,4504,3077,2095,1757,1538,1652,2163,3109,7285,20389,40921,83499,155165,272441,365798,443595,521269,591280,676520,711140,747714,787999,829770,837715,837920,784987,774567,758314,740672,712255,688125,652730,668409,691392,719266,704057,641280,596029,561978,456070,333384,198598,118478,77349,46362,22255
2020-12-14,8887,4889,3294,2200,1699,1484,1304,1387,1981,3754,9287,25927,55895,127412,252951,485038,590637,627484,606865,604079,629087,630980,650094,692227,825981,853696,873116,713097,651661,604758,575147,544617,516409,486243,520023,560688,590847,562798,511001,476692,472327,391196,282957,164500,98535,64017,38773,18862
2020-12-15,7311,4231,2906,2033,1615,1465,1475,1553,2106,3825,9749,27180,61034,139952,275096,514327,623722,655224,628628,614340,634251,627814,641064,687330,821327,832134,833154,686772,647493,608294,580846,546747,514991,484962,514038,551469,598321,589236,545458,510452,493974,400493,299718,180669,110701,71050,42575,20886
2020-12-16,8324,4620,3139,2038,1772,1413,1517,1595,2212,3778,9743,26843,60076,138744,273716,514974,630243,665704,636413,620754,644183,638644,653713,697630,845023,877585,895173,728974,680522,636339,598606,549344,503341,484611,534465,588981,637659,611490,549817,516044,498048,412711,306992,185948,111666,71014,43820,20937
2020-12-17,8678,4979,3257,2253,1790,1565,1495,1639,2166,3672,9606,26637,60289,137484,269536,504195,613994,649276,621208,612886,632869,630999,650521,700841,848395,884792,903804,743536,692300,651215,619832,592616,566571,528969,552209,587920,624187,619114,588393,560956,552141,463633,342313,205741,125445,81418,48214,23538
2020-12-18,9889,5782,3655,2689,2045,1846,1563,1915,2298,3887,9868,27158,59257,127450,250316,465284,576940,624949,616873,619929,652507,656255,674704,723784,875212,979641,954579,740659,711418,676397,639231,602671,584756,555742,583202,624193,669985,663015,623493,596675,596908,509145,389480,245790,153581,103115,64103,31995
2020-12-19,13494,7933,4975,3549,2605,2134,1927,1974,2470,3920,9463,25591,57954,120103,216792,366640,468382,540305,595459,633873,704164,729866,768083,815068,897334,899996,912774,862583,845063,824186,810510,781959,761186,728646,736593,752685,771831,755213,705172,668512,667641,568838,434657,271788,168603,115978,71268,36433
2020-12-20,15713,9115,5646,3892,2438,2011,1719,1755,2231,3362,7486,20342,45108,88242,155053,265507,354904,434292,511461,583726,677642,717275,761608,806349,857286,871461,872025,820348,817639,803565,789283,759909,734720,700817,707065,728755,748551,724638,659137,607406,590720,487574,357023,212061,126116,82636,48917,23746
2020-12-21,9956,5883,3545,2464,1775,1489,1371,1609,2143,3670,9514,25799,57044,126161,241543,468544,573523,616935,607163,609432,642828,647729,671901,717310,848866,884023,906091,757104,717984,683949,653613,612873,571751,535044,557096,593218,627493,612854,564952,521499,523996,443942,328008,196095,117185,75832,45571,21825
2020-12-22,9293,5333,3576,2451,1921,1582,1487,1683,2164,3859,9564,26129,60018,134839,264549,498896,606854,645210,623335,619538,652941,653061,678607,728185,875039,910129,926285,765487,718784,683517,656455,618110,583398,546505,573546,617466,662645,651250,613409,576195,583343,495779,366251,217933,129732,83207,49525,24173
2020-12-23,10234,5861,3650,2468,2042,1755,1556,1751,2390,3856,9888,26469,61534,136504,267448,502614,616607,655411,641067,639072,674709,681702,705493,757364,903660,938421,957708,799117,754723,718937,691697,655518,622423,588713,617878,666097,714131,694739,640929,601633,616832,530387,396411,236035,139603,90789,55328,27078
2020-12-24,11415,6599,4349,2968,2227,1892,1704,1948,2558,3997,9735,25964,60324,131743,255372,473039,574144,622670,624965,639177,693885,707632,740688,786026,909329,939350,960968,830048,792104,760125,735463,702184,665621,624725,633515,664671,698571,693347,664542,636280,649903,576404,453166,293891,184696,129021,83681,45358
2020-12-25,20213,13118,8601,5782,4053,3069,2766,2548,3006,4130,9053,23027,49615,89331,156481,256628,332343,409164,483088,550846,640958,681236,724107,764532,818973,856408,856833,737530,758753,761308,757714,734459,712454,677233,670524,703439,730361,719159,679916,626196,637617,558091,430935,270313,166203,114668,71173,35779
2020-12-26,15159,9137,5637,3636,2348,2028,1667,1897,2405,3492,8456,22479,50870,99449,181012,309737,401902,474271,534204,586732,668046,697738,744043,792210,871306,869821,867466,809204,790379,760348,733018,678921,642277,615606,619527,642393,672896,653717,593708,548636,554638,476654,367443,234241,148436,101548,61796,32284
2020-12-27,14879,9285,5820,3777,2476,1903,1659,1775,2238,3197,7061,18357,43393,80860,146883,252839,345275,426921,503547,573298,656711,691591,731287,773108,824326,833687,824337,774166,762939,748335,730317,702690,681836,650567,650827,675014,697484,680463,633254,588412,577968,490205,369238,228885,138989,92590,55280,27785
2020-12-28,11971,7174,4598,3146,2118,1676,1519,1616,2221,3712,9371,23962,54743,117901,234448,451099,562408,614079,614238,634256,678254,688347,715386,761092,885212,911042,924979,776894,738845,706590,680795,639602,597145,547220,552011,586044,636633,633702,592986,548503,561103,483808,359683,217865,131928,85595,51916,25732
2020-12-29,10781,6285,4129,2708,2025,1786,1593,1641,2250,3936,9336,24555,59552,126059,245271,463680,562919,591066,583998,594042,635515,648023,676866,732971,869380,900414,915720,764477,724335,688083,661103,622980,586975,537972,544002,573196,617091,617679,585112,545943,567626,489407,365129,223610,135825,88721,52942,26258
2020-12-30,11171,6672,4247,2832,2153,1776,1631,1781,2466,3914,9402,24568,59392,125708,251108,478966,594594,637670,626984,635027,675921,683204,715037,766282,903698,932504,953662,800555,756604,725835,699347,657016,622189,577481,590261,644594,699371,684980,627127,572416,594002,524588,390787,239890,146863,96271,58620,29461
2020-12-31,12663,7626,4779,3320,2384,2025,1779,1933,2377,3877,9233,24022,58463,125651,248012,465386,574432,620734,621153,641400,691177,706352,736220,787790,915979,940324,968219,828549,789169,752198,726242,692022,652790,604975,603540,635106,679438,682647,663124,635237,662110,600260,484727,332562,219330,164501,116129,67705
2021-01-01,29042,21202,13878,8672,5099,3978,2969,2826,3191,3999,8548,20162,45074,76032,128500,220975,293609,359672,428863,492899,572546,620831,665233,712983,775117,829464,851800,738695,748451,756030,757999,743348,720420,688904,677677,706337,736880,734620,699119,646513,664844,584414,444975,280039,172517,118082,72738,36560
2021-01-02,15719,9397,5905,3808,2586,2087,1742,1808,2323,3451,7675,19494,49312,91827,165632,290929,386007,456093,517902,567756,642644,675481,721970,773960,858621,870274,878273,829927,812602,791465,776431,742265,714053,676514,666070,681865,706345,683622,633476,582270,592307,523350,399111,249306,151218,101588,63846,34165
2021-01-03,15653,9214,5842,3784,2453,1980,1729,1728,2079,3092,6404,15856,37782,66305,111527,202324,283450,357749,431353,501828,582049,617046,660107,698124,745253,759576,769130,724082,715099,707807,700489,676737,654644,630281,633203,664550,690029,666973,601308,540140,537369,452596,334429,205040,124845,82339,50365,25636
2021-01-04,11132,6606,4235,2916,2224,1787,1563,1619,2040,3367,8366,22907,55793,116933,229462,455813,576585,623673,612776,587040,636441,635446,657911,703626,851006,892025,923902,754206,700073,663428,636444,600040,565216,530065,550032,598911,638636,620195,573266,516943,533271,460172,341930,208790,126009,82718,50244,24124
2021-01-05,10410,5815,3803,2458,2017,1608,1527,1679,2200,3413,8919,23912,61328,129150,258387,502745,614043,650755,628646,619077,638428,634198,651803,699212,848451,883120,901918,726170,676499,636690,611148,576344,540281,494469,498669,534178,590425,591159,562356,518505,540937,473355,352769,210296,125107,80705,48429,23907
2021-01-06,9347,5685,3533,2431,1874,1700,1639,1608,2045,3432,8827,23751,60041,126162,243817,469194,589857,634918,619162,603285,630323,630384,652124,700241,850705,894128,917587,748760,699365,663423,637372,607503,576571,548600,579005,639212,688907,666797,605506,544656,565432,500256,374699,228340,137859,90035,54011,25870
2021-01-07,10585,6099,3797,2454,1964,1553,1483,1661,2157,3561,8870,23677,61620,130041,253355,489491,605689,645725,626807,618841,644513,643900,662933,711975,862787,899895,918115,748399,695787,668006,639110,603902,576323,545342,556035,598618,651432,650016,608539,546472,561101,500516,382220,235879,143829,93719,55840,27134
2021-01-08,11497,6792,4424,3012,2051,1767,1701,1770,2314,3729,9408,24655,63586,128696,253093,479701,598378,645437,634959,639761,674632,677386,692428,735570,884985,981424,975673,739166,701275,680449,664793,636101,608208,580075,591806,640324,692489,690329,655758,601382,627255,565200,432833,274534,171810,115606,71514,36022
2021-01-09,15307,9019,6010,3980,2641,2262,2033,2024,2441,3747,8930,22553,60343,115649,208133,362971,468031,539919,601200,642798,722023,744609,786689,828881,903357,897677,904097,848948,831523,813315,801328,770760,757198,729220,729254,750469,771259,745604,683092,621442,643638,576687,444778,285189,178096,121510,76039,39318
2021-01-10,16361,9747,6296,3984,2660,2120,1879,1937,2236,3209,7333,17834,48301,83667,146655,256599,355320,434886,521458,598675,693985,730189,772731,812942,854840,863778,859143,806361,793091,780616,766376,740679,717215,688047,684339,711280,729873,703938,637383,573120,574807,500867,371863,229163,137430,89223,53439,26374
2021-01-11,11119,6200,4097,2729,1901,1639,1473,1577,2104,3678,8888,22571,59441,123456,243313,484883,608925,653018,640544,639715,674427,678365,700121,742819,872494,902405,926872,763661,710638,677119,649778,612295,579257,547305,568610,604651,573098,626873,630256,580425,607080,554092,420218,261267,155340,100544,60399,29721
2021-01-12,3052,323,1006,3282,2485,2060,1893,2002,2458,3862,9405,24408,67511,140914,273333,521810,648217,698723,695702,689771,731972,741702,740999,803971,943107,981618,1016725,851566,793462,753890,724977,693624,658954,626526,640499,686688,729106,726702,687163,632113,653541,592722,451961,279484,162409,102330,55007,22004
2021-01-13,6548,3382,2269,1721,1494,1370,1396,1528,1952,3089,7683,19844,48497,109141,201360,409817,490205,498618,461446,455276,476634,482074,494104,522204,581192,571469,566075,466285,447960,433987,418118,398126,386672,372650,412358,464608,495224,461857,381220,252943,168762,145456,105256,61620,34018,22486,12537,6254
2021-01-14,2621,1691,1257,1091,1044,1030,1112,1296,1791,2887,7247,19299,47733,105262,198637,403098,487169,503976,474697,472566,499856,512772,527380,554446,612765,593417,582379,486366,467877,454175,436142,417535,405819,389528,420542,471348,504457,469721,380395,242664,158250,137277,101775,60825,34187,22910,12792,6546
2021-01-15,2675,1647,1271,1065,1054,1031,1023,1301,1847,2988,7785,20201,49797,110447,205587,407888,491854,513403,489040,490244,524270,535186,548157,571373,626663,626935,595284,466136,451328,464147,459701,444984,429543,414371,445569,490408,519488,491933,412758,270905,181532,156776,113921,68326,39249,25374,14591,7324
2021-01-16,2982,2035,1471,1260,1211,1054,1139,1389,1783,2907,7220,18249,45261,95130,159433,288448,360172,406540,444020,476613,528909,556082,580725,602826,633738,605198,592375,528767,508388,501324,500379,486485,476120,459636,471978,509876,520907,485102,418063,270624,172314,149314,112513,69875,40201,26300,15312,7541
2021-01-17,2942,1819,1355,1085,1057,1011,1009,1198,1636,2465,5394,13833,35122,69994,115535,207038,277053,330424,386991,439960,499953,529639,553161,565829,566026,542295,514264,460125,448947,443107,434763,422198,411458,391915,398493,442813,465947,444643,370257,228441,152434,130695,95154,56326,32064,21078,12136,6010
2021-01-18,2353,1383,1054,924,905,873,863,1098,1526,2696,7334,19362,48296,107422,201710,416822,503884,526523,502722,503753,535454,546290,563244,590435,654173,639524,627868,523210,503915,485626,465474,442860,414298,399516,442191,499254,527425,486967,389170,242758,157572,135828,100093,60251,34615,22563,13035,6552
2021-01-19,2638,1622,1301,1206,1122,1108,1127,1389,1786,3054,8145,20943,52225,117739,222780,449203,536970,553887,523102,517389,547330,554600,567665,594312,653884,633559,618142,515920,496642,482652,465056,444420,425876,410408,449148,503870,530539,497506,401173,248776,162740,139478,103369,63206,36632,23640,13557,6899
2021-01-20,2820,1842,1355,1283,1199,1274,1185,1411,1943,3093,8348,21393,55828,129324,249319,471493,555308,569568,538183,534266,565063,574043,587131,615115,670320,655018,643210,543065,527082,515373,495882,471665,453272,435152,473184,531741,567789,534477,444468,276683,170041,151173,112962,69992,40036,25717,15176,7447
2021-01-21,2918,1876,1465,1357,1167,1130,1180,1449,2018,3160,8320,21714,55142,128386,248917,471799,555170,570162,543735,541310,572244,585229,599976,629146,685935,666069,654569,557747,537548,526179,509770,488572,473036,453397,485782,541811,575546,542422,455901,293448,185878,166610,125564,78669,43822,27717,14523,6423
2021-01-22,2481,1545,1259,1110,1074,1039,1050,1361,1921,3133,8232,20815,53075,123651,233396,439067,511634,518123,487607,488120,519724,531276,544659,569238,622460,618517,570706,455011,439534,447882,440094,416534,398227,380924,415646,478376,511989,482090,399230,257708,136260,99883,61211,27361,8499,7087,3968,3385
2021-01-23,2035,1391,1155,1109,1069,1112,1127,1321,1829,2899,7251,18286,46189,98510,167043,302131,369912,416959,455426,485899,542296,575266,601453,627653,653229,620688,603621,546594,522531,516117,513919,502049,492348,467343,473678,507901,507126,468629,386194,250480,142404,105385,64936,28443,7878,6103,3799,3001
2021-01-24,1837,1243,1035,942,984,996,1018,1162,1655,2429,5587,14449,37072,76046,130251,228321,295343,349322,405796,460641,526807,563251,585461,601231,597222,562522,526702,472525,465233,464960,462145,450021,436002,422006,428881,470022,488060,454985,373702,231527,126966,90858,54407,23502,6863,5764,3304,2796
2021-01-25,1580,1153,981,869,854,953,960,1163,1717,2821,7711,20230,51640,121918,236264,465108,545245,566397,542266,547742,590559,608636,629537,656232,707279,688248,670041,568988,551335,542546,523662,496950,477399,450217,478884,533842,566285,532049,433232,274524,145631,101883,59397,25971,8592,7081,4027,3376
2021-01-26,2171,1416,1222,1150,1194,1209,1273,1371,1999,3282,8339,21599,56982,132289,255843,493035,575015,589354,563340,561304,597132,610639,624632,647974,694437,672012,645253,546805,528808,521637,501406,479519,459522,443960,481335,540254,568613,534377,445560,286893,150952,107146,62605,28149,8473,6981,4202,3543
2021-01-27,2094,1392,1202,1137,1147,1137,1231,1452,1997,3199,8449,22031,57817,133375,258901,493326,575410,591539,564658,560014,593787,605340,621153,641297,690979,668287,648238,547624,531788,521604,503355,476893,456062,432135,453752,493552,509708,480504,396697,258796,145721,105646,63362,27271,8565,7006,4063,3469
2021-01-28,2035,1392,1183,1137,1169,1150,1190,1415,1801,2893,7157,18367,47265,102858,181127,342153,400448,426340,448932,483777,538264,573313,601799,631095,665468,632679,591631,520258,505906,508436,498731,480976,460232,439194,459313,510213,521660,484995,400838,247896,133158,97838,58172,25145,7758,6523,3704,3144
2021-01-29,1850,1468,1106,990,949,1073,1093,1347,1905,3185,8078,21624,54446,121279,229877,436743,521579,546202,533632,543817,590712,603781,620946,639596,685785,686048,637825,516935,498862,516305,516639,499348,481958,463142,483099,530975,554122,531970,455112,328646,245144,185504,113799,47452,10067,7266,4281,3462
2021-01-30,2151,1492,1204,1214,1196,1087,1157,1443,1855,2977,7544,19407,50362,107536,189785,331840,388421,433839,477725,510785,577760,609831,640602,666092,687708,654365,635315,584924,554575,549133,546384,535791,527226,511791,517389,556431,564781,528442,452640,339084,269709,203298,124721,49909,9486,6541,3940,3162
2021-01-31,2019,1360,1220,946,999,932,968,1211,1589,2523,5835,14530,39781,77537,131239,229574,299630,352326,415682,473947,550886,587561,616852,634376,637064,608926,573195,519554,504693,508239,506631,494569,486283,477483,481667,519527,524570,489744,408823,297573,240957,178212,103211,41086,8031,6311,3738,3057
2021-02-01,1744,1174,956,808,763,885,947,1144,1520,2764,7335,19422,48911,108316,205137,409114,482215,502927,504969,522749,578695,602174,625906,652693,693400,670133,645460,560095,542234,540717,520978,494025,474900,454403,480266,527930,547224,508455,419284,307351,246549,182738,109077,44712,9445,7301,4194,3483
2021-02-02,2064,1404,1220,1118,1089,1098,1178,1379,1860,3312,8604,22273,58170,131565,250714,484052,562328,578340,549526,546685,582120,592694,606782,628472,679128,659794,636525,537576,520406,507609,487056,459078,442026,433561,470095,528823,559555,523739,440553,330076,267262,201534,119230,47879,10205,7615,4456,3527
2021-02-03,1963,1451,1212,1155,1126,1147,1216,1493,2019,3415,8352,22325,58768,133096,255050,489555,569185,579633,551399,543289,581436,592960,606189,628518,680023,659350,636431,540779,519761,509177,488775,462848,446992,430863,457914,509642,542352,516319,437543,330631,272168,206810,124195,49981,10160,7394,4243,3588
2021-02-04,2087,1509,1139,1116,1144,1235,1204,1341,1970,3268,8448,22445,58790,131790,256370,487189,563888,578634,551589,547284,585555,595025,613081,638810,689153,672755,649919,551043,530143,519750,499741,475030,461825,449801,480640,535463,568528,542494,461547,352385,291630,225174,140111,57477,11390,8170,4614,3864
2021-02-05,2204,1625,1318,1156,1211,1211,1262,1499,2110,3356,8760,22769,60212,131817,249876,469382,547007,564930,545573,552628,594303,608023,624713,647653,702932,716499,667727,532666,515383,535399,530244,514650,498122,484737,512918,569329,600658,572355,497496,390775,334749,264724,163672,67408,12388,8339,4732,4027
2021-02-06,2471,1633,1392,1241,1200,1297,1297,1487,1994,3306,8716,21991,58332,118230,198905,345598,412209,461451,508752,548279,624069,659659,694609,718388,741087,710739,690287,634914,606309,603283,603268,594633,583231,571305,574450,607855,614516,573956,490207,385632,338812,270499,166096,67109,11524,7626,4388,3376
2021-02-07,2118,1451,1245,1092,1101,1068,1161,1348,1845,2807,7053,17418,49569,92324,154390,261229,335751,388078,454422,517686,605310,644983,677612,695840,695416,665417,632466,580409,564019,563855,561726,552598,541620,528994,527589,555664,552217,521194,463194,368581,321621,250813,150762,58988,9969,6890,4083,3309
2021-02-08,1943,1316,1077,985,973,1081,1053,1253,1798,3524,9746,24364,60125,129753,248741,483905,568738,586317,571823,579646,628002,643716,665885,692846,741365,730711,707120,607243,591042,577255,554957,525357,497799,483432,516162,565350,589060,551517,468060,366366,318619,247421,148069,59295,11197,7936,4539,3716
2021-02-09,2330,1613,1287,1141,1136,1248,1283,1514,2203,3805,10430,27570,73301,152629,284317,526311,606954,619339,598333,602851,650822,664659,684089,705581,754635,740204,719314,622170,598666,586282,569006,545619,524435,511195,538353,588329,609884,583273,508731,404614,349709,283882,173127,70497,12795,8275,5060,3961
2021-02-10,2361,1664,1399,1261,1238,1308,1358,1684,2453,4589,12644,33877,87107,169383,303359,559607,657218,687763,685495,701722,769852,781415,802398,826850,886284,891420,887917,775312,736678,716654,694468,671169,650521,633745,660839,710323,735270,706913,637268,538877,501495,420184,270188,109074,17808,9702,5672,4150
2021-02-11,2550,1734,1462,1291,1175,1147,1292,1697,2562,5083,13636,35025,81784,155256,264816,473406,559837,594893,618826,659625,744273,770179,793603,804860,829516,826769,834276,746063,709659,689561,666407,639481,608529,573762,564244,573492,562865,514138,434331,353166,344035,305450,209245,92160,17279,10136,6058,4758
2021-02-12,2932,2128,1577,1224,953,1045,897,951,1313,2245,6022,13480,36551,58590,88084,150282,198037,243620,288191,333558,387593,421733,446473,464296,484193,512902,502072,419254,436930,466105,475117,478506,475783,465830,462406,502528,520203,488835,427093,353224,350571,305068,203649,86353,14551,7669,4388,3492
2021-02-13,2012,1281,1008,839,805,845,763,915,1280,2171,6211,14415,38896,65053,102967,177570,238860,293642,350487,402725,472399,515005,552070,583657,601301,598439,582903,548876,544527,559062,564116,557701,549642,533364,521581,553872,564195,531776,465949,381069,371311,323450,213357,89204,15229,8044,4661,3589
2021-02-14,2032,1378,1096,895,845,809,762,957,1299,2264,5700,13670,39510,65528,108580,192343,268157,336155,406356,470260,547083,588815,626954,660979,680568,674772,653497,613421,603379,610287,613745,602717,591194,571988,565180,607755,631103,611647,546250,456102,425099,360402,232772,95620,16166,8640,4900,3875
2021-02-15,2265,1436,1205,924,908,946,951,1157,1740,3448,9218,22447,59049,120346,231792,458083,544373,577999,586840,619510,680766,704200,727676,756997,822501,831175,836046,727406,692656,669953,643154,608065,580487,552150,578812,623454,644408,598973,518900,421797,398248,332088,212367,86996,15702,9087,5032,4312
2021-02-16,2552,1635,1485,1204,1133,1184,1204,1426,1991,3785,10835,26161,67559,140039,269552,522342,615940,638857,625715,640653,686168,696052,716325,749071,826337,834577,833949,712509,674392,650196,621638,587344,562846,543378,571018,621632,654504,612826,519597,422542,401262,335575,215494,87771,16213,9677,5173,4624
2021-02-17,2572,1786,1517,1236,1296,1279,1341,1543,2161,4063,11525,27980,73471,151256,289803,551630,649131,672061,649285,652765,686097,691075,702278,736107,824777,833958,830177,701269,662697,636373,611487,580600,556378,539389,571845,618836,634797,587163,496825,408815,394162,336717,220196,91207,17083,9850,5472,4555
2021-02-18,2565,1693,1511,1225,1238,1300,1343,1529,2190,4190,11588,28328,75449,155228,295569,556667,654712,674008,648500,643818,675977,677928,688809,723447,813494,821676,821230,690076,646973,618996,592845,562865,539301,519089,548728,607959,640940,609929,531803,438292,414073,349094,232763,99176,18796,10881,5700,4701
2021-02-19,2907,2002,1563,1413,1350,1397,1345,1656,2257,4182,11892,29947,80696,157693,292307,539279,642727,672954,657205,659458,693460,688424,696569,732339,842054,922912,890622,681236,649793,651191,637183,609989,586452,562045,582574,639231,681081,661044,597554,510582,505740,440590,298875,150124,50749,28708,16321,9039
2021-02-20,3976,2632,2097,1618,1463,1290,1284,1536,2108,3504,9468,23261,61243,116476,204235,362522,457045,525788,586436,637645,714066,742744,782962,824119,881201,874019,876879,815997,781433,772299,769743,747151,732711,708929,710574,744970,765595,731847,651458,559305,556199,483692,328574,161949,56017,30641,16956,8121
2021-02-21,3337,2077,1689,1344,1254,1193,1236,1456,2046,3266,7943,19511,54985,98060,169930,301610,404410,487551,570053,641104,726209,759388,794511,823242,851152,846188,828956,768822,747655,739394,732103,710795,692728,671155,669380,715795,753488,730851,656449,559849,526387,453383,300170,142365,48336,27370,14530,7042
2021-02-22,2816,1749,1365,1180,1075,1103,1162,1313,1993,3848,11381,27991,74169,155925,302147,560837,660097,682546,659199,654200,686707,695943,710373,742874,857778,871064,879936,725871,680899,650945,625891,588197,560873,536883,579580,626944,663896,643290,578130,489068,478822,408911,273702,133058,48234,26734,14811,7219
2021-02-23,3173,2047,1573,1320,1259,1367,1351,1665,2301,4309,11916,30260,80327,168535,328364,597533,699552,719232,686438,670811,698736,694872,705526,748069,870745,881529,902999,740284,685506,654207,625720,587888,561860,539136,570167,628578,676471,662004,601939,516959,497832,441312,296389,144936,52600,29435,15723,7746
2021-02-24,3165,2028,1679,1347,1274,1227,1328,1632,2163,4211,11943,29579,79567,169124,329023,595910,695576,723864,688542,665543,698863,694550,702171,766400,899424,908552,928412,762260,710363,678116,652759,624465,600723,579035,619304,675738,730868,708716,630579,539083,513534,469158,317672,156004,56967,31268,17027,8498
2021-02-25,3332,2219,1703,1368,1411,1383,1447,1733,2333,4602,12163,30624,83364,173037,330610,607356,716388,741266,706160,692336,723691,719523,737116,783142,906142,918482,926233,766747,711950,678917,652044,621023,599195,573622,605418,674203,723220,721068,672484,581939,572678,503875,344069,171708,63315,35629,19131,9591
2021-02-26,3597,2167,1833,1504,1530,1425,1457,1754,2444,4619,12063,31091,83573,168032,318997,579945,691914,725296,706373,705610,748087,745014,753654,795008,927172,1015223,982570,748112,712828,708474,696352,669966,646090,618667,634351,689673,743010,751997,715735,639809,638371,576652,405971,210908,78160,43352,23630,11080
2021-02-27,4172,2649,1948,1679,1551,1443,1492,1707,2390,4081,10703,26072,70117,134866,238672,415342,529394,607338,669820,715762,803738,833865,880469,923186,999490,984506,985586,921523,884309,872998,870172,846023,831561,804769,809208,842617,875629,865189,801864,712468,706302,641450,447335,225591,83050,46753,25808,11838
2021-02-28,4122,2560,2011,1629,1462,1450,1326,1517,2188,3611,8656,20526,58438,103645,184289,325016,442834,536466,629524,710233,821825,866568,917120,953032,989824,988436,976255,912468,883297,874949,861185,831780,811525,789925,785588,829383,873081,849850,767555,661894,648991,551209,369382,179184,63367,35796,19095,8767
2021-03-01,3331,2005,1556,1396,1201,1206,1295,1415,2065,4109,11809,28924,80431,177151,353178,645786,745049,754828,726105,720974,762790,759306,771330,806782,928848,955320,1009824,847476,785800,749181,708867,667944,637099,603559,628503,679234,724696,719805,665113,573591,578166,502300,339046,164120,60239,33763,18294,8597
2021-03-02,3401,2073,1689,1446,1439,1353,1415,1684,2457,4537,12615,32000,88307,192905,383700,680512,771302,779178,737237,724794,752764,740916,751564,789541,923236,952498,987819,806263,749890,715927,681048,640511,615968,573988,592493,642660,709965,711174,647510,563628,571673,508728,347539,172011,63383,35294,19305,8943
2021-03-03,3525,2232,1658,1445,1458,1386,1479,1761,2569,4601,12971,33038,89733,194744,387600,686851,778333,786931,743356,730382,759728,760952,777429,807782,943592,968773,994015,813474,752108,711721,688167,647986,631254,611290,636383,675823,721612,732172,673617,594351,602075,535931,365465,182897,67457,37890,21113,9819
2021-03-04,3610,2125,1748,1513,1409,1361,1475,1684,2438,4758,12398,32632,91419,188169,364851,657421,753014,763435,728151,716029,746175,738539,752431,794340,933625,957141,978755,800762,742166,711213,676179,639035,622331,595536,620201,677397,734177,738250,694800,610368,610567,541611,375096,191456,71595,41161,22706,10844
2021-03-05,4187,2527,1984,1579,1585,1513,1490,1914,2583,4727,12681,33415,94896,185841,360864,643670,745957,768010,741784,738082,778764,773203,779691,816760,987822,1111426,1087480,814015,780541,762193,739275,708822,686784,658692,681788,728791,785240,798964,773862,714332,729142,652531,463375,264787,143401,89966,51990,22291
2021-03-06,6695,3674,2590,2008,1742,1578,1700,1837,2423,4433,11053,28426,80914,146921,258171,443331,563949,646520,711955,759506,853559,884743,935589,980851,1060730,1053330,1054758,997555,965383,947177,931081,908528,886472,855701,864476,886742,902914,892109,837662,769153,774766,694894,503037,287897,157506,97084,56513,24752
2021-03-07,7374,4083,2790,1738,374,388,417,441,524,3733,8668,21406,62436,104485,187500,325925,438639,538140,637767,726520,849113,902994,957521,996986,1045403,1049735,1034920,956400,917552,904456,905962,898574,890166,871525,875202,908815,940908,920362,849067,746697,727461,632924,444098,246761,130207,78756,42434,17650
2021-03-08,5063,2775,1951,1562,1375,1299,1369,1543,2184,4509,12479,31468,90504,188685,377650,665435,756181,772555,741403,735506,773200,766928,781815,817551,955776,978641,1021001,859068,805235,772732,740324,700573,667034,634812,662157,710690,755523,759820,724759,646633,642682,577849,407467,231801,125108,73970,41532,17466
2021-03-09,5160,2907,2065,1629,1526,1510,1600,1942,2606,4745,13116,33547,97124,203247,409415,702351,787476,794317,752486,737260,767898,756824,764623,803530,950560,977999,1006891,833100,775124,741739,708990,663862,638427,610488,640195,694799,752601,754020,714446,644516,648345,578947,405971,230514,126280,75129,43380,18097
2021-03-10,5318,2893,2082,1691,1484,1466,1585,1786,2583,4922,13157,34039,98173,204871,411899,706713,798288,810446,757849,743050,777376,766439,773377,811967,959094,986857,1018968,839642,781179,745484,718511,676134,646239,621158,661987,723059,780505,771109,709673,635487,648424,582332,417515,240328,133335,81732,46669,19527
2021-03-11,5748,3170,2250,1983,1595,1573,1532,1837,2565,5020,13259,33307,98510,199711,393142,669804,760645,779022,734294,719467,753245,747745,761582,805145,952212,977701,994828,825005,766747,730457,700872,655547,628310,603384,635319,686746,745623,743363,697887,612284,608758,542259,395812,235848,135749,84157,49064,21609
2021-03-12,7043,4414,3252,2705,2173,2099,1917,2445,3329,5373,13933,35815,102411,203266,394472,676388,789417,821133,798864,791954,828639,815520,823245,860398,1037307,1178459,1161778,875854,841053,817840,786446,732316,694176,673937,711947,767699,825203,815920,796494,739531,774058,704062,527908,326331,196123,125667,74058,32715
2021-03-13,10314,5594,3567,2851,2408,2141,2215,2304,3276,5641,14292,34187,96324,174261,311020,524720,670002,765411,841403,883193,983618,1005129,1051447,1103702,1196904,1191820,1195315,1113717,1079041,1050470,1031339,992465,972183,935732,950021,978067,1019456,1007748,938380,855647,872184,790903,589721,367347,220015,144689,87602,39373
2021-03-14,11169,6139,4016,2894,2335,2076,2016,2304,2999,4869,11801,27571,81066,139700,260174,429095,558876,667594,769375,865834,986612,1028159,1075139,1114548,1162373,1159073,1151533,1081331,1051454,1017959,993688,949423,933360,919855,938115,975080,1017096,994685,906736,804960,790717,682361,482642,282333,159229,99371,56345,24291
2021-03-15,7461,4225,2636,2089,1799,1720,1714,1983,2855,5631,15217,38992,109474,226950,453702,779148,896309,923538,891978,879600,922073,903219,914400,953557,1106973,1129906,1166686,976262,912373,867845,831667,781095,743954,711231,750722,785799,818343,802821,750843,667361,681995,618741,453646,268305,154895,96250,56609,24448
2021-03-16,7380,4134,2847,2278,2057,1924,1972,2511,3325,6065,16416,41985,120288,250796,501466,843599,961608,979726,930981,898444,924435,898907,907020,948168,1113169,1139774,1168110,961422,886331,814232,763034,714496,694229,669649,722079,786113,849630,837887,785845,702184,726859,640033,466120,279321,164003,101596,59228,25965
2021-03-17,7730,4270,3009,2406,2113,2071,2171,2694,3578,6594,16743,42898,120555,252565,496359,842127,974403,997634,948215,917162,949007,923787,932897,978591,1146400,1173192,1210254,1002897,934603,886976,827262,742213,693806,670610,743324,819362,893565,888540,810662,724381,738502,667815,488593,292761,172161,105646,64487,27590
2021-03-18,8253,4622,3044,2413,2047,2036,2032,2542,3487,6405,16885,43524,125961,262595,523088,872284,987684,998319,941900,907563,939230,920146,928576,969211,1136878,1162630,1195597,987685,919990,869719,828694,776339,737648,700636,736871,781087,844761,852327,812555,734018,756049,677440,506373,311478,184561,116249,68342,29857
2021-03-19,9383,5150,3365,2639,2437,2166,2197,2627,3707,6697,16904,43551,125341,250432,493042,831527,958078,980151,939164,916560,955929,930781,936036,972922,1170455,1319261,1294797,963731,948232,911810,879638,822799,792039,755960,799898,853236,912666,919038,887844,822555,855194,788411,604462,382832,235055,152303,91067,41262
2021-03-20,12912,7071,4570,3309,2736,2475,2599,2796,3643,6514,15602,38708,107578,194026,345018,587591,735486,829389,900625,939593,1036470,1055110,1103270,1154011,1251950,1242362,1250035,1166078,1128093,1095977,1066904,1000775,968247,956436,998225,1036189,1068187,1048234,991622,913349,936257,853235,651598,411030,250037,166046,101116,46408
2021-03-21,14448,7558,4675,3349,2740,2307,2246,2633,3345,5690,13067,30929,90153,154446,284369,458688,586334,697017,801401,896243,1018653,1053397,1105210,1147041,1192055,1191085,1188995,1105960,1074643,1048382,1021370,983728,966801,937729,956634,992964,1033603,1014289,931449,831879,826530,721924,519964,309212,175934,110756,66242,29089
2021-03-22,8599,4781,3178,2357,1987,2089,1906,2216,3014,5974,15818,39787,114365,240118,483889,823247,939618,960909,918363,898310,929229,916533,925405,963546,1121118,1151493,1191709,986279,924805,881550,843237,791167,750883,709338,754662,809302,849868,830478,776154,688483,715542,638603,472754,290449,172487,108532,64764,25766
2021-03-23,8792,4589,3306,2650,2366,2102,2129,2571,3272,6395,16314,42103,119449,239786,461482,779159,908711,942331,901391,877612,908896,892203,909892,954945,1110909,1137919,1160907,972771,910847,865782,819735,761517,726325,691044,743049,799105,844785,821460,767951,686247,701602,607818,442795,266539,158187,99414,58459,25292
2021-03-24,8044,4481,2978,2324,2185,2040,2146,2509,3380,6376,16212,41887,118021,246845,490532,832278,965804,984219,920827,886266,914868,891715,898513,935416,1107050,1143061,1182432,968830,902650,849920,814132,773818,743123,702619,750519,810654,868833,844555,764298,681589,708415,615734,455717,272762,159608,101601,61370,27474
2021-03-25,8544,4690,3209,2445,2284,2155,2059,2558,3361,6414,16046,41381,119513,251157,500003,842662,961891,976146,918656,883804,908150,885525,896096,943794,1109633,1137773,1175328,970378,905285,859359,809246,735864,688843,641251,691903,759327,835523,840789,803998,723684,745037,666531,499744,308678,184371,116933,70354,31969
2021-03-26,9802,5511,3998,2881,2558,2306,2153,2661,3492,6519,16395,43179,123812,247540,485585,813579,940292,968564,924570,906132,943795,925415,926855,967223,1163483,1321991,1300105,969921,958335,920702,889091,842563,808699,759829,800333,848185,901623,893565,850448,787843,819486,747220,576648,368178,227606,151793,92642,26471
2021-03-27,14136,7701,5019,3554,2957,2617,2576,2802,3871,6318,15250,38396,105980,192078,344288,581161,719930,807819,875791,919241,1013130,1016464,1065275,1105497,1189869,1146072,1173787,1110482,1031832,1031508,1062320,1001980,984085,916834,926953,943136,988271,991192,938901,873999,904663,833239,643039,408505,247345,165281,102918,47711
2021-03-28,14638,7924,4916,3531,2938,2274,2377,2465,3369,5787,13857,33937,92359,155691,275613,448792,582664,692047,790657,882143,1004156,1039851,1089105,1132362,1188760,1198071,1196674,1113823,1091804,1060641,1032752,996504,979645,933048,951134,979092,1024308,1007988,939304,837856,819643,729564,552364,343069,197976,125407,72627,32126
2021-03-29,9686,5414,3471,2728,2321,1974,1901,2188,3018,5725,13906,37097,100200,190514,357910,664792,792653,839611,817644,797525,831349,833105,862980,927898,1114148,1175365,1224241,1020048,954792,913487,875740,830415,796240,748272,791932,840558,887290,874335,821054,730778,752088,672512,499114,303343,178844,113224,67271,29713
2021-03-30,8949,5007,3352,2545,2287,2217,2180,2526,3380,6159,15330,40159,109758,221764,435075,796966,947766,983475,937441,916775,949467,933486,955711,1014301,1197146,1234605,1254317,1024916,957080,904679,865640,818225,788388,740892,798641,839247,914313,895404,837658,751868,776569,701256,528335,322742,189439,114337,64982,28698
2021-03-31,9136,5167,3481,2680,2321,2231,2217,2392,3178,6133,15242,39982,108322,219999,427151,788757,941312,979878,939927,915679,950003,938041,952284,1000952,1195997,1243163,1270840,1046366,979081,923736,891313,845537,816596,770000,826697,894773,953567,939575,873416,795215,827959,759303,574819,352613,208550,133460,80036,35054
2021-04-01,10660,5936,3993,3050,2522,2270,2349,2511,3490,6440,16306,41774,110422,224053,440381,803553,948387,981689,936451,911904,950727,940542,960915,1020071,1206007,1254055,1282388,1042333,967088,914404,877616,832739,800538,747829,796582,855139,919108,924717,895780,821623,847525,771778,589788,368546,222462,142173,84042,37479
2021-04-02,11830,6678,4324,3327,2758,2436,2534,2598,3567,6345,16425,41400,107745,207382,397979,712817,856683,928895,912402,914739,972197,972785,994143,1031587,1204086,1366893,1350872,1012348,1017641,972563,933636,872119,849772,816652,850962,909280,970121,972138,938602,878154,922640,849795,655699,419801,256865,170652,105323,49352
2021-04-03,15413,8909,5700,4019,3262,2895,2651,3052,3605,6514,15605,39450,105525,196001,343207,572594,712189,805261,878561,933462,1034736,1060466,1116735,1166888,1271461,1269509,1280538,1199170,1174053,1140052,1121763,1084750,1068100,1020830,1039301,1058820,1097922,1084976,1025710,955485,998436,929652,725714,459983,279259,189659,117439,54619
2021-04-04,16816,9199,5692,3992,3116,2594,2503,2595,3355,5676,12955,32806,89142,159077,290895,454507,567256,656507,741244,834128,947740,987473,1036988,1082526,1129622,1146077,1163703,1097635,1086763,1071001,1053115,1021317,1007248,954915,981706,1009266,1044802,1024776,949072,858227,866311,766799,570214,341689,197458,125536,72780,31802
2021-04-05,9780,5570,3811,2798,2230,2135,1935,2417,3148,5843,15270,41342,114271,245938,490707,817930,927348,948341,902076,878418,908214,889468,891226,935181,1102878,1135416,1168675,949126,881891,828538,774048,718791,678676,635977,695321,740921,795669,806784,777098,715697,751175,667586,493530,298673,175364,111780,65848,28674
2021-04-06,9063,5193,3612,2655,2160,2117,2231,2456,3343,6354,16156,44961,122957,266691,530286,869772,985781,997475,931629,896420,917954,893136,896024,934757,1114537,1130864,1172525,964309,910626,861826,814593,746698,706192,671110,738842,817342,887897,876460,822041,746019,784456,700363,518523,312151,185724,117640,70438,31125
2021-04-07,9918,5561,3728,2751,2289,2095,2224,2457,3506,6445,16618,45969,124477,271425,535821,876906,988323,990544,924015,886993,908428,883900,886405,929692,1109278,1147342,1183761,976792,912159,866230,829928,779422,738757,683507,739056,809315,884296,878250,820947,751169,790943,704640,527014,318899,188181,117695,68174,29563
2021-04-08,10063,5611,3781,2962,2404,2331,2459,2757,3321,6211,16003,45675,123581,268786,528805,863091,971071,981012,918023,881266,905822,879383,887024,931113,1114705,1143921,1186357,979038,921262,872717,836403,789555,759100,710330,748362,793581,861204,865120,846843,772082,803086,728214,555648,344425,208682,135287,80610,35761
2021-04-09,11704,6430,4432,3437,2687,2441,2323,2719,3548,6400,16571,46299,123145,260454,504626,825070,937569,955062,904653,882814,917434,896589,897287,935153,1127840,1304170,1310654,962612,961236,912046,885966,838344,798038,734994,762474,800114,854168,874415,873886,835026,892660,823105,639601,408395,254558,170746,108084,50426
2021-04-10,16645,9446,6031,4134,3272,2856,2782,3165,3835,6339,14976,39901,102314,198567,364034,597912,730427,812173,875952,920130,1020661,1038020,1084652,1134292,1232268,1228745,1246413,1169095,1140000,1108988,1095186,1057550,1040705,1000405,1025630,1044815,1079841,1066258,999840,929352,969085,905332,706149,448094,276114,187718,118291,54070
2021-04-11,17155,9537,6032,4204,3241,2755,2562,2689,3421,5618,12129,32323,82054,154478,293462,463127,590147,697316,802306,895167,1025619,1065593,1114038,1154781,1203129,1203483,1209241,1131200,1105228,1076031,1047804,1013622,991323,953303,980628,1004651,1038246,998456,925148,837875,854150,749714,556524,331110,194685,123157,70301,31904
2021-04-12,10989,6570,4662,3644,3038,2804,2812,3094,3772,6367,15918,44046,113521,250529,493415,814058,928314,956771,916137,894542,927804,915260,925600,965609,1146992,1180064,1222742,1021170,964585,916865,879920,831838,798673,748960,787843,819270,837334,808457,785736,731517,826890,758942,493713,332785,228237,156089,90831,40862
2021-04-13,13669,7670,5234,3760,3057,2688,2645,3355,4828,9010,18616,56986,134963,229689,417586,673076,725805,731361,692024,696071,730355,728840,743377,793896,918039,922207,934687,798612,765725,741317,715189,676792,663325,615308,667731,749525,818911,728061,540832,464052,579627,569969,349643,241399,158447,105933,64179,33657
2021-04-14,17390,10725,7444,5223,4366,3694,3631,4180,6263,10778,20562,59354,135492,253669,465280,736986,792648,790900,743401,736450,763853,750046,752617,786466,907513,910759,928019,788682,764644,729772,700106,664364,675782,693201,765494,810498,827861,723983,539790,458255,572992,577562,357760,248215,165404,108010,65516,35736
2021-04-15,19979,12615,8769,6185,4952,4462,4609,4643,6949,11329,20545,59157,134056,254824,464156,731840,780526,775442,720809,714676,742206,729002,733969,764180,879989,887555,906237,762719,729403,697472,659926,623829,627942,630108,694369,750409,792924,711424,557728,478597,588021,594773,380934,263705,176711,117228,72127,40305
2021-04-16,22855,14767,9851,7110,5549,4897,4853,5059,7246,11982,20995,59379,130652,234544,417785,676404,745590,749777,710147,711003,742680,732943,738804,774989,942218,1101645,1066419,739976,715701,722361,707826,687392,703380,715865,793661,849744,883191,827829,653936,542824,656595,671721,452991,318782,220491,152535,96375,54862
2021-04-17,35220,23462,14657,10188,7715,6371,6067,6277,8810,13228,19692,52472,113426,173533,269921,442971,528375,597391,663391,722154,812809,843867,887116,930199,1001676,990619,991795,907743,891412,883333,867929,864263,883340,876250,929586,952380,935333,842818,650635,561916,656797,666695,476784,335025,234085,168584,110703,64928
2021-04-18,40872,27595,17879,12460,9205,7538,6865,7272,10168,13872,17371,44932,94862,131957,216416,328090,406442,486711,578520,677425,791039,836262,886225,928620,962286,961364,968245,897100,895945,890207,887719,873516,885720,879054,930210,980812,999517,909481,655954,529202,624962,637478,428006,288372,186599,127489,78896,43861
2021-04-19,26267,16712,11139,7571,5974,4814,4465,4887,7007,11504,19573,56386,123220,240096,441768,708240,755734,759967,709128,706501,733859,723381,719992,752528,863467,870028,881585,749165,731393,688830,660245,633585,660658,694844,771204,823801,844849,765034,568195,460044,565896,587885,381986,260339,172775,113359,70114,41501
2021-04-20,25219,16006,10407,7662,5948,4973,4993,5250,7800,12428,20875,58539,124459,248329,463188,739526,787257,783741,724313,717534,742626,727174,725359,759068,877349,880942,888275,751252,725523,699767,673079,647044,668760,687656,757801,807123,835715,775253,586558,473713,584354,615532,410105,281184,187587,124616,78473,45478
2021-04-21,27273,17565,11845,8360,6469,5590,5378,5949,8125,13064,21286,59143,123930,250758,466884,739266,793602,787184,728938,717808,738387,728672,734064,769335,888236,888473,902084,766460,741541,709924,680990,651462,675646,701269,781329,835850,858142,786419,568777,465531,576916,607393,408156,279293,188417,125681,79186,46424
2021-04-22,28173,18792,12325,8357,6548,5728,5325,5818,8415,13059,21402,60250,123676,249574,464281,737475,781276,773180,716664,710761,736746,716222,709210,742221,861143,881536,894064,747922,699701,652355,650749,643428,673793,699908,778047,827479,852287,805286,603134,490821,598556,619238,426367,290728,194969,132804,83724,51061
2021-04-23,30995,20473,13478,9520,7509,6328,6027,6096,8808,13769,20764,59662,116593,226139,418498,674561,738301,749934,706908,712185,755128,754151,759491,796883,960343,1133386,1098021,780270,761323,766228,752233,726100,735225,747203,819118,879204,920851,904310,719950,570949,685139,718243,526241,370298,251712,179239,116586,69093
2021-04-24,45426,31924,20748,14074,10864,8529,7881,8068,10353,15330,20576,52894,98966,161584,250581,417017,508099,578405,645133,703786,809483,850076,907625,966050,1041313,1044255,1062251,982848,963877,954254,953486,939955,949134,940269,983196,1021808,1038772,1001271,780767,625716,740131,770656,573795,401224,270853,199037,137774,89083
2021-04-25,60178,42786,27417,18113,13372,11033,9672,9467,12320,16862,18666,49554,88257,135970,223206,334794,410240,490597,582164,684387,808370,857437,909311,952173,984280,986377,985757,910086,904663,903153,901378,891907,908462,910502,964919,1019775,1038850,969718,691039,559220,668923,690182,489820,323063,206008,142883,93374,55991
2021-04-26,34584,22658,14573,9993,7742,6245,5708,6067,7940,12740,20349,59981,113051,233918,435250,699016,748680,753447,704950,709009,743194,740948,748677,789203,896817,901174,900288,757268,736813,709989,683702,658372,673265,698882,773351,809849,821627,754990,563585,463855,572154,606997,417361,282057,186641,128112,82557,50489
2021-04-27,31549,20420,13678,9714,7451,6020,5856,6014,8044,12737,20302,58092,105709,216234,408756,670555,730707,746410,708812,703789,731127,722071,731854,767235,877381,885852,884547,729618,695466,670100,648316,631092,641994,659444,731817,797373,839005,797804,594620,470603,578487,621432,434005,296113,194647,132186,84942,52484
2021-04-28,33367,21102,14563,10270,7822,6841,6676,6505,8851,13115,21364,62369,115020,242437,453661,728109,781218,774103,721796,719424,750604,742607,749954,786843,905210,917271,925182,780074,726213,698138,672896,655628,682343,715925,800307,864651,915343,868904,639286,497548,617182,666244,483287,333677,228913,163547,109976,69781
2021-04-29,45003,30949,20029,13849,10943,9191,8937,8653,11219,16015,21856,61274,106092,193785,319823,512714,555489,577718,600062,646334,734068,765912,812546,873325,966422,961110,952834,844570,809791,791445,798676,794978,805095,799479,841123,895962,916346,879196,655180,524755,641518,678246,489771,328766,215603,149484,97649,59188
2021-04-30,37391,24355,16232,11077,8410,7130,6862,6880,9334,14054,20769,62250,108198,216043,397359,643135,704501,716913,692092,716389,783466,794094,812798,850156,998830,1150461,1120512,827368,805113,806536,782726,760210,758209,761574,819748,879382,920184,906367,720651,587343,691341,725970,551150,387380,259827,192211,133234,84670
2021-05-01,57763,40824,26111,18081,13728,10982,9514,9664,12863,17780,19836,56503,84971,127044,187063,280392,368205,460244,560671,667437,813858,891681,963767,1022805,1065572,1073674,1072527,1000030,989381,990904,989263,976372,985732,982041,1017848,1067012,1074716,1030910,770437,618353,727186,737811,552685,386127,259016,200439,140359,90570
2021-05-02,61638,43636,28173,18744,14393,11302,10463,11044,13591,17526,18879,54304,78963,129229,207360,306117,381643,464024,559985,669243,807069,867473,925647,978100,1012354,1015711,1015056,942939,937649,933737,931418,926735,940765,933529,953398,999145,1012646,957496,686892,565937,687508,723975,527024,347045,220016,158824,58881,63795
2021-05-03,39123,25449,16016,11047,8500,7036,7403,10369,11877,14512,20394,64134,104498,224759,425397,687659,743877,756770,726744,735209,783829,788919,806768,842771,951769,959873,976951,840179,817140,793163,765257,733724,739234,760698,821150,842199,834567,791103,628772,512829,627118,683384,483149,323710,208585,144815,94044,57655
2021-05-04,35616,23499,15405,10475,8298,7006,7495,10057,11878,14946,21528,67158,112758,243815,457221,725908,776077,776749,728661,731872,774399,771825,785393,823073,935274,944307,953065,811271,774310,733554,709448,682148,689808,705871,742013,797698,860368,836811,641055,437303,547850,630554,501806,340007,218103,151197,98872,60300
2021-05-05,39356,26249,17230,11770,9248,7978,8505,11543,13651,15349,21881,69181,112151,243260,454072,724114,791117,794271,752240,760282,809778,810916,825737,864685,980791,986614,1003153,868872,839193,811160,787906,749913,728910,731345,793063,817509,788616,761760,658123,581178,688715,750393,574050,389817,246012,177067,117015,23361
2021-05-06,3833,2465,1501,1105,951,4472,6850,8861,10257,12423,19814,67528,107181,231641,429282,697976,752498,754393,714833,727462,780927,790049,807810,844673,945072,952492,963230,830619,803100,787216,773040,744607,737064,749543,830734,905058,931951,863197,657571,551696,670335,727960,528739,353486,218717,153725,97852,55404
2021-05-07,28790,18204,11723,8113,5979,5421,6097,9087,10158,11705,19004,69558,101700,211931,383648,639930,702155,715542,690548,712163,780767,787541,819870,857811,951321,1036583,1004789,775833,754033,778313,790494,776738,774053,792169,846720,900670,885141,783730,604696,498352,613189,670746,526500,350032,202003,142345,94640,56507
2021-05-08,31399,21164,13645,9449,7436,6266,6760,9348,10649,12104,18518,66316,91704,173691,267584,436487,519568,584137,654118,722607,842673,900253,959805,1017284,1076687,1061974,1064139,987197,964951,950283,951498,932248,937603,941146,974613,1011908,992957,860117,629404,517418,640241,731868,560800,363596,202796,148376,101469,61381
2021-05-09,36533,24439,16469,10746,8211,7603,8662,12557,12629,11979,16837,61416,75455,131554,207536,324695,399248,475281,570884,675967,815736,874603,938109,977727,1005018,991709,983239,903680,892377,893064,891317,891376,894199,882593,898444,925418,910457,808331,584628,472459,572054,648640,499262,330302,183466,129229,84568,47550
2021-05-10,23933,14857,9064,6003,4732,4035,4640,6751,7385,9332,16157,63198,87735,187860,335205,604911,677620,696897,687868,715186,792167,816840,847380,886357,962073,943634,939179,811163,788950,778334,766115,743459,741938,753809,789321,823534,775751,651057,482324,407822,522778,616254,452854,289304,156692,105511,66394,37615
2021-05-11,19092,12313,8237,5959,4621,4181,5061,7900,8406,10044,17199,65953,96168,204732,359571,627152,709346,737736,741196,772253,852523,871505,903929,939024,1007945,986442,967200,836514,817044,809177,798339,775024,772217,783715,827836,862369,838070,734060,558754,461767,576275,666869,488791,310869,169944,118033,75253,38536
2021-05-12,14298,7962,5045,3707,2998,2789,3242,5054,5522,8333,15580,58338,84469,179338,311896,532296,639053,686898,718367,773708,868124,893141,921538,954907,1003086,969791,951313,858420,842756,842493,836080,818665,813241,799420,826788,837039,790199,663607,452538,381689,460524,526175,417910,240514,73190,40184,23244,13233
2021-05-13,6343,4086,3085,2286,1783,1477,1322,1362,1768,4115,8972,38503,47058,90294,142181,233847,252880,238590,278113,318278,352232,372614,396355,419281,434134,432021,444432,398506,385287,368429,352120,333305,336937,344560,355558,375017,385982,379427,359670,299107,290368,263537,186807,100709,29677,16587,9660,5978
2021-05-14,3356,2039,1607,1123,1025,928,975,1091,1428,3339,8000,31039,36628,70201,101590,152182,197089,247542,312397,385798,460875,509309,551451,595264,634643,638037,599960,531976,538556,551338,563748,562982,562699,554396,555944,582920,597097,580403,532608,439874,423264,382714,272783,139977,33808,17940,10321,6545
2021-05-15,3561,2402,1862,1521,1292,1235,1317,1602,2195,4523,10669,38883,56023,119112,191638,306875,376065,438202,504609,575904,656189,698991,741349,778525,805760,780177,767090,699048,685456,686175,692898,683263,675954,659388,679853,714031,716059,667555,570506,459042,453543,410221,292066,146614,35432,18491,10776,6947
2021-05-16,3884,2779,1985,1602,1437,1431,1377,1619,2253,4723,10738,37779,51668,106123,169673,260839,322760,383294,458326,538703,617103,648744,680504,713170,729125,720372,695782,633268,631285,637059,636929,627476,631610,624472,642492,683174,702158,650181,543413,438654,437924,392968,277038,131805,30497,16254,9639,6549
2021-05-17,3847,2494,1964,1617,1531,1546,1595,1880,2474,5657,13723,46358,71898,168806,308807,570271,649251,672955,654989,675691,732035,737449,750090,777521,850376,848773,847518,720897,703344,689887,669877,642893,633724,616286,665831,715038,735921,687057,577462,466135,452672,397994,271146,127457,30431,16996,9780,6544
2021-05-18,3914,2738,2106,1808,1687,1664,1972,2229,3020,6282,15074,48615,81374,193650,356893,658169,739147,749421,706132,711348,756051,761226,778706,811530,874356,838097,766146,626501,611657,599537,581939,563881,556067,549294,610676,673167,703434,652941,545796,440989,436637,381377,258677,121560,28745,16616,9648,6637
2021-05-19,3990,2655,2244,1868,1824,1861,2005,2366,3121,6333,15234,48865,83372,197092,366837,685694,784437,786361,736698,727390,764275,769276,790158,831584,912921,899056,887225,740008,705360,662710,622584,606106,586746,561892,619499,669646,694626,628633,502167,400473,394180,328025,221761,103644,25993,15498,9429,6780
2021-05-20,4067,2750,2246,1842,1609,1651,1842,2393,3045,6215,14877,46075,83744,203336,380065,711717,792386,784968,726288,712658,748338,748575,765874,806923,887596,870351,852076,716724,695231,671466,646687,624161,610377,588838,648078,709451,744733,698833,586973,475509,463771,401201,272230,126312,29041,17508,10083,7161
2021-05-21,4430,2922,2356,1953,1878,1770,1951,2401,3337,6632,15607,46419,88744,216689,394207,712666,798275,801209,761224,763180,814479,814032,821761,845462,924002,910889,825896,690105,678765,696672,684083,655681,628522,600502,652865,702471,724921,673952,565892,455935,430715,364738,252132,120673,29437,17804,10523,7476
2021-05-22,4506,2969,2504,2054,1997,1963,2025,2512,3244,6183,14789,42265,77521,176441,280664,464411,526075,558286,605224,649511,710121,745069,782441,818006,851200,816977,803289,727206,697734,682963,675905,657448,648195,625174,659899,691393,720163,685862,577729,457327,424863,356543,239016,111050,27134,16339,9720,7211
2021-05-23,4329,2966,2344,1964,1666,1739,1947,2225,2932,5556,11821,33943,58695,131492,219611,358458,424990,474429,537100,613613,682046,707540,731173,751887,737676,731535,696306,628518,619393,611809,604879,594791,592613,581686,622698,674762,694079,650658,543514,418310,370926,300444,194171,86110,21353,14249,8341,6169
2021-05-24,3902,2435,2033,1702,1552,1566,1551,1982,2978,6409,15343,42491,79883,200583,373992,720899,810202,802525,743278,732437,766129,768632,780972,814964,883462,857077,835494,703292,686590,657282,626189,588522,565467,548634,620698,685332,724730,681019,561600,422327,350844,278807,178517,80301,21384,14935,8754,6582
2021-05-25,4095,2726,2122,1910,1868,1758,2006,2249,3113,6645,15100,41639,78605,200080,346779,713028,910648,865322,792829,769528,788442,789357,794132,820060,883596,843018,817239,692524,678225,652748,625371,593839,587782,573622,637607,704553,751857,717347,568789,286256,76314,53079,23529,14924,9906,9995,4602,3063
2021-05-26,3763,2323,1883,1695,1691,1778,1707,2119,2918,6221,13900,36028,65261,153593,213507,409438,575215,589856,619451,663383,715958,743616,748376,646981,346159,333144,431362,631239,630271,625066,609147,585579,582090,579304,634372,701829,720094,639773,469682,221674,59438,41486,18714,11450,8186,8637,5391,5292
2021-05-27,3507,2112,1864,1656,1557,1578,1629,2059,2854,6739,14690,40280,80155,203677,332299,688451,889216,842305,773533,751923,770827,768188,768987,782623,827628,785166,746853,646061,639634,32822,548,258,205,157,161,173,156,192,158,186,168,161,168,147,143,160,131,143
2021-05-28,3608,2284,1872,1616,1749,1752,1761,2180,2989,6909,15090,41231,84010,214124,344261,700969,917950,872826,802414,786338,811331,808982,599651,1689,440,187,160,164,123,147,148,136,118,96,108,106,118,151,143,151,127,133,106,98,143,157,117,63
2021-05-29,3808,2338,1897,1699,1645,1867,2057,2248,2846,6521,13614,39345,80523,193971,277271,537787,787816,797388,832490,871310,807103,2744,568,221,143,139,150,134,124,121,149,135,131,87,111,101,87,109,87,158,111,113,114,122,135,59,66,48
2021-05-30,3485,2270,1847,1770,1592,1601,1820,2047,2799,6197,12325,34771,67420,152371,212529,395366,596260,616775,674674,207605,777,312,175,152,120,121,117,134,119,102,88,109,86,77,91,99,101,131,105,108,96,114,113,47,31,49,40,44
2021-05-31,9561,6113,5166,4691,4447,4473,5233,6128,8143,19594,42799,115737,180182,404198,646331,1383137,1843746,1814144,1751313,1755476,1862864,1900322,23330,1530,599,473,467,374,369,367,302,336,316,298,360,328,311,366,329,311,240,276,281,239,302,337,157,127
2021-06-01,3791,2562,2130,1906,1729,1717,1939,2210,2942,6026,13978,35320,66294,169307,232247,475880,636095,578934,525975,525377,544373,556819,568070,578644,594601,558485,520729,449018,430683,412403,398836,385673,383687,384866,463763,531869,565685,535180,402710,179177,34753,24290,11250,8736,7310,8164,5552,5225
2021-06-02,3360,2061,1708,1563,1571,1585,1839,2220,3180,6225,13932,36774,72179,185742,264694,543469,721777,664374,604558,605604,632272,643506,654757,670036,687658,648684,596556,514596,495921,472231,454908,439662,429219,422856,495616,557794,591021,544283,397963,171817,35193,24626,11692,9398,7926,8436,5928,5605
2021-06-03,3571,2283,1845,1724,1618,1761,2027,2337,3222,6768,14492,38543,77867,198498,288158,587961,770458,699284,636804,627952,655086,666533,680689,693028,713626,673739,627206,542362,516930,482457,457595,448988,449101,446407,528186,599116,623797,561716,405130,177563,35641,24156,11812,9195,7726,8148,6006,5342
2021-06-04,3750,2286,2002,1669,1835,1842,2042,2535,3413,6677,14704,39464,80052,202686,285450,566881,756909,689574,628192,626182,651451,664163,676503,687733,703709,662241,586131,504216,496573,503530,487767,472502,468425,463823,540098,610933,632491,583290,418328,181235,36256,25074,12279,9589,8056,8478,6154,5662
2021-06-05,3662,2437,2050,1696,1936,1931,2147,2565,3417,6522,13762,37172,74170,175094,215725,408579,598971,591202,600737,626291,670946,695104,715150,730828,734104,688938,653017,579738,548163,533035,524722,512020,507113,500486,553016,604603,630254,587562,448115,194207,34434,23721,11202,8567,7324,7818,5365,5327
2021-06-06,3511,2312,1944,1514,1704,1709,1970,2124,3075,5621,11710,31227,60471,140722,176834,323366,512365,519312,542636,573969,610414,632861,653671,660685,648820,604616,558672,497798,481156,468430,456292,445252,448634,453628,505414,568527,599215,571405,440649,190908,30794,22762,10141,7988,6617,7897,5025,4873
2021-06-07,3459,2021,1589,1429,1429,1431,1526,1818,2731,5184,12053,31051,54101,123893,143183,251099,427291,448131,493981,528375,577598,614753,642405,659002,654045,604928,549468,488397,484857,484125,482297,476165,478426,478013,526951,581911,584075,542707,403049,169098,29750,23178,11233,8577,7139,1813,217,171
2021-06-08,1389,898,744,696,945,1917,2142,2770,3705,7719,16280,42661,85092,215133,310132,644312,848169,781313,724196,713925,745825,759091,773731,791334,820367,778656,728391,634831,612097,586004,555197,528132,517359,507202,576478,641434,671820,633556,493282,227377,42441,28086,13528,10645,8692,9605,7092,6185
2021-06-09,4286,2710,2190,1951,2062,2087,2319,2850,3891,7692,16744,44596,91894,229084,327554,660325,854059,769759,697841,688824,710978,726380,738968,751473,779882,749445,710543,620325,596717,569379,545504,521079,515115,511460,592035,662879,684817,628066,464520,205182,40802,27572,13490,10600,8675,9357,6956,6381
2021-06-10,4156,2707,2292,1889,2031,2169,2220,2862,3881,7773,16741,44255,92697,233129,328555,669054,867107,782996,711482,691006,698756,698881,713064,738443,772022,734303,681992,590381,568572,544997,518831,501302,492364,493144,570846,645882,675764,620625,447247,197477,40032,27089,12995,10462,8804,9579,6770,6070
2021-06-11,4115,2677,2180,1890,2014,2071,2294,2837,3808,7563,17186,44913,93047,224193,308845,622472,829169,759124,695164,682309,706727,717167,732449,749921,772091,730060,652177,550723,533354,541796,531456,517640,506746,502217,576161,651504,680713,634582,489888,225921,42341,27750,13542,10712,8681,9210,6796,6293
2021-06-12,4219,2693,2136,1940,1938,2171,2368,2868,3724,7462,16375,42988,87435,208408,257687,482885,674281,650097,649575,658783,700033,721717,743085,759544,764312,712534,673795,600992,569692,552770,525322,504638,507316,512165,570537,631669,640283,587596,440845,198071,37056,24717,11443,8731,7351,8477,5893,5411
2021-06-13,3639,2492,1893,1858,1774,1864,1988,2543,3267,6483,13159,34109,68667,157468,192210,337663,527577,536353,561897,596699,643524,666861,684250,691438,678332,636819,588459,526578,511945,499974,495870,493240,488480,491269,545421,609897,620688,562163,396761,162103,31440,22717,10335,8006,6101,7946,5165,5058
2021-06-14,3445,2034,1685,1568,1547,1504,1776,2282,3117,7196,16554,43721,90510,232375,328683,676430,865838,785292,711704,698318,724974,739815,754397,771235,800975,765167,724519,632431,610591,583001,552920,523918,511297,499274,545992,616687,659162,618162,463607,210845,41826,27816,13165,10774,8969,9525,7121,6384
2021-06-15,4163,2589,2156,1793,1858,2081,2267,2715,3782,7978,18066,46426,95778,243264,344747,706571,898618,809072,726397,702711,730174,737542,757895,763539,787722,747392,707965,614630,590228,563384,536947,514461,502739,501002,570098,649842,683640,633112,474001,211038,42383,27394,13175,10899,9038,9637,7080,6396
2021-06-16,4078,2714,2212,1972,1931,2128,2379,2897,3987,7967,18084,46187,96333,242591,341039,702494,898438,804287,726015,700253,718622,726024,738563,767184,797628,760614,715271,617427,593938,571552,548265,525711,515755,503789,568555,636958,672729,630196,460488,207917,42561,28375,13579,10954,9276,9683,7269,6527
2021-06-17,4160,2883,2359,2000,2033,2138,2318,2887,3846,7999,17967,47522,97089,245651,345929,705720,899485,805208,720502,694800,715821,723614,742108,762464,791887,749449,702570,606799,582130,558657,536052,516274,501187,476282,537429,610093,638144,599379,438191,198151,42615,27494,13274,10760,8892,9756,7297,6426
2021-06-18,4006,2749,2127,2065,2085,2137,2251,2940,4063,7651,17619,46920,96484,237018,327228,654482,856618,784792,708437,685900,708433,718228,733326,749552,779536,744145,673157,569669,551472,563233,551416,531603,521217,515630,579690,656811,693041,664513,508737,238229,45492,29193,14256,10743,9219,9719,7229,6351
2021-06-19,4282,2775,2206,2038,2166,2333,2481,2900,3764,7524,16752,44198,90838,220227,275374,519003,713992,681504,679961,689379,732388,752001,776449,792717,795672,744984,706358,628874,599577,576959,559308,546425,539240,531914,581654,644582,662018,594130,420950,177206,37673,25834,11675,8524,7499,8505,5842,5664
2021-06-20,3651,2483,2010,1675,1885,1835,2028,2411,3347,6189,13358,34270,69559,163480,199871,350175,537869,547709,577983,617423,663327,692266,716256,726682,700320,613798,539054,472874,475275,485784,491718,486106,489160,502333,562667,635619,649253,586584,425726,180468,33749,24587,11291,8653,6701,8462,5450,5226
2021-06-21,3363,2197,1778,1568,1591,1622,1853,2385,3245,7039,16800,44603,91831,235735,329329,693671,876756,795462,723057,704422,728604,742130,763818,781800,810576,760404,712463,624130,608213,586563,561026,535366,523208,511703,578982,650659,689456,659856,512848,243840,46666,30491,14466,11037,9049,9971,7312,6652
2021-06-22,4124,2759,2195,1982,2126,2156,2254,2836,3633,7558,18134,47886,101043,253230,356168,735140,927515,829546,745924,715866,731866,738561,751939,768937,800317,760046,707080,612440,590551,567693,541937,520771,507187,500071,569236,645164,683469,651754,501492,234408,45233,29759,14409,11101,9142,10025,7103,6243
2021-06-23,4096,2753,2217,1973,2073,2170,2396,2951,3907,8012,19083,49142,103336,257917,362369,738178,933046,838584,752674,721576,734632,737795,750468,771212,802624,761637,716300,618509,595085,567226,544162,519508,509691,504879,576085,652642,692153,656392,497861,229072,45403,30096,14314,11618,9059,10203,7414,6580
2021-06-24,4314,2653,2340,2047,2179,2226,2484,2886,3801,7558,19270,49913,104107,258044,359715,734132,924721,826124,737240,707837,720023,729326,740720,762907,794419,752900,701432,603304,578138,554159,532431,514315,507412,496366,559675,629779,665932,636843,483575,227541,46258,29778,14352,10974,9364,10057,7337,6661
2021-06-25,4286,2669,2251,2054,2131,2083,2313,2880,3708,7830,18824,49096,102053,251381,346681,696337,895571,811770,730339,705285,726872,737635,751372,769168,794044,749426,665093,564615,549770,562335,547292,525344,512497,505287,574074,654550,690393,652766,499195,235463,45850,29881,14475,11304,9013,9811,6993,6433
2021-06-26,4268,2697,2325,2204,2374,2174,2368,2861,3753,7329,18268,45244,95611,230979,288729,542624,734225,699122,692178,698909,735426,752066,769543,778617,781256,732744,696495,616899,587779,573471,564364,550161,545279,540874,578576,628966,632746,584898,461753,218491,41495,27184,12735,9529,8091,9109,6107,5743
2021-06-27,3802,2629,2100,1747,1816,1870,2017,2290,3281,6142,14243,34995,71540,168473,208178,365916,549364,554490,573436,605900,651468,678039,699334,708973,700563,653149,601454,538340,521836,512984,504683,494570,492489,480174,497830,549866,582990,557875,418214,180869,34022,24149,11389,9002,7091,8759,5675,5328
2021-06-28,3519,2109,1774,1618,1663,1585,1800,2289,3213,6938,18224,46931,101805,255963,366152,740664,865524,806882,740478,720464,746204,758410,775345,796985,828353,792726,747072,651815,624919,597641,571828,546495,530740,514636,553566,603115,636440,612252,471616,258067,89649,60939,34928,18576,9637,9949,7151,6426
2021-06-29,4121,2680,2305,1986,2087,2051,2302,2722,3916,7853,20132,50842,112086,279134,404644,783812,894514,817082,726425,701891,724798,731890,755863,785269,830986,800615,751988,648064,619058,588020,559633,531917,525523,523267,586202,657013,689340,654685,507241,291694,109746,73060,42052,21117,10371,10104,7214,6366
2021-06-30,4070,2707,2215,2021,2059,2123,2295,2957,3961,8087,19779,50043,112024,278836,412679,804171,924870,856365,782393,757518,781242,787253,805267,828538,863625,827768,779133,679542,652849,626250,601486,580508,567270,558143,618120,694216,732130,712008,581948,353565,127303,83168,46570,23012,11118,10833,8022,7057
2021-07-01,4519,3003,2392,1999,2087,2107,2222,2870,4068,8014,20206,51268,111728,279066,417575,814870,934882,872125,791650,767326,792500,795686,815516,839252,875605,838925,790387,680559,655993,627918,590144,554646,540431,539004,601821,688197,722989,684372,553911,322532,120792,80040,44747,21933,10920,10659,7820,6935
2021-07-02,4343,2950,2542,2075,2139,2106,2433,3007,4123,8602,20449,52391,116374,280855,409530,780958,938623,893713,834128,810797,850106,865427,892226,909154,938967,903890,830878,717519,688874,692730,675734,658993,649583,640693,695391,766106,799262,766126,626311,374197,132111,85645,48078,23993,11656,11200,8211,6560
2021-07-03,4505,3073,2600,2247,2232,2222,2523,2975,4087,7663,18244,45199,96221,230395,304818,528858,674704,666252,674403,693000,736527,760719,783536,792296,792470,742446,705297,629990,593996,577229,565946,548724,538553,527894,569220,620289,630073,567958,425921,219300,74690,49802,27132,14239,7939,8558,6132,5754
2021-07-04,4026,2690,2359,2097,2112,2011,2049,2487,3716,6633,14746,35343,73538,170951,229055,385506,535089,559814,594114,634367,676073,701011,723902,732004,720341,671203,617563,544281,519336,503168,501594,494816,500640,505683,551410,616567,630214,568662,423362,224589,73753,50155,27147,14210,7728,8524,5726,5336
2021-07-05,3868,2287,2014,1804,1682,1661,1881,2421,3459,7127,17222,43319,93581,238450,356284,713330,859575,805611,747466,741798,777203,791924,807397,823156,845001,796649,732256,637391,629108,612251,586797,557353,545247,537195,600612,665015,687510,641090,491915,261463,86720,55262,29852,16754,9466,9787,6977,6381
2021-07-06,4418,2875,2555,2194,2196,2109,2424,2941,4217,7776,18523,47362,102881,256931,382807,748534,894207,828281,766136,753523,783223,795836,800279,799841,830940,797214,747317,658252,635496,611434,582102,560261,548420,537379,601737,667144,693773,641823,487693,261143,87286,54525,30000,16592,9259,10492,7146,6438
2021-07-07,4333,3078,2439,2135,2143,2186,2477,3090,4125,7949,19092,48306,105408,258010,384300,749280,896769,831387,768262,753608,778813,788285,806101,827195,858622,822240,772878,679410,651385,623193,594412,569310,557454,550742,613588,681639,704391,653398,507148,277713,92021,58271,32081,17248,9931,10614,7387,6575
2021-07-08,4607,2861,2520,2349,2228,2176,2323,3006,4133,7888,18674,49435,106999,264192,398070,777338,916598,844861,775117,757171,786034,797478,814748,835746,863711,827157,780141,684224,653520,625510,593565,572193,540594,521159,575439,643628,668176,608873,450075,243566,88304,57283,31490,17144,10141,11380,8325,6682
2021-07-09,4388,2812,2538,2263,2200,2272,2456,3008,4239,8156,19219,53346,106593,254403,377018,724969,872460,819179,760558,754506,785277,799784,812558,826683,856887,825824,746412,619323,597742,591088,577009,556654,545737,547722,602127,662513,683295,643374,496712,264035,86536,58299,30768,16537,9296,10220,7553,6357
2021-07-10,4634,2844,2559,2331,2150,2317,2497,2920,4077,7840,17683,47405,95075,220756,305132,545166,685969,672854,684718,704501,745224,765261,787714,800669,806782,757692,720744,643342,611594,592418,575359,544374,515226,499322,529478,586826,610252,587771,474842,265410,86596,59435,30783,15222,8256,8969,6898,5816
2021-07-11,3836,2522,2125,1876,1821,1992,2133,2578,3626,6798,15020,39944,75776,162079,218636,382793,520235,541595,576246,611817,678019,709227,726096,722796,706687,653046,602300,543056,529593,524979,516082,496741,490111,490872,514149,564273,574342,547731,421129,218382,67562,48508,25049,13702,7423,8713,5878,5387
2021-07-12,3473,2108,1872,1619,1665,1836,1839,2425,3416,7105,18141,47900,100871,240764,358927,727803,857883,801501,745389,735180,770378,783922,806135,825489,859827,825792,788861,695072,670349,639798,606058,575345,557990,540665,568465,622220,654550,623677,485395,274825,89208,60842,31603,17171,9950,11028,7966,6433
2021-07-13,4439,2784,2634,2246,2206,2338,2456,3071,4300,8419,21061,54004,109302,258020,381660,755851,893684,826408,761908,741448,762330,773295,785904,793277,821624,790008,750849,663738,638190,601964,569567,537512,518591,516386,562834,619677,642925,604904,469514,255028,86299,58291,30184,16792,9823,11030,7851,6584
2021-07-14,4213,2868,2659,2291,2306,2347,2480,3141,4240,8631,20841,54574,112022,262972,393292,777669,930238,860744,796801,777384,804793,819421,836739,856477,892477,859241,818188,717810,688999,658941,627735,599497,582909,571832,622549,685251,700740,649153,500279,275007,97965,64500,33433,17591,10435,11131,8132,6699
2021-07-15,4386,2806,2606,2218,2177,2255,2381,3064,4209,8194,20517,53892,110411,260972,396498,784608,921940,850493,786406,770994,802632,818478,838512,854526,885120,845407,798901,699698,672030,644161,611849,591592,578416,571348,620059,684791,714924,690456,563077,324154,109120,71163,36521,19157,10699,11625,8404,7139
2021-07-16,4538,2947,2789,2438,2313,2368,2578,3281,4454,8678,21537,56557,116074,268585,402029,769936,904562,843319,787568,779972,813005,822331,834711,850106,880791,850653,770920,643151,626578,635852,619077,595994,580753,570209,616287,682653,713683,693296,568982,340434,118737,78760,40409,20957,11265,11341,8122,7016
2021-07-17,4775,3139,2635,2417,2454,2991,2967,3445,4802,8666,20510,53816,110638,252728,344424,620977,739955,728908,745178,765580,816513,839899,869836,885330,893683,838914,797649,713323,679571,662888,649455,631744,622033,614019,643414,699304,725484,703484,585924,360810,130419,87638,46491,21770,9940,10312,7079,6265
2021-07-18,4565,2827,2469,2289,2239,2246,2521,3029,4003,7457,17519,44657,90550,191760,263846,445485,575878,609151,659688,716393,777886,807125,833674,837005,823744,771369,718935,642638,620435,608306,597567,584860,575585,577466,604089,671632,701954,679295,551647,327943,118234,83462,43526,20984,8871,9851,6601,5781
2021-07-19,3899,2759,2329,2076,2083,2059,2229,2933,4114,7898,19780,54887,113582,263082,392114,771100,903350,873271,851411,849264,894518,916020,938418,951978,980368,934475,888695,786869,756583,726517,702747,678861,666363,655297,699073,769830,807238,777526,631087,364670,127583,91849,47410,23709,10588,9970,7117,5776
2021-07-20,3923,2572,2105,1847,1580,1473,1625,1970,3032,5803,13104,39431,75010,144457,187112,332884,413310,388555,434189,472858,505907,530708,552365,564382,570506,542857,514293,476486,457139,449076,438022,425241,419543,421949,438807,485546,517137,519758,448550,284332,95105,69884,35413,16986,8894,9296,6090,5310
2021-07-21,3706,2446,1937,1623,1522,1622,1868,2360,3480,7632,19862,53596,112709,254340,367155,729867,825354,785124,736785,728091,766427,782527,803920,823487,863306,821063,778818,682608,652130,629276,603028,576563,557747,549556,587621,646615,679693,660822,553651,343174,128557,87809,46617,22730,10954,11247,7998,6714
2021-07-22,4615,3002,2528,2316,2167,2235,2528,3042,4140,8262,21144,55659,118582,271386,400183,793596,898464,852845,799637,787344,823784,839650,856923,874153,903450,858589,806399,703615,671505,644679,617009,588751,566881,555697,597652,662813,699834,688560,572651,356725,135796,90263,49171,24211,11862,11789,8730,6932
2021-07-23,4974,3439,2960,2571,2576,2716,2813,3550,4755,9421,23702,63390,136232,307269,456565,880044,987889,921749,861118,842974,879046,891382,900765,915311,951014,920272,842909,698650,682284,693693,670757,643968,623987,611592,658776,721174,755414,732160,598121,363725,147355,99177,54982,27612,13523,12731,9424,7530
2021-07-24,5236,3528,3056,2975,2649,2786,3058,3577,4815,8871,22432,59715,128427,282610,386235,690653,777553,750843,764120,778613,827331,850434,879829,897292,912317,855439,813866,728009,689730,669125,654734,632548,620872,614720,646139,701864,735196,714560,596079,368530,152764,103240,55889,26388,12123,11692,8312,6907
2021-07-25,4822,3300,2717,2556,2364,2521,2492,3012,4151,7487,18436,46659,99589,210569,278835,470431,573829,599439,642199,691211,746916,773776,797607,808496,794297,739685,689732,622327,604144,592294,578729,565255,554360,556007,588549,652735,678833,667610,553947,340065,135164,94539,50554,24473,10543,11324,7374,6465
2021-07-26,4530,3137,2507,2236,2208,2289,2340,2942,4138,8593,22582,60065,131044,306390,461395,929485,1021015,938752,858877,824754,841038,840998,871234,896194,939905,902057,866761,761666,734527,695281,660851,625572,604918,593969,649191,718807,750782,713388,576580,357349,152688,102452,55713,27815,13521,12907,9459,7678
2021-07-27,5080,3577,3106,2662,2726,2863,2846,3592,4763,9154,23778,62854,138112,318908,484869,951734,1039596,939755,854866,831040,857899,857499,875878,900371,942237,905320,865441,754296,721888,686145,660756,627835,606672,594442,651555,721678,754486,734551,604564,381504,162288,108984,59179,28989,13285,13243,9606,7389
2021-07-28,4711,3261,3009,2611,2497,2609,2624,3240,4486,8758,21192,55647,125325,295153,454186,901972,988244,901191,830126,807463,834407,839505,849175,866822,907521,865418,820062,710077,681439,649651,617502,586155,568576,557953,613073,681772,718562,701849,587349,375262,154163,103048,56805,27189,12359,11806,8461,6980
2021-07-29,4633,3118,2807,2653,2355,2365,2511,3073,4067,8146,20571,48854,119328,282417,425586,855065,954471,879844,808923,778008,797190,811207,833020,855400,899603,857416,819973,713917,679475,651448,621756,593623,577769,566429,616089,680670,700800,670902,544291,336477,142413,94221,56892,27843,12363,11588,8417,6876
2021-07-30,4514,3138,2757,2532,2444,2453,2630,3072,4379,8065,20243,53449,119228,275673,406373,802799,897503,829571,776710,762176,793970,798147,804624,804540,835141,811633,740978,632509,631592,646843,631828,610361,594297,586108,634256,695353,716511,684350,546506,335512,153875,108346,60005,28398,12467,11333,8420,6892
2021-07-31,4509,3139,2759,2575,2448,2555,2747,3169,4327,8093,19775,51307,112126,253948,350748,642526,727932,708162,719519,736403,785619,812980,843983,872095,891611,843258,807568,726459,690535,672626,661115,639423,626320,615642,653324,707148,723400,700425,586021,372925,163451,116423,63547,28832,11592,10231,7691,6673
2021-08-01,4218,2859,2412,2205,1989,1882,2070,2671,3472,6369,15223,38492,83340,179074,243778,417336,522412,551583,601712,655080,721638,757345,787202,806558,803245,764379,716357,648806,624625,602953,586420,583364,580730,580853,609168,666182,682925,659734,539977,334093,140998,98044,53716,25000,10277,10131,6912,6131
